timestamp,service,cpu,memory,latency,requests,error_rate,failure
2026-06-01 00:00:00,payment,42.49,54.36,263.92,3389,2.96,0
2026-06-01 00:00:00,order,46.85,54.78,291.02,3021,0.0,0
2026-06-01 00:00:00,notification,40.49,46.84,315.9,2940,1.65,0
2026-06-01 00:03:00,payment,51.53,52.34,241.45,2994,3.45,0
2026-06-01 00:03:00,order,35.25,47.75,92.66,2657,2.3,0
2026-06-01 00:03:00,notification,49.99,51.96,347.42,3702,2.79,0
2026-06-01 00:06:00,payment,40.4,55.24,112.98,3160,3.02,0
2026-06-01 00:06:00,order,45.64,45.49,183.22,2611,0.84,0
2026-06-01 00:06:00,notification,30.01,48.77,305.12,3869,1.85,0
2026-06-01 00:09:00,payment,43.96,38.96,192.6,3798,1.73,0
2026-06-01 00:09:00,order,40.88,49.53,174.51,3015,4.78,0
2026-06-01 00:09:00,notification,48.71,52.26,368.79,3736,3.67,1
2026-06-01 00:12:00,payment,47.71,55.64,275.86,4231,1.27,0
2026-06-01 00:12:00,order,36.64,43.35,272.55,2319,0.52,0
2026-06-01 00:12:00,notification,38.67,62.73,199.08,4207,5.28,0
2026-06-01 00:15:00,order,40.54,49.9,67.68,2603,0.55,1
2026-06-01 00:15:00,notification,41.19,67.55,291.66,3293,2.42,0
2026-06-01 00:15:00,payment,51.49,56.14,179.7,2602,0.68,0
2026-06-01 00:18:00,notification,49.79,50.19,284.99,3249,3.16,0
2026-06-01 00:18:00,payment,29.53,57.01,212.38,2140,1.6,0
2026-06-01 00:18:00,order,45.31,34.07,261.45,3227,1.44,0
2026-06-01 00:21:00,notification,49.09,56.14,286.49,3694,2.61,0
2026-06-01 00:21:00,payment,34.21,52.37,259.22,2905,0.0,0
2026-06-01 00:21:00,order,40.14,44.52,179.19,2478,0.0,0
2026-06-01 00:24:00,notification,42.4,58.46,357.9,3854,1.42,0
2026-06-01 00:24:00,payment,30.31,57.04,201.38,3312,3.07,0
2026-06-01 00:24:00,order,35.52,46.23,48.31,2723,2.41,0
2026-06-01 00:27:00,notification,46.38,49.84,203.89,3023,1.98,0
2026-06-01 00:27:00,payment,36.15,50.03,302.5,3085,1.1,0
2026-06-01 00:27:00,order,38.87,60.12,294.9,2375,0.06,0
2026-06-01 00:30:00,notification,53.26,53.07,447.75,3286,2.07,0
2026-06-01 00:30:00,order,50.14,49.33,301.0,3511,0.46,0
2026-06-01 00:30:00,payment,36.19,47.84,150.39,3040,1.88,0
2026-06-01 00:33:00,order,45.25,46.21,247.64,2912,1.97,0
2026-06-01 00:33:00,notification,45.42,55.65,377.03,3829,3.89,0
2026-06-01 00:33:00,payment,34.51,53.12,231.06,2561,0.0,0
2026-06-01 00:36:00,order,45.26,45.35,228.92,2948,1.8,0
2026-06-01 00:36:00,notification,48.77,51.89,273.95,3917,3.1,0
2026-06-01 00:36:00,payment,42.18,52.48,272.79,3134,1.01,0
2026-06-01 00:39:00,order,41.41,55.96,150.43,2965,1.44,0
2026-06-01 00:39:00,notification,44.11,37.96,287.59,3096,1.63,0
2026-06-01 00:39:00,payment,34.67,48.73,344.22,2503,0.0,0
2026-06-01 00:42:00,order,56.31,44.91,218.68,3524,0.0,0
2026-06-01 00:42:00,notification,39.09,51.07,117.59,3522,3.72,0
2026-06-01 00:42:00,payment,43.55,52.52,335.53,3637,3.96,0
2026-06-01 00:45:00,notification,50.49,51.43,211.5,3141,0.94,0
2026-06-01 00:45:00,payment,57.61,50.17,351.15,2908,2.7,0
2026-06-01 00:45:00,order,42.75,57.06,217.17,2250,2.31,0
2026-06-01 00:48:00,payment,50.0,55.98,193.07,4003,3.0,1
2026-06-01 00:48:00,order,40.84,43.02,149.37,2205,0.0,0
2026-06-01 00:48:00,notification,37.52,50.2,104.09,3102,2.31,0
2026-06-01 00:51:00,payment,49.49,54.06,251.93,4177,2.54,0
2026-06-01 00:51:00,order,36.22,49.46,105.93,2526,0.0,0
2026-06-01 00:51:00,notification,38.49,50.68,284.38,3221,1.72,0
2026-06-01 00:54:00,payment,39.56,49.84,325.69,3311,2.51,0
2026-06-01 00:54:00,order,39.54,44.44,186.7,1857,1.31,0
2026-06-01 00:54:00,notification,47.61,41.97,143.55,2676,2.04,0
2026-06-01 00:57:00,order,19.95,42.61,177.08,1841,0.69,0
2026-06-01 00:57:00,notification,42.38,48.95,129.83,2664,0.0,0
2026-06-01 00:57:00,payment,38.77,50.84,174.69,2908,1.98,1
2026-06-01 01:00:00,notification,29.38,45.27,186.53,2462,0.89,0
2026-06-01 01:00:00,payment,40.77,55.88,373.34,3623,2.07,0
2026-06-01 01:00:00,order,42.62,48.97,203.71,1630,0.49,0
2026-06-01 01:03:00,notification,29.73,47.58,197.06,3264,1.57,0
2026-06-01 01:03:00,payment,46.67,56.69,311.44,4143,2.08,0
2026-06-01 01:03:00,order,31.12,52.51,262.21,2578,1.81,0
2026-06-01 01:06:00,notification,44.01,48.82,219.5,2722,2.45,0
2026-06-01 01:06:00,payment,50.27,45.55,207.12,3388,2.35,0
2026-06-01 01:06:00,order,36.73,46.87,248.37,1951,0.89,0
2026-06-01 01:09:00,notification,40.33,55.69,299.2,3187,2.01,0
2026-06-01 01:09:00,payment,53.83,47.61,256.82,4034,2.99,0
2026-06-01 01:09:00,order,40.45,54.29,245.32,3445,0.46,0
2026-06-01 01:12:00,payment,51.47,58.2,407.84,3287,5.7,0
2026-06-01 01:12:00,order,46.45,54.06,351.3,2452,2.59,1
2026-06-01 01:12:00,notification,45.03,55.72,380.4,3027,3.37,0
2026-06-01 01:15:00,order,51.18,59.23,423.09,4253,3.91,1
2026-06-01 01:15:00,notification,37.04,48.37,145.81,2385,0.77,0
2026-06-01 01:15:00,payment,41.92,45.42,356.66,2988,4.1,0
2026-06-01 01:18:00,order,52.9,47.85,340.67,3670,2.52,0
2026-06-01 01:18:00,notification,45.54,49.97,231.72,2795,0.49,0
2026-06-01 01:18:00,payment,45.55,54.23,250.02,3207,0.0,0
2026-06-01 01:21:00,order,50.0,35.37,264.02,2812,1.22,0
2026-06-01 01:21:00,notification,47.15,53.86,222.12,3190,3.88,0
2026-06-01 01:21:00,payment,44.97,60.84,289.02,2625,2.01,1
2026-06-01 01:24:00,order,53.71,39.32,206.53,3349,4.3,1
2026-06-01 01:24:00,notification,31.41,45.69,164.45,2591,0.0,0
2026-06-01 01:24:00,payment,46.52,61.56,256.13,4392,1.85,0
2026-06-01 01:27:00,order,47.93,52.01,258.51,3760,4.25,0
2026-06-01 01:27:00,payment,60.78,57.85,317.36,3631,4.04,1
2026-06-01 01:27:00,notification,31.93,42.67,51.46,2100,0.15,0
2026-06-01 01:30:00,payment,38.74,58.34,282.28,4002,2.28,0
2026-06-01 01:30:00,order,52.25,53.05,467.65,3798,2.21,0
2026-06-01 01:30:00,notification,46.0,52.09,96.26,2027,0.87,0
2026-06-01 01:33:00,payment,52.98,70.36,420.33,4018,4.42,1
2026-06-01 01:33:00,order,55.33,55.35,370.57,3450,1.31,0
2026-06-01 01:33:00,notification,39.84,52.77,127.5,2481,0.6,0
2026-06-01 01:36:00,payment,59.35,45.48,484.78,3337,0.48,1
2026-06-01 01:36:00,order,43.32,51.5,324.06,3916,4.07,0
2026-06-01 01:36:00,notification,39.78,35.27,122.49,1638,0.95,0
2026-06-01 01:39:00,payment,41.05,52.93,326.86,4284,0.96,0
2026-06-01 01:39:00,order,43.7,51.42,283.84,3950,3.97,0
2026-06-01 01:39:00,notification,53.43,44.89,100.69,2415,1.33,1
2026-06-01 01:42:00,order,46.26,50.84,433.55,3457,4.26,0
2026-06-01 01:42:00,notification,47.28,52.57,176.16,1844,3.93,0
2026-06-01 01:42:00,payment,43.29,57.22,222.35,2974,4.74,0
2026-06-01 01:45:00,notification,40.97,49.93,184.97,2140,1.02,0
2026-06-01 01:45:00,payment,45.41,52.5,227.8,3718,2.57,0
2026-06-01 01:45:00,order,47.45,58.23,308.45,2773,1.79,0
2026-06-01 01:48:00,notification,36.75,50.02,185.49,2965,2.21,0
2026-06-01 01:48:00,payment,49.8,62.55,364.92,4030,1.86,1
2026-06-01 01:48:00,order,36.65,55.76,312.9,4000,2.41,0
2026-06-01 01:51:00,notification,50.44,43.61,266.39,3118,1.64,0
2026-06-01 01:51:00,payment,40.5,55.25,291.18,3768,3.11,0
2026-06-01 01:51:00,order,62.06,68.0,468.58,4366,2.08,0
2026-06-01 01:54:00,notification,52.02,48.31,138.69,3184,0.0,0
2026-06-01 01:54:00,order,59.04,62.33,492.02,4526,4.95,0
2026-06-01 01:54:00,payment,50.85,53.74,302.03,3123,0.99,1
2026-06-01 01:57:00,order,65.51,54.91,503.08,3749,5.03,1
2026-06-01 01:57:00,notification,45.66,46.82,261.06,3161,0.39,0
2026-06-01 01:57:00,payment,48.94,49.73,153.03,3126,1.5,0
2026-06-01 02:00:00,order,44.3,53.31,428.3,4344,2.75,0
2026-06-01 02:00:00,notification,58.36,59.84,267.83,3195,0.0,0
2026-06-01 02:00:00,payment,49.84,50.06,320.63,3005,0.42,0
2026-06-01 02:03:00,order,51.36,60.49,359.6,4283,5.24,0
2026-06-01 02:03:00,notification,49.87,50.05,303.03,4000,1.08,0
2026-06-01 02:03:00,payment,43.38,51.47,246.49,3904,1.57,0
2026-06-01 02:06:00,order,47.19,57.85,370.29,3674,2.95,0
2026-06-01 02:06:00,notification,49.87,55.58,346.12,3477,2.45,0
2026-06-01 02:06:00,payment,50.15,56.43,331.35,3919,2.23,0
2026-06-01 02:09:00,notification,54.84,55.47,306.24,2883,3.32,0
2026-06-01 02:09:00,payment,41.96,49.27,268.23,3437,3.61,0
2026-06-01 02:09:00,order,53.8,56.7,343.51,3936,5.02,0
2026-06-01 02:12:00,payment,45.76,58.25,398.45,3261,2.9,0
2026-06-01 02:12:00,order,57.0,57.5,360.82,4550,4.53,1
2026-06-01 02:12:00,notification,48.9,51.4,143.42,3838,3.58,0
2026-06-01 02:15:00,payment,60.72,56.79,306.37,4336,3.12,0
2026-06-01 02:15:00,order,62.31,58.35,524.27,4681,5.29,0
2026-06-01 02:15:00,notification,50.29,51.56,242.06,2906,4.95,1
2026-06-01 02:18:00,payment,48.68,59.28,418.02,3005,2.38,0
2026-06-01 02:18:00,order,54.09,57.62,339.5,3954,2.06,0
2026-06-01 02:18:00,notification,34.47,46.78,312.29,3326,2.34,0
2026-06-01 02:21:00,payment,42.93,49.79,370.25,3119,3.81,0
2026-06-01 02:21:00,order,46.68,56.09,383.08,4075,1.87,0
2026-06-01 02:21:00,notification,50.32,51.89,327.83,3917,2.42,0
2026-06-01 02:24:00,payment,51.12,46.92,421.77,3702,1.77,0
2026-06-01 02:24:00,notification,46.87,53.66,280.76,3448,1.0,0
2026-06-01 02:24:00,order,62.44,49.32,333.01,3196,3.2,0
2026-06-01 02:27:00,notification,43.73,49.93,215.19,3860,0.98,0
2026-06-01 02:27:00,payment,43.1,56.39,346.17,3757,2.2,0
2026-06-01 02:27:00,order,49.22,57.3,359.74,3557,5.02,0
2026-06-01 02:30:00,notification,42.08,56.84,259.11,3074,2.55,1
2026-06-01 02:30:00,payment,43.42,70.4,367.91,4236,3.43,0
2026-06-01 02:30:00,order,45.71,57.54,319.95,4129,3.62,0
2026-06-01 02:33:00,notification,38.47,58.77,242.53,3138,3.77,0
2026-06-01 02:33:00,payment,44.44,62.3,421.73,4063,2.62,0
2026-06-01 02:33:00,order,42.78,58.29,410.51,4009,3.8,0
2026-06-01 02:36:00,notification,45.79,53.11,133.31,2903,2.97,1
2026-06-01 02:36:00,payment,48.98,54.01,421.66,3919,3.16,0
2026-06-01 02:36:00,order,57.62,57.92,447.82,5179,6.43,0
2026-06-01 02:39:00,payment,52.65,55.0,315.02,3611,2.01,0
2026-06-01 02:39:00,order,57.39,61.48,456.87,4190,3.3,0
2026-06-01 02:39:00,notification,32.47,54.27,100.04,2519,0.34,0
2026-06-01 02:42:00,order,46.57,64.89,374.89,3631,2.65,0
2026-06-01 02:42:00,notification,29.27,43.9,157.38,3290,0.0,0
2026-06-01 02:42:00,payment,49.54,55.7,247.93,3500,3.54,0
2026-06-01 02:45:00,order,57.28,56.13,391.53,3483,3.65,0
2026-06-01 02:45:00,notification,36.83,43.96,108.24,2710,0.0,0
2026-06-01 02:45:00,payment,48.0,44.2,239.52,4019,3.4,0
2026-06-01 02:48:00,order,52.69,54.09,423.0,4280,3.75,0
2026-06-01 02:48:00,notification,45.55,40.57,160.51,1689,0.75,0
2026-06-01 02:48:00,payment,36.81,56.65,296.25,3122,0.85,0
2026-06-01 02:51:00,notification,33.17,44.42,222.23,2075,3.07,0
2026-06-01 02:51:00,payment,39.87,48.72,304.74,2716,0.0,0
2026-06-01 02:51:00,order,43.11,60.88,373.68,3891,2.18,0
2026-06-01 02:54:00,payment,49.11,52.8,255.0,3538,1.44,0
2026-06-01 02:54:00,order,57.65,52.83,306.85,4517,3.89,0
2026-06-01 02:54:00,notification,33.18,38.08,52.94,2404,0.0,0
2026-06-01 02:57:00,payment,41.28,51.31,207.18,2150,0.78,0
2026-06-01 02:57:00,order,49.68,50.07,296.17,3651,1.02,0
2026-06-01 02:57:00,notification,31.57,35.99,108.14,983,0.0,0
2026-06-01 03:00:00,payment,46.09,59.21,241.12,3476,3.34,0
2026-06-01 03:00:00,order,43.4,52.27,401.79,3844,2.48,0
2026-06-01 03:00:00,notification,47.81,27.12,65.65,1537,0.16,0
2026-06-01 03:03:00,payment,45.82,45.83,274.57,3432,2.67,0
2026-06-01 03:03:00,order,54.42,55.82,316.38,3454,2.34,0
2026-06-01 03:03:00,notification,41.75,45.93,183.5,2660,0.37,0
2026-06-01 03:06:00,order,52.07,47.98,291.15,3450,2.06,0
2026-06-01 03:06:00,notification,33.31,50.23,194.77,2446,0.87,0
2026-06-01 03:06:00,payment,40.69,40.75,163.76,3194,0.27,0
2026-06-01 03:09:00,notification,37.38,51.12,108.15,2293,0.0,0
2026-06-01 03:09:00,payment,45.11,51.72,281.99,3178,0.75,0
2026-06-01 03:09:00,order,39.34,52.1,287.79,3615,0.0,0
2026-06-01 03:12:00,notification,34.54,50.16,235.01,2859,0.0,0
2026-06-01 03:12:00,payment,55.25,41.52,294.38,3526,0.19,0
2026-06-01 03:12:00,order,44.65,39.32,328.2,2972,1.65,0
2026-06-01 03:15:00,notification,53.18,52.75,251.87,3739,0.89,0
2026-06-01 03:15:00,payment,46.63,51.9,261.05,3920,2.49,1
2026-06-01 03:15:00,order,45.89,53.96,121.58,3420,2.85,0
2026-06-01 03:18:00,notification,34.76,48.77,218.8,2708,1.97,0
2026-06-01 03:18:00,order,48.19,61.4,302.34,2900,4.2,0
2026-06-01 03:18:00,payment,56.64,60.95,421.17,4253,2.66,0
2026-06-01 03:21:00,order,45.34,49.51,308.84,3728,4.22,0
2026-06-01 03:21:00,notification,39.88,43.91,300.01,2783,1.25,0
2026-06-01 03:21:00,payment,51.57,56.77,215.42,3717,3.38,0
2026-06-01 03:24:00,order,49.73,58.13,346.14,3807,2.97,0
2026-06-01 03:24:00,notification,50.73,46.13,167.72,3925,2.13,0
2026-06-01 03:24:00,payment,37.97,57.87,378.49,3256,2.76,0
2026-06-01 03:27:00,order,56.07,54.72,391.77,3673,5.88,1
2026-06-01 03:27:00,notification,55.71,50.07,365.62,3651,1.14,0
2026-06-01 03:27:00,payment,42.38,57.63,336.13,2696,3.32,0
2026-06-01 03:30:00,order,49.68,53.57,335.9,2475,1.33,0
2026-06-01 03:30:00,notification,42.52,38.3,212.96,2822,2.45,0
2026-06-01 03:30:00,payment,43.16,65.88,177.84,3923,0.57,0
2026-06-01 03:33:00,notification,39.76,50.95,269.56,2830,1.66,0
2026-06-01 03:33:00,payment,39.51,47.9,341.15,3359,1.04,0
2026-06-01 03:33:00,order,40.81,56.17,369.26,3319,2.48,0
2026-06-01 03:36:00,payment,41.48,50.62,267.73,2932,2.54,0
2026-06-01 03:36:00,order,32.39,49.85,153.51,3310,1.91,0
2026-06-01 03:36:00,notification,44.36,52.52,194.74,3439,1.9,0
2026-06-01 03:39:00,payment,44.05,45.04,163.22,2417,0.54,0
2026-06-01 03:39:00,order,34.38,47.43,409.58,3390,2.93,0
2026-06-01 03:39:00,notification,43.57,52.23,121.26,3329,2.49,0
2026-06-01 03:42:00,payment,50.17,53.94,159.69,3324,0.0,0
2026-06-01 03:42:00,order,35.59,44.62,232.31,3220,2.42,0
2026-06-01 03:42:00,notification,55.63,54.06,243.01,3346,2.2,0
2026-06-01 03:45:00,order,43.81,59.48,310.72,3549,0.0,0
2026-06-01 03:45:00,notification,47.8,42.29,201.37,2884,1.16,0
2026-06-01 03:45:00,payment,45.52,49.72,137.5,2945,2.61,0
2026-06-01 03:48:00,notification,43.85,48.1,221.72,3202,1.03,0
2026-06-01 03:48:00,payment,43.3,60.57,410.97,3283,1.32,0
2026-06-01 03:48:00,order,46.0,45.9,387.72,3112,1.38,0
2026-06-01 03:51:00,notification,48.63,46.41,276.64,4104,3.65,1
2026-06-01 03:51:00,payment,32.54,48.53,196.17,3173,3.13,0
2026-06-01 03:51:00,order,54.72,59.62,417.71,3870,4.98,1
2026-06-01 03:54:00,notification,51.36,48.92,304.42,3533,4.28,0
2026-06-01 03:54:00,payment,46.19,58.84,187.03,3454,1.96,0
2026-06-01 03:54:00,order,53.82,58.47,494.45,3320,2.7,0
2026-06-01 03:57:00,notification,42.38,50.2,313.89,4190,3.79,0
2026-06-01 03:57:00,payment,47.77,56.33,309.01,3014,1.99,0
2026-06-01 03:57:00,order,50.73,56.02,336.72,3891,2.88,1
2026-06-01 04:00:00,payment,47.86,52.48,180.5,3607,3.79,0
2026-06-01 04:00:00,order,52.88,55.34,376.58,4064,2.46,0
2026-06-01 04:00:00,notification,47.75,41.36,325.15,3402,3.41,0
2026-06-01 04:03:00,order,39.04,52.77,346.28,3597,3.19,0
2026-06-01 04:03:00,notification,47.34,56.47,265.8,3226,0.99,0
2026-06-01 04:03:00,payment,60.68,56.44,241.37,3231,0.84,0
2026-06-01 04:06:00,order,48.68,55.84,236.88,3069,3.18,1
2026-06-01 04:06:00,notification,39.59,59.15,347.92,2974,1.9,0
2026-06-01 04:06:00,payment,53.67,53.5,329.86,3050,3.78,0
2026-06-01 04:09:00,order,47.69,61.69,392.82,3279,3.5,0
2026-06-01 04:09:00,notification,45.48,50.04,341.28,3353,2.03,1
2026-06-01 04:09:00,payment,50.19,53.34,286.21,3597,1.16,0
2026-06-01 04:12:00,order,41.61,53.93,356.62,3588,3.39,0
2026-06-01 04:12:00,notification,46.67,51.86,254.19,4173,2.31,0
2026-06-01 04:12:00,payment,39.03,49.95,224.9,2772,2.01,0
2026-06-01 04:15:00,order,54.9,46.66,331.76,3218,1.72,0
2026-06-01 04:15:00,payment,39.04,45.21,211.75,3235,1.62,0
2026-06-01 04:15:00,notification,46.57,59.21,357.17,3725,1.73,0
2026-06-01 04:18:00,payment,43.65,48.82,213.05,3149,1.21,0
2026-06-01 04:18:00,order,51.75,54.26,241.99,3779,3.4,0
2026-06-01 04:18:00,notification,63.22,56.7,367.67,3364,3.66,0
2026-06-01 04:21:00,payment,38.88,41.5,226.1,2375,0.71,0
2026-06-01 04:21:00,order,47.81,52.55,342.61,3479,3.7,1
2026-06-01 04:21:00,notification,53.26,60.84,342.06,3677,3.96,1
2026-06-01 04:24:00,payment,47.22,54.7,193.82,3653,1.28,0
2026-06-01 04:24:00,order,28.97,51.87,311.99,2959,2.16,0
2026-06-01 04:24:00,notification,53.67,51.65,392.25,4837,2.06,0
2026-06-01 04:27:00,payment,48.17,45.85,232.09,3426,0.81,0
2026-06-01 04:27:00,order,44.58,35.94,194.6,3319,2.56,0
2026-06-01 04:27:00,notification,55.52,59.77,383.07,3564,2.27,0
2026-06-01 04:30:00,order,43.53,50.38,231.12,2846,1.71,0
2026-06-01 04:30:00,notification,51.3,58.79,399.94,4019,3.42,1
2026-06-01 04:30:00,payment,40.96,52.17,254.1,3617,4.65,0
2026-06-01 04:33:00,notification,50.94,56.18,333.62,4477,3.62,0
2026-06-01 04:33:00,payment,56.49,58.04,279.14,4059,2.08,1
2026-06-01 04:33:00,order,47.75,49.33,349.58,3956,1.75,0
2026-06-01 04:36:00,notification,57.93,54.29,176.82,3498,1.86,0
2026-06-01 04:36:00,payment,49.49,58.63,377.63,4209,3.96,1
2026-06-01 04:36:00,order,26.34,56.59,313.36,3042,1.13,0
2026-06-01 04:39:00,notification,60.64,46.15,338.17,2958,2.93,0
2026-06-01 04:39:00,payment,37.31,44.55,340.34,3561,3.56,0
2026-06-01 04:39:00,order,44.22,50.6,249.94,2847,4.72,0
2026-06-01 04:42:00,payment,47.27,52.87,236.33,3716,2.75,0
2026-06-01 04:42:00,order,37.11,56.09,225.05,2944,0.72,0
2026-06-01 04:42:00,notification,52.54,51.54,258.78,2926,0.64,0
2026-06-01 04:45:00,order,57.69,47.77,367.59,4192,2.78,0
2026-06-01 04:45:00,notification,47.77,54.2,326.89,3182,3.27,0
2026-06-01 04:45:00,payment,45.0,52.03,155.07,3159,1.42,0
2026-06-01 04:48:00,order,38.45,51.31,282.42,2897,1.44,0
2026-06-01 04:48:00,notification,51.67,52.92,156.48,3113,2.23,0
2026-06-01 04:48:00,payment,46.17,47.46,179.13,2552,1.42,0
2026-06-01 04:51:00,order,53.26,45.78,307.29,2556,0.15,0
2026-06-01 04:51:00,notification,44.01,50.17,344.26,4181,2.05,0
2026-06-01 04:51:00,payment,36.11,52.06,293.7,1819,1.63,0
2026-06-01 04:54:00,order,51.17,49.09,280.04,3376,2.99,0
2026-06-01 04:54:00,notification,50.96,62.6,382.62,4089,3.45,0
2026-06-01 04:54:00,payment,42.09,40.38,92.72,2429,0.96,0
2026-06-01 04:57:00,notification,39.97,59.08,327.28,3907,3.46,0
2026-06-01 04:57:00,payment,41.03,36.6,173.96,3195,0.0,0
2026-06-01 04:57:00,order,47.27,65.56,306.44,3140,2.61,1
2026-06-01 05:00:00,payment,31.0,50.04,177.72,2768,0.0,0
2026-06-01 05:00:00,order,53.19,47.57,293.39,3570,2.38,0
2026-06-01 05:00:00,notification,50.01,51.55,296.05,2858,1.89,0
2026-06-01 05:03:00,payment,30.93,43.75,171.62,2164,2.89,0
2026-06-01 05:03:00,order,39.75,49.64,315.21,2968,1.17,0
2026-06-01 05:03:00,notification,52.91,51.3,148.37,2885,0.79,1
2026-06-01 05:06:00,payment,50.98,41.72,212.35,3549,0.0,0
2026-06-01 05:06:00,order,42.77,47.43,333.43,3077,2.95,0
2026-06-01 05:06:00,notification,35.44,39.72,150.71,3301,1.91,0
2026-06-01 05:09:00,payment,51.22,49.56,306.37,2965,1.93,0
2026-06-01 05:09:00,order,50.0,49.17,227.67,3798,1.45,1
2026-06-01 05:09:00,notification,56.46,46.33,244.59,2585,2.08,0
2026-06-01 05:12:00,payment,48.68,58.78,305.67,2543,1.87,0
2026-06-01 05:12:00,notification,53.36,52.73,310.23,4425,3.09,0
2026-06-01 05:12:00,order,39.17,50.24,236.89,2838,2.4,0
2026-06-01 05:15:00,notification,44.65,49.51,257.3,4118,3.63,0
2026-06-01 05:15:00,payment,53.68,44.58,297.36,3567,2.0,0
2026-06-01 05:15:00,order,38.65,48.84,295.65,3031,3.85,0
2026-06-01 05:18:00,notification,51.33,60.24,333.8,3876,2.55,1
2026-06-01 05:18:00,payment,51.21,62.73,284.56,2800,0.46,0
2026-06-01 05:18:00,order,44.24,60.02,275.82,3502,0.0,0
2026-06-01 05:21:00,notification,63.94,56.25,451.6,3989,5.18,1
2026-06-01 05:21:00,payment,47.2,45.36,277.42,3700,1.98,1
2026-06-01 05:21:00,order,41.39,58.35,356.24,2258,3.35,0
2026-06-01 05:24:00,notification,60.29,51.76,404.59,3508,2.78,0
2026-06-01 05:24:00,payment,37.73,50.06,320.16,3457,1.82,0
2026-06-01 05:24:00,order,58.87,48.69,306.75,3774,5.18,0
2026-06-01 05:27:00,payment,56.75,46.21,352.06,3247,5.4,0
2026-06-01 05:27:00,order,48.06,53.89,142.6,3736,3.67,0
2026-06-01 05:27:00,notification,57.88,65.93,348.62,4067,2.12,1
2026-06-01 05:30:00,order,36.58,44.55,114.17,3003,2.08,0
2026-06-01 05:30:00,notification,50.64,67.04,408.87,4648,4.55,1
2026-06-01 05:30:00,payment,45.6,49.15,353.66,3094,1.61,0
2026-06-01 05:33:00,order,35.86,42.35,193.04,2438,2.85,0
2026-06-01 05:33:00,notification,45.43,59.95,334.02,3992,3.57,1
2026-06-01 05:33:00,payment,42.33,50.18,318.82,4123,3.41,0
2026-06-01 05:36:00,order,43.54,44.61,246.14,2526,0.31,0
2026-06-01 05:36:00,notification,48.37,44.3,331.67,3813,2.28,0
2026-06-01 05:36:00,payment,42.06,44.61,227.42,3707,0.24,0
2026-06-01 05:39:00,order,48.5,41.81,157.66,2827,1.6,0
2026-06-01 05:39:00,payment,46.67,65.4,303.92,3301,3.1,0
2026-06-01 05:39:00,notification,51.62,63.52,370.9,4094,2.98,0
2026-06-01 05:42:00,payment,32.11,46.25,253.54,4039,1.69,0
2026-06-01 05:42:00,order,45.93,55.17,278.06,3250,1.54,0
2026-06-01 05:42:00,notification,53.03,66.23,370.14,4266,3.49,1
2026-06-01 05:45:00,payment,47.75,47.46,345.28,3083,1.95,0
2026-06-01 05:45:00,order,36.83,44.68,170.09,3572,0.91,0
2026-06-01 05:45:00,notification,48.77,48.79,488.04,4193,3.12,0
2026-06-01 05:48:00,payment,37.49,54.48,167.25,3232,1.91,0
2026-06-01 05:48:00,order,28.82,51.2,167.04,3006,2.06,0
2026-06-01 05:48:00,notification,45.99,45.79,461.04,4563,1.79,1
2026-06-01 05:51:00,payment,47.14,60.15,283.29,2808,3.89,0
2026-06-01 05:51:00,order,41.45,50.77,257.24,2968,1.41,0
2026-06-01 05:51:00,notification,58.39,56.1,455.23,4403,2.86,0
2026-06-01 05:54:00,order,49.8,51.59,229.27,3292,0.15,0
2026-06-01 05:54:00,notification,47.38,58.57,429.74,3961,2.99,1
2026-06-01 05:54:00,payment,42.7,57.49,223.01,2612,2.3,0
2026-06-01 05:57:00,notification,58.76,65.84,428.52,3834,1.86,0
2026-06-01 05:57:00,payment,49.15,50.0,380.28,3695,2.03,0
2026-06-01 05:57:00,order,48.62,54.1,387.11,3573,3.66,1
2026-06-01 06:00:00,notification,55.44,52.09,465.34,4841,2.08,0
2026-06-01 06:00:00,payment,45.59,56.57,325.17,3760,2.1,0
2026-06-01 06:00:00,order,54.49,62.83,404.22,3821,2.45,1
2026-06-01 06:03:00,notification,52.51,67.06,459.59,4098,1.59,0
2026-06-01 06:03:00,payment,46.64,43.95,321.49,3604,3.3,0
2026-06-01 06:03:00,order,51.79,54.27,298.61,4014,3.35,0
2026-06-01 06:06:00,notification,42.23,46.42,335.41,3696,4.07,0
2026-06-01 06:06:00,payment,59.93,58.7,225.25,3011,3.05,0
2026-06-01 06:06:00,order,47.12,49.22,266.36,3294,1.48,0
2026-06-01 06:09:00,notification,47.8,55.82,295.68,3458,4.22,0
2026-06-01 06:09:00,order,49.41,56.58,287.58,3339,0.02,0
2026-06-01 06:09:00,payment,57.87,46.83,374.87,3947,0.87,0
2026-06-01 06:12:00,order,37.87,55.1,275.23,4167,0.89,0
2026-06-01 06:12:00,notification,43.27,50.95,338.66,3196,2.17,0
2026-06-01 06:12:00,payment,55.48,54.21,415.0,3760,4.21,0
2026-06-01 06:15:00,order,41.2,45.53,240.55,3377,0.62,0
2026-06-01 06:15:00,notification,36.17,55.43,120.9,3092,1.28,0
2026-06-01 06:15:00,payment,55.09,59.8,453.21,4538,2.8,1
2026-06-01 06:18:00,order,40.36,52.54,272.94,2543,0.9,0
2026-06-01 06:18:00,notification,45.42,54.55,303.34,3463,3.54,0
2026-06-01 06:18:00,payment,60.68,62.36,569.66,4709,4.73,1
2026-06-01 06:21:00,order,49.0,43.54,183.5,3360,1.47,0
2026-06-01 06:21:00,notification,39.84,50.84,193.9,3054,0.54,1
2026-06-01 06:21:00,payment,65.61,61.55,507.68,4523,4.2,1
2026-06-01 06:24:00,notification,35.52,54.54,237.53,3545,2.21,0
2026-06-01 06:24:00,payment,49.7,66.94,452.01,3849,3.6,1
2026-06-01 06:24:00,order,45.78,56.85,400.29,4019,4.12,0
2026-06-01 06:27:00,payment,52.14,61.2,392.77,4628,2.75,0
2026-06-01 06:27:00,order,52.64,58.78,313.04,3854,1.64,0
2026-06-01 06:27:00,notification,51.48,48.85,232.55,2367,2.57,0
2026-06-01 06:30:00,payment,39.17,58.7,349.32,4091,4.65,0
2026-06-01 06:30:00,order,44.52,53.82,281.39,3751,3.0,0
2026-06-01 06:30:00,notification,38.68,51.03,326.68,3488,1.64,0
2026-06-01 06:33:00,payment,56.13,48.73,457.61,3726,3.16,0
2026-06-01 06:33:00,order,45.39,43.44,248.51,2714,0.0,0
2026-06-01 06:33:00,notification,49.29,45.75,300.68,2953,0.0,0
2026-06-01 06:36:00,order,41.63,50.68,338.11,3208,2.1,0
2026-06-01 06:36:00,notification,62.82,58.28,319.61,4094,3.95,0
2026-06-01 06:36:00,payment,58.63,60.7,274.21,3913,3.58,0
2026-06-01 06:39:00,notification,52.01,67.74,405.13,3820,4.11,0
2026-06-01 06:39:00,payment,49.3,50.37,279.8,3636,6.03,0
2026-06-01 06:39:00,order,51.12,55.28,253.63,3275,2.43,0
2026-06-01 06:42:00,notification,60.65,64.29,471.28,4364,4.01,0
2026-06-01 06:42:00,payment,36.04,63.05,425.63,3352,2.61,1
2026-06-01 06:42:00,order,43.23,61.34,347.85,3962,2.37,0
2026-06-01 06:45:00,notification,50.52,58.98,362.86,4209,1.68,0
2026-06-01 06:45:00,payment,49.19,61.72,240.84,2849,3.74,0
2026-06-01 06:45:00,order,44.33,55.94,324.88,3201,3.58,0
2026-06-01 06:48:00,notification,56.21,57.88,447.63,4183,4.66,1
2026-06-01 06:48:00,payment,38.55,52.85,139.77,3039,0.85,0
2026-06-01 06:48:00,order,53.34,56.14,385.31,3985,3.68,0
2026-06-01 06:51:00,payment,42.15,57.27,224.03,3622,3.55,1
2026-06-01 06:51:00,order,56.2,59.42,441.57,3965,2.41,0
2026-06-01 06:51:00,notification,44.61,71.83,415.23,4009,4.53,1
2026-06-01 06:54:00,order,48.03,58.64,342.95,3518,0.67,1
2026-06-01 06:54:00,notification,58.65,60.44,444.05,4837,5.01,0
2026-06-01 06:54:00,payment,53.09,39.41,248.38,4214,1.69,0
2026-06-01 06:57:00,order,45.7,61.66,499.77,4001,4.89,0
2026-06-01 06:57:00,notification,56.1,52.19,300.22,3793,3.61,1
2026-06-01 06:57:00,payment,56.62,58.72,332.69,4288,4.03,0
2026-06-01 07:00:00,order,50.24,64.37,550.99,3689,6.54,1
2026-06-01 07:00:00,notification,71.88,64.48,548.2,4569,4.36,1
2026-06-01 07:00:00,payment,59.46,71.38,604.76,5549,7.03,0
2026-06-01 07:03:00,order,54.29,60.49,498.66,4083,3.89,1
2026-06-01 07:03:00,payment,58.21,70.25,614.48,4949,7.11,1
2026-06-01 07:03:00,notification,43.89,60.87,391.22,4142,3.51,0
2026-06-01 07:06:00,payment,59.0,56.26,586.62,4305,3.45,1
2026-06-01 07:06:00,order,66.38,55.09,405.51,4078,4.87,0
2026-06-01 07:06:00,notification,53.65,71.3,429.49,4742,4.75,1
2026-06-01 07:09:00,payment,49.54,55.61,412.26,3423,2.22,0
2026-06-01 07:09:00,order,52.88,55.08,312.84,3695,1.94,0
2026-06-01 07:09:00,notification,59.37,60.93,504.67,4213,4.47,0
2026-06-01 07:12:00,payment,46.3,45.2,429.19,3846,4.23,0
2026-06-01 07:12:00,order,48.02,63.09,301.59,3637,4.57,0
2026-06-01 07:12:00,notification,61.75,54.07,521.83,4429,4.06,0
2026-06-01 07:15:00,payment,48.98,58.28,300.54,3328,2.58,1
2026-06-01 07:15:00,order,52.53,67.7,408.59,3941,4.22,0
2026-06-01 07:15:00,notification,54.48,68.29,441.42,4171,2.6,0
2026-06-01 07:18:00,order,63.58,52.81,427.75,4570,3.36,0
2026-06-01 07:18:00,notification,65.53,63.61,526.79,4560,4.5,0
2026-06-01 07:18:00,payment,52.38,46.26,395.11,4571,1.2,0
2026-06-01 07:21:00,notification,61.33,61.79,640.25,4969,4.08,0
2026-06-01 07:21:00,payment,48.25,60.46,406.35,3832,2.57,1
2026-06-01 07:21:00,order,53.96,68.14,432.75,4446,3.62,0
2026-06-01 07:24:00,notification,65.77,79.34,541.92,5358,6.6,1
2026-06-01 07:24:00,payment,41.21,61.03,353.34,3658,2.59,0
2026-06-01 07:24:00,order,52.28,56.64,494.45,4978,4.45,1
2026-06-01 07:27:00,notification,53.32,66.83,714.07,5183,5.88,0
2026-06-01 07:27:00,payment,59.09,55.69,423.78,4759,3.76,0
2026-06-01 07:27:00,order,55.21,61.95,498.68,4284,4.84,1
2026-06-01 07:30:00,notification,66.43,63.53,508.61,4842,6.29,1
2026-06-01 07:30:00,order,61.36,69.97,396.84,4325,3.18,0
2026-06-01 07:30:00,payment,37.33,61.18,335.5,3615,4.34,1
2026-06-01 07:33:00,order,55.06,60.28,605.99,4676,3.14,0
2026-06-01 07:33:00,notification,71.52,70.67,604.67,5162,6.71,1
2026-06-01 07:33:00,payment,50.8,57.24,468.49,4050,4.19,1
2026-06-01 07:36:00,order,62.21,59.92,415.89,4276,5.3,1
2026-06-01 07:36:00,notification,53.28,67.99,562.19,4252,5.09,0
2026-06-01 07:36:00,payment,47.25,57.42,460.93,4635,2.1,1
2026-06-01 07:39:00,order,65.77,60.12,578.03,4731,4.43,1
2026-06-01 07:39:00,notification,58.22,69.18,522.36,5051,5.12,1
2026-06-01 07:39:00,payment,48.09,47.28,305.36,3371,1.75,0
2026-06-01 07:42:00,order,62.68,63.19,575.81,3933,5.26,1
2026-06-01 07:42:00,notification,50.8,69.99,527.09,4726,4.99,1
2026-06-01 07:42:00,payment,50.47,56.05,248.71,4397,3.33,0
2026-06-01 07:45:00,notification,63.01,54.53,372.52,3935,5.8,0
2026-06-01 07:45:00,payment,54.93,45.63,292.67,3847,1.77,0
2026-06-01 07:45:00,order,56.85,63.88,512.39,4465,5.67,0
2026-06-01 07:48:00,payment,49.55,49.47,387.44,4664,3.24,0
2026-06-01 07:48:00,order,52.5,61.17,643.55,5254,4.41,0
2026-06-01 07:48:00,notification,55.51,65.05,391.02,4506,4.95,1
2026-06-01 07:51:00,payment,57.91,58.49,403.5,4737,2.06,1
2026-06-01 07:51:00,order,54.24,67.36,459.09,5093,2.97,0
2026-06-01 07:51:00,notification,62.66,62.39,452.57,5249,6.45,1
2026-06-01 07:54:00,payment,58.29,60.35,526.92,4497,4.6,1
2026-06-01 07:54:00,order,50.83,55.75,416.07,4831,5.93,1
2026-06-01 07:54:00,notification,60.34,65.21,519.06,4855,8.67,1
2026-06-01 07:57:00,payment,45.32,61.48,468.9,4137,4.61,0
2026-06-01 07:57:00,order,48.69,60.73,280.32,4143,3.1,0
2026-06-01 07:57:00,notification,57.78,59.93,505.43,4702,6.76,0
2026-06-01 08:00:00,payment,63.94,54.28,445.65,3957,1.02,0
2026-06-01 08:00:00,notification,56.49,59.09,581.11,4184,4.55,1
2026-06-01 08:00:00,order,53.26,59.49,330.48,4429,5.17,1
2026-06-01 08:03:00,notification,56.56,58.85,497.9,5277,3.06,0
2026-06-01 08:03:00,payment,41.89,65.26,367.73,3392,1.64,1
2026-06-01 08:03:00,order,58.57,66.42,622.28,4476,7.23,1
2026-06-01 08:06:00,notification,54.58,59.83,475.41,5106,3.44,0
2026-06-01 08:06:00,payment,51.98,55.73,273.7,3646,0.98,0
2026-06-01 08:06:00,order,51.97,56.2,501.56,4124,4.51,0
2026-06-01 08:09:00,notification,60.79,51.38,539.29,5312,5.22,0
2026-06-01 08:09:00,payment,58.34,61.62,431.48,4374,5.25,0
2026-06-01 08:09:00,order,45.67,61.56,492.67,3768,2.71,0
2026-06-01 08:12:00,notification,66.9,66.04,428.42,5468,4.5,1
2026-06-01 08:12:00,payment,55.56,59.67,380.58,4826,1.44,0
2026-06-01 08:12:00,order,48.45,71.05,574.56,4283,3.97,0
2026-06-01 08:15:00,payment,53.49,65.86,461.07,4663,4.35,0
2026-06-01 08:15:00,order,65.52,52.72,428.27,4265,3.91,0
2026-06-01 08:15:00,notification,61.48,65.05,520.08,3985,3.81,1
2026-06-01 08:18:00,order,58.37,55.18,434.92,4613,4.13,0
2026-06-01 08:18:00,notification,64.28,60.9,429.42,3626,4.47,1
2026-06-01 08:18:00,payment,59.08,61.75,526.7,5119,4.65,0
2026-06-01 08:21:00,order,52.45,72.74,418.55,3661,5.82,1
2026-06-01 08:21:00,notification,41.95,57.46,343.67,4753,2.34,1
2026-06-01 08:21:00,payment,47.55,63.45,600.58,3611,4.8,0
2026-06-01 08:24:00,order,67.31,62.81,535.41,4692,6.4,0
2026-06-01 08:24:00,notification,43.71,58.73,348.12,3477,2.82,0
2026-06-01 08:24:00,payment,57.5,65.75,557.38,4094,4.34,1
2026-06-01 08:27:00,notification,53.04,53.51,299.16,3010,1.82,0
2026-06-01 08:27:00,payment,53.96,52.47,500.61,4378,5.12,1
2026-06-01 08:27:00,order,57.78,63.75,524.69,5207,2.88,1
2026-06-01 08:30:00,payment,53.12,52.53,408.06,5101,5.9,1
2026-06-01 08:30:00,order,66.46,56.09,370.2,4261,4.88,1
2026-06-01 08:30:00,notification,38.88,62.04,268.25,3372,0.0,0
2026-06-01 08:33:00,payment,58.05,59.64,462.7,4276,4.03,1
2026-06-01 08:33:00,order,54.45,66.09,458.54,3647,3.8,0
2026-06-01 08:33:00,notification,55.51,51.84,210.03,2830,0.0,0
2026-06-01 08:36:00,payment,63.37,60.24,435.64,3887,1.89,1
2026-06-01 08:36:00,order,58.57,51.7,488.47,3764,3.39,0
2026-06-01 08:36:00,notification,41.74,55.86,182.73,3276,2.27,0
2026-06-01 08:39:00,payment,53.74,63.19,554.71,4257,5.63,0
2026-06-01 08:39:00,order,59.81,65.62,491.93,4227,4.85,1
2026-06-01 08:39:00,notification,45.51,47.85,207.55,3010,1.98,0
2026-06-01 08:42:00,order,64.9,53.06,390.93,4689,3.04,0
2026-06-01 08:42:00,notification,46.85,53.94,139.96,3994,2.78,0
2026-06-01 08:42:00,payment,57.55,57.91,296.02,3560,3.95,1
2026-06-01 08:45:00,notification,51.31,61.97,324.6,3514,3.41,0
2026-06-01 08:45:00,payment,50.56,58.52,363.56,3201,2.82,0
2026-06-01 08:45:00,order,53.02,52.33,458.1,4545,3.01,0
2026-06-01 08:48:00,notification,62.81,56.97,420.51,3564,3.73,1
2026-06-01 08:48:00,payment,46.48,50.71,318.81,4728,0.85,0
2026-06-01 08:48:00,order,64.97,55.51,498.61,4484,5.75,0
2026-06-01 08:51:00,notification,55.01,50.13,347.56,3042,2.16,0
2026-06-01 08:51:00,payment,55.31,61.13,481.24,4328,4.2,0
2026-06-01 08:51:00,order,56.67,63.56,687.17,5109,5.77,1
2026-06-01 08:54:00,notification,59.26,54.99,243.51,3597,3.83,0
2026-06-01 08:54:00,payment,55.65,54.98,536.1,4602,3.68,0
2026-06-01 08:54:00,order,59.93,62.05,628.43,5137,8.16,1
2026-06-01 08:57:00,notification,66.12,57.66,373.07,3745,3.62,0
2026-06-01 08:57:00,order,58.19,58.4,506.38,4847,4.12,1
2026-06-01 08:57:00,payment,53.06,63.45,552.51,4473,3.21,0
2026-06-01 09:00:00,order,59.37,54.0,481.34,4520,4.07,1
2026-06-01 09:00:00,notification,56.11,58.24,497.04,5036,5.46,0
2026-06-01 09:00:00,payment,60.71,52.88,509.67,4506,4.78,1
2026-06-01 09:03:00,order,53.7,55.64,441.64,4164,4.68,0
2026-06-01 09:03:00,notification,54.82,62.69,594.73,4891,5.23,1
2026-06-01 09:03:00,payment,62.98,66.92,649.47,4641,5.45,1
2026-06-01 09:06:00,order,69.05,58.46,569.89,4361,5.75,1
2026-06-01 09:06:00,notification,61.67,65.52,493.65,5127,4.39,0
2026-06-01 09:06:00,payment,52.14,57.93,567.15,4865,5.57,0
2026-06-01 09:09:00,order,62.71,60.58,462.41,4534,4.71,1
2026-06-01 09:09:00,notification,60.17,50.2,479.68,4238,7.57,0
2026-06-01 09:09:00,payment,50.25,62.07,580.15,4960,6.49,1
2026-06-01 09:12:00,notification,52.71,65.38,551.32,4909,7.06,0
2026-06-01 09:12:00,payment,65.38,70.71,699.29,5679,6.85,1
2026-06-01 09:12:00,order,55.05,56.27,406.03,4044,4.53,0
2026-06-01 09:15:00,payment,58.46,67.82,674.22,5547,6.14,0
2026-06-01 09:15:00,order,55.79,51.87,565.61,4200,6.12,0
2026-06-01 09:15:00,notification,65.51,59.95,615.68,4876,6.1,0
2026-06-01 09:18:00,payment,68.5,61.28,724.42,5040,7.33,1
2026-06-01 09:18:00,order,66.51,64.09,572.64,5432,3.39,0
2026-06-01 09:18:00,notification,53.6,62.41,450.87,4466,5.21,1
2026-06-01 09:21:00,payment,70.72,65.59,718.63,5852,7.25,1
2026-06-01 09:21:00,order,54.29,73.4,735.68,5648,9.18,0
2026-06-01 09:21:00,notification,60.27,59.8,655.02,4901,7.25,1
2026-06-01 09:24:00,payment,54.21,57.89,671.86,5195,5.88,1
2026-06-01 09:24:00,notification,58.65,57.13,472.56,4341,3.2,1
2026-06-01 09:24:00,order,68.03,65.48,571.05,5276,3.98,0
2026-06-01 09:27:00,notification,57.63,68.41,343.3,3566,4.81,0
2026-06-01 09:27:00,payment,49.43,53.6,441.89,4332,5.58,1
2026-06-01 09:27:00,order,56.32,58.61,638.52,4869,4.5,1
2026-06-01 09:30:00,notification,52.1,51.68,326.48,3729,4.97,0
2026-06-01 09:30:00,payment,72.48,66.49,571.2,5142,5.15,0
2026-06-01 09:30:00,order,66.71,66.87,573.64,5053,4.43,1
2026-06-01 09:33:00,notification,55.73,55.67,368.8,4141,3.74,0
2026-06-01 09:33:00,payment,68.6,72.14,785.83,5735,9.74,1
2026-06-01 09:33:00,order,47.59,53.52,414.87,3853,5.37,1
2026-06-01 09:36:00,notification,63.24,61.37,636.5,4213,7.18,1
2026-06-01 09:36:00,payment,62.49,70.29,677.28,5365,8.08,1
2026-06-01 09:36:00,order,48.11,55.54,325.75,3956,3.01,0
2026-06-01 09:39:00,payment,57.63,69.6,563.69,5348,3.41,1
2026-06-01 09:39:00,order,55.3,57.53,417.51,4131,5.67,0
2026-06-01 09:39:00,notification,57.05,53.74,659.16,4052,5.45,0
2026-06-01 09:42:00,order,57.75,64.28,524.62,4396,2.13,0
2026-06-01 09:42:00,notification,67.65,59.92,778.56,5387,5.52,0
2026-06-01 09:42:00,payment,63.48,69.32,832.41,5166,8.11,1
2026-06-01 09:45:00,order,49.41,60.95,459.77,3387,2.23,0
2026-06-01 09:45:00,notification,65.35,71.1,738.68,4986,8.52,1
2026-06-01 09:45:00,payment,55.55,64.76,569.23,5894,7.74,1
2026-06-01 09:48:00,order,50.98,59.1,466.65,4288,0.8,0
2026-06-01 09:48:00,notification,69.18,67.9,862.61,5020,8.67,1
2026-06-01 09:48:00,payment,65.29,58.47,548.82,4034,6.01,1
2026-06-01 09:51:00,order,63.55,66.67,487.37,4406,3.48,1
2026-06-01 09:51:00,notification,69.96,75.32,679.53,4796,7.6,1
2026-06-01 09:51:00,payment,57.04,63.09,570.23,5222,5.64,1
2026-06-01 09:54:00,order,66.79,58.69,605.98,4627,5.04,0
2026-06-01 09:54:00,payment,67.05,57.65,556.15,5006,5.64,1
2026-06-01 09:54:00,notification,64.89,61.78,744.35,5247,5.32,0
2026-06-01 09:57:00,payment,58.07,60.02,520.7,5116,5.92,0
2026-06-01 09:57:00,order,57.93,71.78,554.18,4187,7.32,1
2026-06-01 09:57:00,notification,67.87,72.51,545.91,4891,4.74,0
2026-06-01 10:00:00,payment,53.81,64.35,605.9,4532,6.5,1
2026-06-01 10:00:00,order,57.6,49.57,551.08,5834,7.23,1
2026-06-01 10:00:00,notification,57.55,55.46,426.58,4765,7.33,0
2026-06-01 10:03:00,payment,58.49,64.15,595.98,5388,4.21,1
2026-06-01 10:03:00,order,48.7,68.37,494.93,4423,4.86,0
2026-06-01 10:03:00,notification,59.16,62.73,524.08,5229,5.81,1
2026-06-01 10:06:00,payment,48.93,83.13,752.69,5268,6.52,1
2026-06-01 10:06:00,order,59.73,58.12,462.79,4712,4.59,0
2026-06-01 10:06:00,notification,50.24,58.75,577.36,5007,7.14,1
2026-06-01 10:09:00,order,63.33,64.44,476.44,4220,5.96,1
2026-06-01 10:09:00,notification,53.28,66.8,516.87,4217,4.48,0
2026-06-01 10:09:00,payment,63.63,60.8,647.39,4802,9.09,1
2026-06-01 10:12:00,notification,59.84,62.25,689.4,4791,9.1,1
2026-06-01 10:12:00,payment,64.51,67.9,847.83,4965,7.63,1
2026-06-01 10:12:00,order,58.78,69.29,479.89,3966,6.39,0
2026-06-01 10:15:00,notification,65.29,63.14,578.07,4217,9.14,1
2026-06-01 10:15:00,payment,64.5,56.35,434.99,4809,7.23,0
2026-06-01 10:15:00,order,52.9,65.34,500.78,4966,4.27,0
2026-06-01 10:18:00,notification,59.76,65.59,691.21,5644,7.42,1
2026-06-01 10:18:00,payment,48.36,61.64,457.61,4134,9.02,1
2026-06-01 10:18:00,order,69.26,64.47,521.55,4110,4.42,1
2026-06-01 10:21:00,payment,64.71,60.2,608.6,5284,4.23,0
2026-06-01 10:21:00,order,42.93,64.41,327.18,4849,3.66,0
2026-06-01 10:21:00,notification,56.06,78.76,544.67,4892,6.64,1
2026-06-01 10:24:00,order,66.08,57.13,526.78,5614,3.74,0
2026-06-01 10:24:00,notification,66.36,74.32,702.3,6139,7.62,1
2026-06-01 10:24:00,payment,60.06,63.95,470.14,4703,2.63,0
2026-06-01 10:27:00,order,64.7,60.07,749.82,4863,8.21,1
2026-06-01 10:27:00,notification,53.32,64.25,604.71,4981,7.98,0
2026-06-01 10:27:00,payment,61.33,56.37,433.05,4872,3.4,0
2026-06-01 10:30:00,order,64.94,67.01,618.77,4852,5.59,0
2026-06-01 10:30:00,notification,50.42,59.13,486.2,4746,5.92,1
2026-06-01 10:30:00,payment,53.81,57.92,445.21,4864,5.11,1
2026-06-01 10:33:00,order,52.78,60.74,531.15,3521,4.4,1
2026-06-01 10:33:00,notification,58.02,61.83,638.75,5350,6.17,0
2026-06-01 10:33:00,payment,63.74,59.71,535.63,4414,6.29,1
2026-06-01 10:36:00,notification,64.0,59.61,532.49,5692,4.88,0
2026-06-01 10:36:00,payment,46.02,52.48,453.15,3904,6.71,0
2026-06-01 10:36:00,order,50.86,55.32,394.87,3224,4.95,0
2026-06-01 10:39:00,payment,60.27,57.2,403.53,3305,4.26,0
2026-06-01 10:39:00,order,60.28,68.78,516.24,4900,4.42,1
2026-06-01 10:39:00,notification,57.18,70.95,673.52,5839,3.79,1
2026-06-01 10:42:00,payment,51.02,58.26,502.55,4176,4.8,0
2026-06-01 10:42:00,order,58.09,68.42,471.87,5158,6.61,0
2026-06-01 10:42:00,notification,64.93,63.73,662.09,5275,6.77,1
2026-06-01 10:45:00,payment,45.87,60.64,496.04,5059,3.39,1
2026-06-01 10:45:00,order,50.36,60.19,558.28,4615,3.83,1
2026-06-01 10:45:00,notification,65.74,70.86,600.17,4905,3.5,1
2026-06-01 10:48:00,payment,52.61,66.1,630.02,4407,2.33,0
2026-06-01 10:48:00,notification,62.1,69.15,538.81,4488,5.12,1
2026-06-01 10:48:00,order,69.1,65.07,648.13,4429,5.84,0
2026-06-01 10:51:00,notification,66.39,59.62,495.78,5122,6.19,1
2026-06-01 10:51:00,payment,61.24,63.7,699.56,4853,5.91,1
2026-06-01 10:51:00,order,62.46,54.81,491.81,4020,4.54,0
2026-06-01 10:54:00,notification,57.06,53.01,421.65,4652,4.25,0
2026-06-01 10:54:00,payment,59.93,66.71,719.44,5110,5.94,1
2026-06-01 10:54:00,order,58.69,54.62,625.06,4191,3.16,0
2026-06-01 10:57:00,notification,68.35,67.49,622.99,4536,4.35,1
2026-06-01 10:57:00,payment,66.38,58.73,603.41,5401,7.81,1
2026-06-01 10:57:00,order,60.31,59.14,528.74,5308,4.09,0
2026-06-01 11:00:00,notification,63.91,57.64,688.04,5200,4.99,0
2026-06-01 11:00:00,payment,51.24,68.32,724.6,5547,4.02,0
2026-06-01 11:00:00,order,70.49,63.91,552.34,4973,5.85,1
2026-06-01 11:03:00,payment,48.84,61.73,543.58,4365,5.21,0
2026-06-01 11:03:00,order,53.89,59.18,522.96,3911,3.86,0
2026-06-01 11:03:00,notification,61.87,67.4,613.47,5528,6.09,0
2026-06-01 11:06:00,order,50.78,63.22,464.91,4667,4.94,1
2026-06-01 11:06:00,notification,59.1,75.45,794.79,5054,9.36,1
2026-06-01 11:06:00,payment,70.65,69.63,647.76,4529,6.71,1
2026-06-01 11:09:00,order,62.43,61.51,436.88,5468,3.8,1
2026-06-01 11:09:00,notification,64.06,54.27,613.49,4928,5.85,0
2026-06-01 11:09:00,payment,68.38,72.93,627.32,5720,7.04,1
2026-06-01 11:12:00,order,56.39,64.01,407.32,3962,1.72,0
2026-06-01 11:12:00,notification,53.51,63.51,565.89,4477,3.85,1
2026-06-01 11:12:00,payment,53.84,63.02,538.98,5115,5.54,1
2026-06-01 11:15:00,notification,64.38,65.37,775.16,5877,10.71,1
2026-06-01 11:15:00,payment,60.8,59.42,628.83,4791,8.07,0
2026-06-01 11:15:00,order,46.84,60.56,304.57,3776,4.64,1
2026-06-01 11:18:00,payment,67.88,65.25,623.63,5680,8.04,1
2026-06-01 11:18:00,order,60.57,53.61,439.11,4397,4.12,0
2026-06-01 11:18:00,notification,66.46,67.69,710.46,5378,8.12,1
2026-06-01 11:21:00,payment,71.04,72.81,846.89,5180,8.05,1
2026-06-01 11:21:00,order,58.22,65.35,485.64,4827,2.28,0
2026-06-01 11:21:00,notification,73.33,62.01,778.19,4993,6.83,1
2026-06-01 11:24:00,payment,73.52,72.95,910.92,6540,12.75,1
2026-06-01 11:24:00,order,56.0,60.71,642.39,5286,6.81,1
2026-06-01 11:24:00,notification,61.91,79.44,772.56,6058,7.86,1
2026-06-01 11:27:00,payment,75.6,68.66,822.36,5752,11.21,1
2026-06-01 11:27:00,order,63.4,66.29,543.4,4729,5.85,1
2026-06-01 11:27:00,notification,67.25,68.55,686.83,5428,6.93,1
2026-06-01 11:30:00,order,63.05,62.23,632.35,4747,5.37,1
2026-06-01 11:30:00,notification,52.03,51.77,499.74,3713,5.43,1
2026-06-01 11:30:00,payment,63.06,72.97,734.34,5852,8.25,1
2026-06-01 11:33:00,notification,64.15,64.79,501.49,4974,5.01,1
2026-06-01 11:33:00,payment,63.25,68.92,633.91,4182,6.68,1
2026-06-01 11:33:00,order,56.0,67.53,499.92,3744,3.99,0
2026-06-01 11:36:00,notification,65.5,66.44,514.66,3638,1.86,0
2026-06-01 11:36:00,payment,61.5,63.48,597.67,4876,6.04,1
2026-06-01 11:36:00,order,60.77,66.21,529.16,4150,6.66,0
2026-06-01 11:39:00,notification,51.59,60.56,451.66,4107,4.26,0
2026-06-01 11:39:00,payment,61.11,57.9,747.48,5398,5.74,1
2026-06-01 11:39:00,order,60.65,57.75,601.27,4617,4.95,1
2026-06-01 11:42:00,notification,55.24,67.23,491.44,4376,4.92,1
2026-06-01 11:42:00,payment,63.7,71.24,719.95,5432,7.14,1
2026-06-01 11:42:00,order,62.61,59.48,516.51,4284,6.3,0
2026-06-01 11:45:00,notification,70.85,49.43,514.39,4465,3.47,1
2026-06-01 11:45:00,order,60.01,79.66,516.78,4838,5.91,1
2026-06-01 11:45:00,payment,64.25,63.24,540.36,5720,8.5,1
2026-06-01 11:48:00,order,59.78,58.73,691.12,4863,6.31,1
2026-06-01 11:48:00,notification,49.58,64.47,329.5,3851,4.64,1
2026-06-01 11:48:00,payment,62.34,66.72,703.03,5525,6.81,1
2026-06-01 11:51:00,order,59.44,58.56,540.63,4618,4.0,1
2026-06-01 11:51:00,notification,46.97,58.92,375.01,3806,5.35,1
2026-06-01 11:51:00,payment,50.54,61.92,508.11,4082,3.88,0
2026-06-01 11:54:00,order,68.15,61.34,694.78,4923,6.08,1
2026-06-01 11:54:00,notification,60.11,58.29,517.53,5387,6.55,0
2026-06-01 11:54:00,payment,62.3,52.28,489.34,4867,3.64,0
2026-06-01 11:57:00,order,65.15,59.21,486.83,5253,7.24,0
2026-06-01 11:57:00,notification,53.98,68.11,514.57,5440,4.43,1
2026-06-01 11:57:00,payment,49.87,60.63,428.94,3950,3.32,1
2026-06-01 12:00:00,notification,59.35,65.25,446.72,4375,3.51,0
2026-06-01 12:00:00,payment,54.31,62.71,395.91,4357,4.0,0
2026-06-01 12:00:00,order,63.13,62.88,688.1,5695,7.51,0
2026-06-01 12:03:00,payment,52.86,62.49,546.73,4492,5.03,0
2026-06-01 12:03:00,order,69.1,70.72,806.06,5744,11.3,1
2026-06-01 12:03:00,notification,59.08,66.22,364.37,4117,3.75,0
2026-06-01 12:06:00,payment,57.99,60.91,461.0,4025,3.23,0
2026-06-01 12:06:00,order,82.27,76.61,833.53,6047,11.86,1
2026-06-01 12:06:00,notification,45.95,64.48,491.94,3655,1.11,0
2026-06-01 12:09:00,payment,39.84,47.66,281.5,4320,4.48,0
2026-06-01 12:09:00,order,71.88,62.13,788.41,5588,6.93,1
2026-06-01 12:09:00,notification,47.77,61.32,544.46,4315,3.19,1
2026-06-01 12:12:00,order,68.9,68.1,775.88,5354,8.05,1
2026-06-01 12:12:00,notification,69.62,58.72,607.14,5172,7.14,0
2026-06-01 12:12:00,payment,55.87,62.21,365.01,3584,3.16,0
2026-06-01 12:15:00,notification,72.28,56.31,496.36,5304,3.69,1
2026-06-01 12:15:00,payment,54.09,64.34,585.95,4376,5.12,0
2026-06-01 12:15:00,order,70.21,62.67,534.71,5604,7.55,1
2026-06-01 12:18:00,notification,57.79,54.88,516.74,4081,3.27,1
2026-06-01 12:18:00,payment,63.08,54.25,465.51,4634,5.47,1
2026-06-01 12:18:00,order,63.67,63.85,717.65,5328,6.34,1
2026-06-01 12:21:00,notification,72.27,65.02,595.47,5386,7.59,1
2026-06-01 12:21:00,payment,51.37,55.03,367.62,3852,4.84,0
2026-06-01 12:21:00,order,72.3,77.57,960.74,5856,9.56,1
2026-06-01 12:24:00,notification,73.58,67.59,686.12,5738,4.66,0
2026-06-01 12:24:00,payment,60.28,65.49,517.08,4515,4.06,1
2026-06-01 12:24:00,order,83.28,70.19,992.25,6172,9.4,1
2026-06-01 12:27:00,payment,80.23,74.65,768.45,6166,7.67,1
2026-06-01 12:27:00,order,73.74,65.31,817.2,5989,9.51,1
2026-06-01 12:27:00,notification,67.31,69.16,648.71,4981,9.85,1
2026-06-01 12:30:00,order,80.2,77.11,838.2,6043,8.66,1
2026-06-01 12:30:00,notification,64.56,69.86,630.43,4795,5.65,1
2026-06-01 12:30:00,payment,63.44,65.73,797.95,5400,7.15,0
2026-06-01 12:33:00,order,67.69,77.03,856.48,5635,9.98,1
2026-06-01 12:33:00,notification,66.18,61.5,613.35,5458,4.98,1
2026-06-01 12:33:00,payment,71.54,71.45,672.12,4667,7.45,1
2026-06-01 12:36:00,order,64.87,71.57,671.6,6297,7.9,1
2026-06-01 12:36:00,notification,65.72,71.11,505.1,4405,4.01,0
2026-06-01 12:36:00,payment,65.34,59.2,605.87,5699,9.06,1
2026-06-01 12:39:00,order,74.02,65.12,803.62,5598,9.03,0
2026-06-01 12:39:00,notification,47.49,72.69,572.74,4367,5.83,1
2026-06-01 12:39:00,payment,72.06,66.73,874.21,5675,9.42,1
2026-06-01 12:42:00,order,50.58,63.77,493.13,4873,4.29,0
2026-06-01 12:42:00,payment,66.73,58.86,752.44,4925,9.96,1
2026-06-01 12:42:00,notification,59.78,59.18,671.93,4108,5.45,1
2026-06-01 12:45:00,payment,70.56,63.99,690.94,4393,6.72,1
2026-06-01 12:45:00,order,61.04,60.54,658.54,5522,5.17,0
2026-06-01 12:45:00,notification,48.68,60.37,432.81,4617,4.9,0
2026-06-01 12:48:00,payment,63.31,77.67,718.51,5968,7.74,0
2026-06-01 12:48:00,order,72.81,69.2,793.45,5209,6.51,1
2026-06-01 12:48:00,notification,50.05,63.41,455.21,3795,3.84,0
2026-06-01 12:51:00,payment,62.3,81.07,741.33,5346,8.36,1
2026-06-01 12:51:00,order,69.54,72.64,628.78,6189,9.28,1
2026-06-01 12:51:00,notification,58.47,68.2,427.41,3739,5.55,0
2026-06-01 12:54:00,payment,62.93,70.74,823.45,5037,7.12,1
2026-06-01 12:54:00,order,53.8,69.15,724.69,4700,7.03,1
2026-06-01 12:54:00,notification,55.81,63.78,422.68,4457,4.12,1
2026-06-01 12:57:00,order,58.13,69.08,759.76,5315,7.76,1
2026-06-01 12:57:00,notification,59.19,59.99,584.54,4249,4.74,1
2026-06-01 12:57:00,payment,66.76,65.87,754.37,5727,9.24,1
2026-06-01 13:00:00,notification,57.11,56.92,432.78,4803,5.12,1
2026-06-01 13:00:00,payment,61.12,64.8,656.82,5392,3.08,1
2026-06-01 13:00:00,order,64.3,65.5,583.65,4676,7.79,1
2026-06-01 13:03:00,notification,62.58,61.56,653.53,5393,4.49,0
2026-06-01 13:03:00,payment,66.5,68.1,636.96,4733,5.72,1
2026-06-01 13:03:00,order,67.96,71.49,704.12,4812,6.53,1
2026-06-01 13:06:00,notification,63.99,65.98,622.6,5258,5.64,1
2026-06-01 13:06:00,payment,69.82,57.72,635.09,5387,7.62,0
2026-06-01 13:06:00,order,67.15,69.13,704.28,5426,5.57,1
2026-06-01 13:09:00,notification,73.82,65.02,768.88,4954,9.17,1
2026-06-01 13:09:00,order,58.27,53.23,393.45,4740,5.22,0
2026-06-01 13:09:00,payment,57.23,63.6,618.48,5962,6.26,0
2026-06-01 13:12:00,order,65.78,56.12,643.76,4715,3.71,1
2026-06-01 13:12:00,notification,67.12,60.15,609.16,5460,4.53,0
2026-06-01 13:12:00,payment,57.57,72.69,602.51,5558,7.52,1
2026-06-01 13:15:00,order,68.8,67.42,732.54,6126,9.47,1
2026-06-01 13:15:00,notification,57.23,69.82,563.5,4524,7.58,1
2026-06-01 13:15:00,payment,55.08,61.75,734.37,5682,9.51,0
2026-06-01 13:18:00,order,62.26,71.26,699.92,5587,6.45,1
2026-06-01 13:18:00,notification,55.66,60.66,507.82,5065,2.1,1
2026-06-01 13:18:00,payment,78.76,65.67,837.42,5641,8.12,1
2026-06-01 13:21:00,order,65.53,71.63,610.14,5035,4.58,1
2026-06-01 13:21:00,notification,63.48,65.5,535.07,4626,3.38,0
2026-06-01 13:21:00,payment,68.63,69.67,686.27,5362,9.52,1
2026-06-01 13:24:00,notification,63.77,61.9,780.97,5330,6.56,1
2026-06-01 13:24:00,payment,70.38,71.61,769.71,5593,11.32,0
2026-06-01 13:24:00,order,62.78,73.3,691.9,4802,7.74,1
2026-06-01 13:27:00,payment,59.28,66.92,826.82,5772,8.82,1
2026-06-01 13:27:00,order,68.29,66.88,618.11,5672,7.86,1
2026-06-01 13:27:00,notification,70.8,75.43,756.43,5768,8.99,1
2026-06-01 13:30:00,payment,67.03,70.19,880.16,5062,8.16,1
2026-06-01 13:30:00,order,60.54,75.93,703.76,5219,6.65,0
2026-06-01 13:30:00,notification,63.0,70.65,673.27,5644,6.44,0
2026-06-01 13:33:00,payment,67.98,71.05,807.95,5029,8.43,1
2026-06-01 13:33:00,order,79.77,74.48,1110.97,6738,10.74,1
2026-06-01 13:33:00,notification,65.5,73.21,620.17,5367,7.51,1
2026-06-01 13:36:00,payment,64.31,78.58,681.04,4863,9.13,1
2026-06-01 13:36:00,order,79.55,76.34,1183.5,6933,12.89,1
2026-06-01 13:36:00,notification,73.22,67.96,786.21,5208,6.93,1
2026-06-01 13:39:00,payment,71.97,67.88,795.75,5495,7.54,1
2026-06-01 13:39:00,notification,71.92,70.7,901.93,6048,9.08,1
2026-06-01 13:39:00,order,73.46,69.65,1042.7,6290,13.11,1
2026-06-01 13:42:00,notification,78.46,72.77,794.43,5982,8.14,1
2026-06-01 13:42:00,payment,84.82,72.91,902.83,6020,9.41,1
2026-06-01 13:42:00,order,79.89,75.73,998.27,7051,12.93,1
2026-06-01 13:45:00,notification,68.62,80.97,1008.26,6557,11.89,1
2026-06-01 13:45:00,payment,68.54,83.52,1082.14,6078,13.7,1
2026-06-01 13:45:00,order,85.77,73.51,1081.53,6434,13.37,1
2026-06-01 13:48:00,notification,66.32,73.72,945.62,6149,12.45,1
2026-06-01 13:48:00,payment,67.78,72.87,1055.11,6634,11.15,1
2026-06-01 13:48:00,order,67.02,82.65,887.15,6437,12.22,1
2026-06-01 13:51:00,notification,71.1,63.4,828.97,5826,7.62,0
2026-06-01 13:51:00,payment,65.4,66.25,813.46,5538,11.29,1
2026-06-01 13:51:00,order,73.2,76.88,802.34,5914,10.31,1
2026-06-01 13:54:00,payment,76.64,71.02,798.98,5285,8.52,1
2026-06-01 13:54:00,order,75.24,71.54,857.32,6111,5.72,0
2026-06-01 13:54:00,notification,62.7,64.94,604.03,5381,6.75,0
2026-06-01 13:57:00,order,68.93,74.79,917.05,6600,8.03,1
2026-06-01 13:57:00,notification,64.7,73.91,630.21,5555,6.43,1
2026-06-01 13:57:00,payment,76.13,77.58,921.94,6182,11.67,1
2026-06-01 14:00:00,order,73.5,68.19,803.58,5415,9.15,1
2026-06-01 14:00:00,notification,66.83,71.66,744.34,5247,7.59,0
2026-06-01 14:00:00,payment,69.09,74.03,861.34,6245,8.48,1
2026-06-01 14:03:00,order,70.97,61.74,912.98,5700,11.08,1
2026-06-01 14:03:00,notification,54.09,66.94,659.31,5064,7.83,1
2026-06-01 14:03:00,payment,70.71,72.23,868.21,5618,8.75,1
2026-06-01 14:06:00,notification,50.93,65.1,726.81,5286,7.07,0
2026-06-01 14:06:00,payment,60.3,61.01,615.32,5460,8.48,1
2026-06-01 14:06:00,order,82.74,72.9,1026.65,6316,10.31,1
2026-06-01 14:09:00,payment,73.0,70.03,828.32,5320,7.13,1
2026-06-01 14:09:00,order,59.33,80.92,1073.65,7722,11.53,1
2026-06-01 14:09:00,notification,69.92,77.12,695.94,4839,6.91,1
2026-06-01 14:12:00,payment,66.23,77.22,828.07,5645,9.0,1
2026-06-01 14:12:00,order,82.16,77.46,961.45,6801,13.33,1
2026-06-01 14:12:00,notification,57.0,63.42,822.6,5154,8.83,1
2026-06-01 14:15:00,payment,63.61,62.05,653.32,5422,9.3,1
2026-06-01 14:15:00,order,60.18,67.69,857.96,5325,7.72,1
2026-06-01 14:15:00,notification,60.29,66.77,644.0,5562,6.42,1
2026-06-01 14:18:00,payment,67.64,66.0,653.5,5461,4.84,1
2026-06-01 14:18:00,order,66.73,72.79,718.45,5335,8.12,1
2026-06-01 14:18:00,notification,62.68,69.4,692.6,5989,6.68,1
2026-06-01 14:21:00,order,56.43,62.6,590.32,4942,8.14,0
2026-06-01 14:21:00,notification,68.27,73.42,990.76,5776,9.68,1
2026-06-01 14:21:00,payment,63.77,66.05,709.53,5461,7.82,0
2026-06-01 14:24:00,notification,70.56,64.85,699.3,5387,6.12,1
2026-06-01 14:24:00,payment,63.71,64.69,673.42,5467,8.88,1
2026-06-01 14:24:00,order,64.78,54.59,411.89,4464,4.37,0
2026-06-01 14:27:00,notification,65.23,69.04,637.42,4716,4.29,1
2026-06-01 14:27:00,payment,64.47,68.81,685.53,4850,7.11,1
2026-06-01 14:27:00,order,57.55,66.64,489.51,4948,6.14,0
2026-06-01 14:30:00,notification,62.32,67.59,494.32,3934,4.63,1
2026-06-01 14:30:00,payment,69.06,69.69,576.87,5424,5.98,1
2026-06-01 14:30:00,order,59.7,63.28,566.28,5398,7.27,1
2026-06-01 14:33:00,notification,62.88,64.32,524.75,5369,5.01,1
2026-06-01 14:33:00,order,64.97,67.5,454.21,5097,4.58,0
2026-06-01 14:33:00,payment,73.68,69.22,748.34,5437,6.59,1
2026-06-01 14:36:00,order,63.04,52.71,638.42,5463,4.64,1
2026-06-01 14:36:00,notification,49.36,62.21,486.42,4008,5.41,0
2026-06-01 14:36:00,payment,67.94,62.71,687.19,5560,6.15,1
2026-06-01 14:39:00,order,57.61,60.67,583.49,4712,6.84,0
2026-06-01 14:39:00,notification,53.56,59.53,474.26,3931,4.11,0
2026-06-01 14:39:00,payment,73.22,62.72,745.71,5424,8.89,1
2026-06-01 14:42:00,order,53.76,66.59,533.11,4690,5.44,1
2026-06-01 14:42:00,notification,77.31,69.53,457.5,4465,3.6,1
2026-06-01 14:42:00,payment,60.07,66.23,447.63,5310,5.65,1
2026-06-01 14:45:00,order,50.21,63.75,445.06,4335,3.38,1
2026-06-01 14:45:00,notification,54.38,65.1,418.49,4100,3.83,1
2026-06-01 14:45:00,payment,57.01,62.38,656.72,4416,5.36,0
2026-06-01 14:48:00,notification,62.65,58.36,503.87,5377,3.58,1
2026-06-01 14:48:00,payment,66.24,75.0,658.12,4885,6.92,1
2026-06-01 14:48:00,order,69.32,64.16,680.65,4877,7.42,0
2026-06-01 14:51:00,payment,64.56,76.26,672.14,5077,8.7,1
2026-06-01 14:51:00,order,61.21,64.18,477.24,4815,1.7,1
2026-06-01 14:51:00,notification,55.3,64.91,488.82,5238,5.74,1
2026-06-01 14:54:00,payment,54.28,76.18,690.67,4606,6.93,1
2026-06-01 14:54:00,order,55.65,59.99,327.75,4481,5.82,0
2026-06-01 14:54:00,notification,73.78,77.57,979.23,6451,9.2,1
2026-06-01 14:57:00,payment,56.64,57.97,576.7,4541,6.71,0
2026-06-01 14:57:00,order,55.58,50.16,415.81,4704,3.19,1
2026-06-01 14:57:00,notification,63.18,71.19,627.83,5600,7.94,0
2026-06-01 15:00:00,order,44.07,58.44,400.38,4067,4.25,0
2026-06-01 15:00:00,notification,62.6,69.45,679.57,5192,8.83,1
2026-06-01 15:00:00,payment,59.95,67.07,584.63,4944,7.59,0
2026-06-01 15:03:00,notification,72.6,60.73,519.63,6034,6.07,1
2026-06-01 15:03:00,payment,62.58,72.97,707.82,4684,6.93,1
2026-06-01 15:03:00,order,54.52,62.0,395.63,4571,4.54,0
2026-06-01 15:06:00,notification,71.94,61.79,573.52,5750,6.14,1
2026-06-01 15:06:00,payment,70.46,68.97,578.62,4818,6.42,1
2026-06-01 15:06:00,order,53.97,62.79,390.51,4015,5.84,1
2026-06-01 15:09:00,notification,62.47,66.61,629.53,5323,6.22,1
2026-06-01 15:09:00,payment,67.22,65.75,708.74,4575,6.61,1
2026-06-01 15:09:00,order,64.42,62.28,547.94,4811,5.28,1
2026-06-01 15:12:00,notification,58.91,70.18,554.75,4978,4.97,1
2026-06-01 15:12:00,payment,71.83,73.28,745.02,6010,5.05,1
2026-06-01 15:12:00,order,51.55,61.4,564.65,5916,5.64,1
2026-06-01 15:15:00,payment,65.22,66.93,656.49,5284,7.27,1
2026-06-01 15:15:00,order,61.38,52.99,380.96,4221,2.9,1
2026-06-01 15:15:00,notification,57.67,69.78,520.76,4943,7.29,0
2026-06-01 15:18:00,order,68.66,65.82,535.18,5561,4.01,0
2026-06-01 15:18:00,notification,53.84,67.73,585.37,4976,8.39,1
2026-06-01 15:18:00,payment,61.58,65.41,679.18,4976,4.66,1
2026-06-01 15:21:00,order,51.7,68.76,566.29,4689,7.02,1
2026-06-01 15:21:00,notification,63.46,70.19,657.89,5317,8.78,1
2026-06-01 15:21:00,payment,55.18,56.83,604.83,4986,6.4,1
2026-06-01 15:24:00,order,62.22,70.57,520.78,4851,6.55,1
2026-06-01 15:24:00,notification,61.4,52.49,488.67,5642,6.79,0
2026-06-01 15:24:00,payment,64.86,71.12,719.73,5564,5.43,0
2026-06-01 15:27:00,order,64.91,60.07,534.63,4876,8.23,1
2026-06-01 15:27:00,notification,72.46,70.77,624.69,5965,6.61,1
2026-06-01 15:27:00,payment,66.38,67.88,888.14,5877,8.11,1
2026-06-01 15:30:00,order,72.5,70.6,775.74,5659,7.34,1
2026-06-01 15:30:00,payment,62.37,75.12,985.25,5321,7.93,1
2026-06-01 15:30:00,notification,70.21,71.13,693.42,5520,8.3,0
2026-06-01 15:33:00,payment,69.52,75.82,1065.27,6705,11.69,1
2026-06-01 15:33:00,order,52.05,64.64,657.4,5288,6.01,0
2026-06-01 15:33:00,notification,61.3,62.75,849.59,5676,7.85,1
2026-06-01 15:36:00,payment,70.74,75.48,914.0,6671,10.37,1
2026-06-01 15:36:00,order,66.57,67.92,695.97,5602,7.56,1
2026-06-01 15:36:00,notification,58.17,83.99,828.96,5303,9.57,1
2026-06-01 15:39:00,payment,78.49,77.16,1220.38,6504,12.02,1
2026-06-01 15:39:00,order,64.1,82.96,782.88,4291,7.44,1
2026-06-01 15:39:00,notification,67.64,74.39,801.41,5889,11.4,1
2026-06-01 15:42:00,payment,78.2,80.83,1061.2,6421,13.64,1
2026-06-01 15:42:00,order,63.71,72.94,678.23,4998,6.11,1
2026-06-01 15:42:00,notification,58.77,72.3,764.72,5752,9.56,1
2026-06-01 15:45:00,order,76.98,63.93,850.24,6057,6.58,1
2026-06-01 15:45:00,notification,68.4,67.85,865.27,5942,10.09,1
2026-06-01 15:45:00,payment,72.45,76.34,1072.66,5283,12.18,1
2026-06-01 15:48:00,notification,70.64,72.05,722.53,5743,11.73,1
2026-06-01 15:48:00,payment,76.26,67.95,860.58,5757,11.37,1
2026-06-01 15:48:00,order,63.49,66.63,713.27,4759,8.14,1
2026-06-01 15:51:00,notification,71.91,73.17,902.05,5608,10.48,1
2026-06-01 15:51:00,payment,71.17,77.06,965.84,6335,10.39,1
2026-06-01 15:51:00,order,71.5,69.48,814.49,5612,7.41,1
2026-06-01 15:54:00,notification,66.13,81.06,848.42,6114,10.75,1
2026-06-01 15:54:00,payment,52.04,67.63,775.47,6284,9.81,1
2026-06-01 15:54:00,order,69.5,73.12,793.8,6153,8.28,1
2026-06-01 15:57:00,payment,68.17,66.6,928.28,6292,11.3,1
2026-06-01 15:57:00,order,70.58,63.96,815.57,5773,8.27,1
2026-06-01 15:57:00,notification,76.26,80.46,961.19,6695,12.04,1
2026-06-01 16:00:00,order,69.46,70.67,724.06,5129,7.0,1
2026-06-01 16:00:00,notification,80.63,75.31,825.17,6151,10.81,1
2026-06-01 16:00:00,payment,73.45,64.64,695.71,5529,9.2,1
2026-06-01 16:03:00,order,69.31,56.6,717.31,5410,7.92,1
2026-06-01 16:03:00,notification,71.8,64.32,884.41,5843,11.65,1
2026-06-01 16:03:00,payment,58.5,72.53,925.88,6502,8.34,1
2026-06-01 16:06:00,order,61.77,60.93,712.2,5834,7.3,1
2026-06-01 16:06:00,notification,71.66,65.66,859.75,5805,8.3,0
2026-06-01 16:06:00,payment,68.09,69.64,812.44,6008,9.83,1
2026-06-01 16:09:00,order,62.84,75.48,639.47,4776,8.17,1
2026-06-01 16:09:00,notification,64.16,57.32,780.97,5718,6.39,0
2026-06-01 16:09:00,payment,79.46,61.6,1000.97,5721,8.42,1
2026-06-01 16:12:00,notification,65.59,66.13,599.43,5502,6.02,1
2026-06-01 16:12:00,payment,66.43,71.23,839.5,6864,9.12,0
2026-06-01 16:12:00,order,69.6,69.21,816.75,5883,7.59,1
2026-06-01 16:15:00,payment,74.67,82.1,1129.17,5947,11.72,1
2026-06-01 16:15:00,order,57.81,77.49,847.13,5981,8.94,0
2026-06-01 16:15:00,notification,77.14,73.24,924.68,4991,8.02,1
2026-06-01 16:18:00,payment,67.1,74.22,938.44,5826,13.27,1
2026-06-01 16:18:00,order,57.81,62.78,722.64,5619,6.76,0
2026-06-01 16:18:00,notification,63.67,67.69,603.9,5038,8.04,1
2026-06-01 16:21:00,payment,78.92,70.77,849.7,5625,7.75,1
2026-06-01 16:21:00,order,69.37,56.75,694.21,5389,7.0,1
2026-06-01 16:21:00,notification,64.73,72.74,711.81,4997,9.5,1
2026-06-01 16:24:00,payment,67.66,75.96,765.77,5382,9.77,1
2026-06-01 16:24:00,order,59.12,60.19,658.39,5694,3.25,0
2026-06-01 16:24:00,notification,77.67,83.35,925.83,5687,8.69,1
2026-06-01 16:27:00,payment,64.7,71.56,658.99,5137,7.08,1
2026-06-01 16:27:00,notification,67.49,66.26,808.02,6187,8.02,1
2026-06-01 16:27:00,order,76.72,78.17,656.74,4939,4.59,0
2026-06-01 16:30:00,notification,72.01,66.17,812.19,5294,8.2,1
2026-06-01 16:30:00,payment,71.06,71.44,611.13,5442,6.06,1
2026-06-01 16:30:00,order,63.27,54.67,529.35,4143,4.55,0
2026-06-01 16:33:00,notification,66.79,69.09,634.75,4736,7.54,1
2026-06-01 16:33:00,payment,70.9,55.85,708.96,5540,9.49,1
2026-06-01 16:33:00,order,60.47,70.83,520.36,4478,2.46,0
2026-06-01 16:36:00,notification,71.28,62.87,713.93,5126,8.6,1
2026-06-01 16:36:00,payment,62.8,79.32,724.57,5671,7.69,1
2026-06-01 16:36:00,order,62.13,59.71,421.16,4546,0.02,1
2026-06-01 16:39:00,notification,69.1,66.91,686.12,5324,7.35,1
2026-06-01 16:39:00,payment,61.63,71.69,692.57,5424,10.33,1
2026-06-01 16:39:00,order,57.67,58.55,492.6,3700,2.03,0
2026-06-01 16:42:00,payment,65.49,78.29,637.39,4154,6.22,1
2026-06-01 16:42:00,order,53.51,53.68,389.51,3093,3.76,0
2026-06-01 16:42:00,notification,74.18,66.99,713.27,5766,6.76,1
2026-06-01 16:45:00,order,44.22,53.16,432.59,4205,4.0,0
2026-06-01 16:45:00,notification,72.38,62.47,835.97,5434,6.39,0
2026-06-01 16:45:00,payment,58.95,62.21,705.07,4491,6.67,0
2026-06-01 16:48:00,order,56.25,60.12,339.15,3796,1.85,1
2026-06-01 16:48:00,notification,72.1,60.08,571.63,4302,5.59,1
2026-06-01 16:48:00,payment,46.87,54.67,567.66,4607,7.26,0
2026-06-01 16:51:00,order,62.32,65.32,505.33,5054,3.51,1
2026-06-01 16:51:00,notification,59.96,62.34,564.58,4649,6.0,1
2026-06-01 16:51:00,payment,58.01,62.47,588.02,4290,5.22,0
2026-06-01 16:54:00,order,54.03,62.78,526.49,4654,5.28,0
2026-06-01 16:54:00,payment,50.93,62.31,467.55,4695,6.91,0
2026-06-01 16:54:00,notification,55.7,62.74,641.33,5745,5.01,0
2026-06-01 16:57:00,payment,72.95,69.87,625.55,5720,4.36,1
2026-06-01 16:57:00,order,48.34,66.95,521.93,5226,6.9,1
2026-06-01 16:57:00,notification,58.84,61.76,517.52,4791,4.3,0
2026-06-01 17:00:00,payment,65.81,73.24,738.42,5289,6.75,0
2026-06-01 17:00:00,order,56.76,64.41,644.96,4953,8.22,1
2026-06-01 17:00:00,notification,78.88,71.82,545.93,4116,6.62,1
2026-06-01 17:03:00,payment,53.03,62.11,541.93,4113,5.52,1
2026-06-01 17:03:00,order,72.34,76.22,596.54,5237,7.26,1
2026-06-01 17:03:00,notification,61.63,70.82,613.85,4680,7.97,1
2026-06-01 17:06:00,payment,55.66,62.52,505.55,4474,6.8,0
2026-06-01 17:06:00,order,63.21,67.35,636.67,5250,5.86,1
2026-06-01 17:06:00,notification,50.01,66.7,703.16,4069,6.32,0
2026-06-01 17:09:00,order,72.38,77.08,674.83,5749,6.78,1
2026-06-01 17:09:00,notification,78.61,69.32,582.55,4861,5.05,1
2026-06-01 17:09:00,payment,49.08,66.81,628.27,5536,6.61,1
2026-06-01 17:12:00,notification,61.7,59.02,465.54,4870,6.43,1
2026-06-01 17:12:00,payment,55.18,64.06,577.38,5611,6.97,1
2026-06-01 17:12:00,order,66.53,64.45,735.58,5575,8.04,1
2026-06-01 17:15:00,notification,55.02,66.79,582.87,4708,4.75,0
2026-06-01 17:15:00,payment,72.13,67.25,688.77,5695,9.07,1
2026-06-01 17:15:00,order,60.9,66.9,574.54,5016,6.68,1
2026-06-01 17:18:00,notification,52.32,58.08,509.56,4539,6.89,0
2026-06-01 17:18:00,payment,73.47,69.1,592.39,4191,6.14,1
2026-06-01 17:18:00,order,78.47,73.99,830.25,5832,5.99,1
2026-06-01 17:21:00,notification,57.3,63.59,398.23,5216,4.84,0
2026-06-01 17:21:00,payment,63.19,69.15,530.99,4804,2.59,1
2026-06-01 17:21:00,order,60.65,66.99,656.65,4832,8.29,1
2026-06-01 17:24:00,notification,60.91,69.73,495.99,4464,3.29,0
2026-06-01 17:24:00,order,59.76,67.49,611.1,4615,6.49,0
2026-06-01 17:24:00,payment,60.27,69.96,551.76,5049,7.56,0
2026-06-01 17:27:00,order,63.16,59.29,568.83,4832,6.73,1
2026-06-01 17:27:00,notification,57.19,62.81,414.89,3881,3.58,1
2026-06-01 17:27:00,payment,54.26,60.34,448.38,4479,3.55,0
2026-06-01 17:30:00,order,60.03,63.32,663.67,4867,6.95,1
2026-06-01 17:30:00,notification,58.36,62.12,342.14,4314,1.71,1
2026-06-01 17:30:00,payment,55.68,54.35,535.21,4732,6.41,1
2026-06-01 17:33:00,order,63.58,58.55,535.78,4697,4.67,0
2026-06-01 17:33:00,notification,40.79,49.63,220.88,3971,2.87,0
2026-06-01 17:33:00,payment,74.76,65.14,603.16,4921,6.6,1
2026-06-01 17:36:00,order,59.51,60.74,462.7,4199,2.75,0
2026-06-01 17:36:00,notification,41.78,54.18,359.82,3726,2.16,0
2026-06-01 17:36:00,payment,63.33,63.83,753.17,5032,7.22,1
2026-06-01 17:39:00,notification,48.25,55.21,254.61,4601,4.9,0
2026-06-01 17:39:00,payment,75.21,65.33,644.87,4620,5.1,1
2026-06-01 17:39:00,order,58.75,59.38,443.04,4807,5.16,1
2026-06-01 17:42:00,payment,72.81,64.25,744.15,5832,4.83,1
2026-06-01 17:42:00,order,53.08,58.48,555.11,4903,5.36,0
2026-06-01 17:42:00,notification,58.14,61.61,366.81,3530,3.26,1
2026-06-01 17:45:00,payment,56.29,69.44,788.38,5885,6.89,1
2026-06-01 17:45:00,order,45.03,62.78,450.9,4601,4.38,0
2026-06-01 17:45:00,notification,47.71,51.93,323.43,4225,2.85,0
2026-06-01 17:48:00,payment,62.49,64.14,712.88,5392,8.98,1
2026-06-01 17:48:00,order,51.61,55.64,473.59,4734,7.07,0
2026-06-01 17:48:00,notification,34.92,53.68,332.28,4009,0.0,0
2026-06-01 17:51:00,order,51.86,49.99,443.0,3672,3.72,0
2026-06-01 17:51:00,notification,54.59,63.0,331.01,3051,3.37,0
2026-06-01 17:51:00,payment,62.25,62.74,643.7,5623,6.16,1
2026-06-01 17:54:00,notification,39.49,60.8,532.19,4566,5.63,0
2026-06-01 17:54:00,payment,65.68,75.17,683.57,5626,6.79,0
2026-06-01 17:54:00,order,60.47,59.9,508.43,4715,4.75,0
2026-06-01 17:57:00,notification,49.48,46.19,414.23,3571,4.69,0
2026-06-01 17:57:00,payment,62.74,61.62,606.63,6078,7.15,1
2026-06-01 17:57:00,order,54.29,73.91,604.48,5062,5.52,1
2026-06-01 18:00:00,notification,60.22,54.38,321.82,4313,3.91,0
2026-06-01 18:00:00,payment,80.32,65.83,580.39,5409,5.13,1
2026-06-01 18:00:00,order,55.16,69.74,616.91,5769,6.37,1
2026-06-01 18:03:00,notification,61.7,58.11,457.42,4958,3.8,1
2026-06-01 18:03:00,payment,55.21,70.03,665.34,5321,5.47,1
2026-06-01 18:03:00,order,56.87,62.79,706.15,5130,6.61,0
2026-06-01 18:06:00,payment,63.85,70.51,687.38,5089,6.51,1
2026-06-01 18:06:00,order,62.41,66.14,605.64,5337,6.81,1
2026-06-01 18:06:00,notification,53.14,61.38,642.86,5154,7.99,1
2026-06-01 18:09:00,order,63.68,62.8,562.45,4883,4.62,1
2026-06-01 18:09:00,notification,68.84,68.04,620.14,4259,6.52,1
2026-06-01 18:09:00,payment,68.45,71.84,828.54,5145,7.62,1
2026-06-01 18:12:00,order,56.67,65.54,541.98,3742,4.75,1
2026-06-01 18:12:00,notification,71.3,72.18,704.77,5411,6.44,1
2026-06-01 18:12:00,payment,61.3,66.47,550.68,5502,4.74,0
2026-06-01 18:15:00,order,55.0,66.05,405.99,4487,5.41,1
2026-06-01 18:15:00,notification,66.67,72.8,651.42,4429,5.96,1
2026-06-01 18:15:00,payment,61.46,68.14,678.36,5154,5.99,1
2026-06-01 18:18:00,order,65.41,66.27,647.77,4657,4.56,1
2026-06-01 18:18:00,payment,58.25,74.54,784.46,4962,7.67,1
2026-06-01 18:18:00,notification,60.76,72.73,495.94,4813,3.48,1
2026-06-01 18:21:00,payment,62.53,67.57,598.51,5192,4.67,1
2026-06-01 18:21:00,order,61.63,64.99,482.36,4631,5.66,0
2026-06-01 18:21:00,notification,66.5,64.05,629.88,5656,5.73,1
2026-06-01 18:24:00,payment,62.49,54.17,574.39,5080,5.61,0
2026-06-01 18:24:00,order,65.94,70.28,540.46,5101,5.0,1
2026-06-01 18:24:00,notification,57.3,64.21,597.51,4481,6.11,0
2026-06-01 18:27:00,payment,61.94,61.18,634.9,3966,4.68,1
2026-06-01 18:27:00,order,58.46,66.04,548.75,4863,6.1,0
2026-06-01 18:27:00,notification,75.76,71.28,780.09,5964,9.75,1
2026-06-01 18:30:00,payment,65.52,69.1,614.81,4664,6.42,1
2026-06-01 18:30:00,order,52.08,62.34,532.91,4284,5.58,1
2026-06-01 18:30:00,notification,79.19,87.06,895.07,5558,9.35,1
2026-06-01 18:33:00,order,66.44,63.99,505.29,4528,5.33,1
2026-06-01 18:33:00,notification,65.42,72.66,817.51,4719,9.1,1
2026-06-01 18:33:00,payment,70.19,62.16,599.52,5137,7.01,1
2026-06-01 18:36:00,notification,70.71,68.34,745.58,5120,5.57,1
2026-06-01 18:36:00,payment,70.42,76.01,659.73,4554,7.09,1
2026-06-01 18:36:00,order,59.94,62.55,553.59,5177,6.07,1
2026-06-01 18:39:00,notification,71.07,63.59,733.54,5031,6.06,1
2026-06-01 18:39:00,payment,66.6,68.76,598.26,4766,8.95,1
2026-06-01 18:39:00,order,57.01,59.1,640.62,4922,6.11,0
2026-06-01 18:42:00,notification,62.58,73.31,740.41,4674,9.58,1
2026-06-01 18:42:00,payment,60.26,70.44,779.58,5484,9.28,0
2026-06-01 18:42:00,order,68.23,69.63,630.19,5395,6.19,1
2026-06-01 18:45:00,payment,63.87,75.79,738.59,5808,9.49,1
2026-06-01 18:45:00,order,69.67,71.05,466.29,4582,7.43,1
2026-06-01 18:45:00,notification,51.14,61.81,737.2,5298,8.02,1
2026-06-01 18:48:00,order,57.84,63.22,478.6,4304,5.12,0
2026-06-01 18:48:00,notification,65.64,69.22,732.09,5306,8.75,1
2026-06-01 18:48:00,payment,70.9,73.27,880.2,6338,11.09,1
2026-06-01 18:51:00,order,50.15,63.44,574.16,3948,5.88,1
2026-06-01 18:51:00,notification,49.03,70.01,773.12,5416,7.99,1
2026-06-01 18:51:00,payment,71.16,72.89,879.19,6479,10.7,1
2026-06-01 18:54:00,order,64.43,55.37,476.62,4071,3.04,0
2026-06-01 18:54:00,notification,73.5,65.45,621.19,5013,8.0,1
2026-06-01 18:54:00,payment,59.9,70.68,550.33,5138,6.98,0
2026-06-01 18:57:00,order,52.66,52.75,272.0,4645,4.4,0
2026-06-01 18:57:00,notification,66.55,75.95,753.45,5351,7.63,0
2026-06-01 18:57:00,payment,60.67,61.8,791.57,5335,5.9,1
2026-06-01 19:00:00,notification,58.18,66.42,568.43,4183,7.91,1
2026-06-01 19:00:00,payment,56.76,65.71,699.16,4703,5.99,1
2026-06-01 19:00:00,order,50.15,47.99,342.34,3310,2.7,0
2026-06-01 19:03:00,payment,53.4,70.79,629.09,5010,6.47,1
2026-06-01 19:03:00,order,44.61,51.63,342.14,3221,3.03,0
2026-06-01 19:03:00,notification,63.98,67.6,449.18,5066,5.4,1
2026-06-01 19:06:00,payment,64.51,69.19,728.11,5728,7.65,1
2026-06-01 19:06:00,order,52.72,56.87,162.07,2964,0.0,0
2026-06-01 19:06:00,notification,49.84,55.41,469.71,4180,3.21,0
2026-06-01 19:09:00,payment,51.74,71.65,504.48,5168,6.16,1
2026-06-01 19:09:00,order,44.55,52.91,341.32,3786,5.03,0
2026-06-01 19:09:00,notification,65.98,68.35,507.87,4529,4.22,0
2026-06-01 19:12:00,payment,50.88,53.33,527.5,4577,3.6,0
2026-06-01 19:12:00,order,46.3,57.99,484.09,4080,4.17,0
2026-06-01 19:12:00,notification,58.64,68.57,533.21,4101,4.94,0
2026-06-01 19:15:00,payment,50.47,49.33,402.89,4254,5.88,0
2026-06-01 19:15:00,notification,62.47,66.09,559.82,4402,2.64,0
2026-06-01 19:15:00,order,68.02,64.52,385.41,4934,6.73,1
2026-06-01 19:18:00,notification,61.73,65.26,579.41,5641,7.46,1
2026-06-01 19:18:00,payment,43.46,60.48,379.65,4400,3.01,0
2026-06-01 19:18:00,order,52.93,68.28,495.6,4441,6.27,0
2026-06-01 19:21:00,notification,63.28,64.16,732.97,4990,7.98,1
2026-06-01 19:21:00,payment,55.78,62.68,435.95,4138,3.62,0
2026-06-01 19:21:00,order,66.57,56.3,570.05,4941,3.37,0
2026-06-01 19:24:00,notification,64.29,64.84,548.03,5092,7.56,1
2026-06-01 19:24:00,payment,59.88,59.02,409.97,4862,3.34,0
2026-06-01 19:24:00,order,68.62,61.76,545.61,4096,7.49,0
2026-06-01 19:27:00,notification,58.62,66.44,532.0,5391,4.77,1
2026-06-01 19:27:00,payment,53.11,62.81,380.06,4130,3.22,0
2026-06-01 19:27:00,order,65.08,63.38,750.41,4872,7.14,1
2026-06-01 19:30:00,payment,50.21,61.5,448.95,4006,3.31,0
2026-06-01 19:30:00,order,54.31,59.12,623.77,5198,6.18,1
2026-06-01 19:30:00,notification,54.38,62.6,662.83,4894,4.82,1
2026-06-01 19:33:00,order,62.79,61.1,517.24,4359,5.87,1
2026-06-01 19:33:00,notification,66.71,66.62,486.14,5273,5.73,1
2026-06-01 19:33:00,payment,50.66,49.14,331.17,3261,2.32,1
2026-06-01 19:36:00,order,64.36,50.73,400.83,4685,4.19,1
2026-06-01 19:36:00,notification,64.22,65.95,527.88,4952,5.83,0
2026-06-01 19:36:00,payment,44.69,50.98,284.55,3937,2.48,0
2026-06-01 19:39:00,order,61.39,61.45,620.07,4365,4.84,0
2026-06-01 19:39:00,notification,52.37,60.59,516.7,3721,4.95,0
2026-06-01 19:39:00,payment,44.2,55.4,339.85,3206,4.56,0
2026-06-01 19:42:00,notification,61.77,63.21,598.76,4666,7.09,1
2026-06-01 19:42:00,payment,58.41,60.95,434.68,3735,2.93,0
2026-06-01 19:42:00,order,55.52,64.02,607.7,4738,6.4,1
2026-06-01 19:45:00,payment,59.14,52.8,481.18,3399,3.62,0
2026-06-01 19:45:00,order,64.38,60.79,630.07,5767,5.44,1
2026-06-01 19:45:00,notification,62.76,57.63,595.79,6189,6.82,1
2026-06-01 19:48:00,payment,58.17,58.25,394.85,4459,4.89,0
2026-06-01 19:48:00,order,49.65,59.71,547.94,4885,4.92,0
2026-06-01 19:48:00,notification,64.95,71.08,862.01,5821,11.03,1
2026-06-01 19:51:00,payment,62.32,59.89,390.42,4958,4.33,1
2026-06-01 19:51:00,order,50.27,60.66,503.11,3608,6.02,0
2026-06-01 19:51:00,notification,69.38,64.68,850.57,5642,10.1,1
2026-06-01 19:54:00,payment,45.39,63.61,412.32,4875,5.32,1
2026-06-01 19:54:00,order,49.91,57.22,311.18,5176,1.67,0
2026-06-01 19:54:00,notification,65.74,67.13,675.92,5853,6.93,0
2026-06-01 19:57:00,order,53.43,49.8,360.77,3645,3.28,0
2026-06-01 19:57:00,notification,75.04,73.7,856.9,6427,9.72,1
2026-06-01 19:57:00,payment,66.55,62.47,501.66,4962,3.5,0
2026-06-01 20:00:00,notification,65.2,57.06,642.7,4716,7.17,0
2026-06-01 20:00:00,payment,58.54,57.89,553.76,4733,2.84,0
2026-06-01 20:00:00,order,45.14,60.88,381.99,4730,4.75,1
2026-06-01 20:03:00,notification,58.99,64.48,693.41,5053,8.6,1
2026-06-01 20:03:00,payment,61.7,66.4,409.47,4617,4.35,0
2026-06-01 20:03:00,order,56.31,63.07,318.31,4069,3.0,0
2026-06-01 20:06:00,notification,57.47,66.48,596.58,4898,6.12,0
2026-06-01 20:06:00,payment,58.45,57.87,428.79,4636,4.07,0
2026-06-01 20:06:00,order,58.12,55.9,417.92,3776,1.74,0
2026-06-01 20:09:00,notification,65.85,59.06,539.98,4569,7.4,1
2026-06-01 20:09:00,payment,58.44,60.82,476.43,4879,3.98,0
2026-06-01 20:09:00,order,48.22,63.36,278.87,3497,0.32,0
2026-06-01 20:12:00,notification,59.33,69.47,1008.13,5811,9.04,1
2026-06-01 20:12:00,order,33.1,54.32,277.61,3044,1.47,0
2026-06-01 20:12:00,payment,55.04,53.09,445.88,4188,4.65,1
2026-06-01 20:15:00,order,48.25,54.93,225.55,3255,4.34,0
2026-06-01 20:15:00,notification,59.35,62.46,743.91,5553,8.49,0
2026-06-01 20:15:00,payment,60.01,58.42,504.29,4491,5.09,1
2026-06-01 20:18:00,order,60.83,58.75,360.15,3748,1.88,0
2026-06-01 20:18:00,notification,66.34,74.61,795.23,5528,7.11,1
2026-06-01 20:18:00,payment,54.82,63.63,401.09,4479,3.66,1
2026-06-01 20:21:00,order,47.66,45.92,263.16,3374,1.49,0
2026-06-01 20:21:00,notification,68.39,68.55,830.93,6611,8.38,1
2026-06-01 20:21:00,payment,61.32,62.16,529.23,4254,3.72,0
2026-06-01 20:24:00,order,46.26,50.38,263.09,3886,2.12,0
2026-06-01 20:24:00,notification,76.37,69.36,896.75,6245,11.27,1
2026-06-01 20:24:00,payment,48.54,65.2,502.6,3972,5.18,0
2026-06-01 20:27:00,notification,60.2,75.55,846.4,5881,9.98,1
2026-06-01 20:27:00,payment,49.11,60.14,530.57,3490,2.12,0
2026-06-01 20:27:00,order,42.56,54.06,276.09,3255,3.14,1
2026-06-01 20:30:00,payment,61.58,65.24,252.28,3748,1.93,0
2026-06-01 20:30:00,order,46.82,45.77,262.86,3046,2.62,0
2026-06-01 20:30:00,notification,65.74,69.76,858.14,5726,10.46,1
2026-06-01 20:33:00,payment,42.45,48.44,365.21,3684,2.7,0
2026-06-01 20:33:00,order,44.55,47.96,212.29,2720,1.4,0
2026-06-01 20:33:00,notification,63.79,76.2,658.53,5527,9.65,1
2026-06-01 20:36:00,payment,39.91,39.96,284.31,2802,1.28,0
2026-06-01 20:36:00,order,49.51,54.38,257.18,3108,2.61,0
2026-06-01 20:36:00,notification,65.07,72.49,622.26,5468,9.35,1
2026-06-01 20:39:00,payment,36.2,42.93,178.0,3920,0.76,0
2026-06-01 20:39:00,notification,57.79,68.09,596.03,4421,6.64,1
2026-06-01 20:39:00,order,38.17,52.49,206.63,2963,3.08,0
2026-06-01 20:42:00,notification,54.68,65.07,508.63,4147,4.4,0
2026-06-01 20:42:00,payment,47.33,47.9,232.15,2858,0.82,0
2026-06-01 20:42:00,order,41.7,47.85,154.79,2209,0.0,0
2026-06-01 20:45:00,notification,58.58,67.9,444.78,4593,3.98,0
2026-06-01 20:45:00,payment,41.44,47.0,208.92,3462,0.78,0
2026-06-01 20:45:00,order,40.44,49.95,320.01,4019,1.12,0
2026-06-01 20:48:00,notification,53.45,44.18,374.45,4796,4.08,0
2026-06-01 20:48:00,payment,46.43,53.78,237.22,3983,2.15,1
2026-06-01 20:48:00,order,46.1,49.32,222.37,3167,0.23,0
2026-06-01 20:51:00,notification,53.72,63.93,431.59,4199,4.25,0
2026-06-01 20:51:00,payment,56.38,62.74,360.22,4295,5.52,1
2026-06-01 20:51:00,order,31.22,53.63,220.19,3066,0.65,0
2026-06-01 20:54:00,payment,50.88,67.37,441.42,4538,4.73,0
2026-06-01 20:54:00,order,41.32,60.48,227.14,3536,2.42,0
2026-06-01 20:54:00,notification,47.72,55.37,484.34,4615,5.02,0
2026-06-01 20:57:00,order,47.48,51.96,261.88,2075,0.29,0
2026-06-01 20:57:00,notification,66.04,51.43,398.79,4164,2.29,1
2026-06-01 20:57:00,payment,59.36,61.82,334.23,4657,2.33,0
2026-06-01 21:00:00,order,49.91,58.15,228.96,4161,4.74,0
2026-06-01 21:00:00,notification,50.41,54.3,244.7,4156,2.04,0
2026-06-01 21:00:00,payment,62.87,72.81,645.87,4607,5.73,1
2026-06-01 21:03:00,order,45.97,49.95,242.09,2973,2.84,0
2026-06-01 21:03:00,notification,62.62,57.64,292.3,3617,3.99,0
2026-06-01 21:03:00,payment,63.78,59.91,480.72,5198,3.83,1
2026-06-01 21:06:00,order,34.65,49.95,349.06,3119,1.62,0
2026-06-01 21:06:00,notification,52.82,50.45,320.62,3748,2.13,0
2026-06-01 21:06:00,payment,55.45,51.12,433.75,4739,3.92,0
2026-06-01 21:09:00,order,52.12,49.98,214.97,3327,2.29,1
2026-06-01 21:09:00,payment,72.25,63.02,353.29,3691,2.75,0
2026-06-01 21:09:00,notification,51.61,50.19,365.69,4546,4.77,0
2026-06-01 21:12:00,payment,55.27,45.29,300.02,3745,5.01,1
2026-06-01 21:12:00,order,60.58,51.7,367.22,4239,1.5,0
2026-06-01 21:12:00,notification,55.87,50.7,299.56,3330,4.5,1
2026-06-01 21:15:00,payment,49.13,49.22,264.18,2808,0.87,0
2026-06-01 21:15:00,order,50.39,58.51,399.01,5172,2.38,0
2026-06-01 21:15:00,notification,51.23,52.83,367.04,4096,3.5,0
2026-06-01 21:18:00,payment,41.79,55.49,283.25,4021,2.59,0
2026-06-01 21:18:00,order,52.39,64.0,316.87,4919,3.55,0
2026-06-01 21:18:00,notification,48.66,56.16,336.12,4151,1.16,0
2026-06-01 21:21:00,payment,49.35,54.82,333.43,3813,1.97,1
2026-06-01 21:21:00,order,57.78,62.89,389.04,3854,5.06,0
2026-06-01 21:21:00,notification,46.8,49.57,279.09,3404,1.75,0
2026-06-01 21:24:00,order,54.1,52.08,249.75,2915,0.93,0
2026-06-01 21:24:00,notification,47.75,56.02,295.75,4207,3.46,0
2026-06-01 21:24:00,payment,63.32,58.46,481.51,4782,4.85,1
2026-06-01 21:27:00,notification,52.42,53.98,487.39,4601,2.76,0
2026-06-01 21:27:00,payment,61.03,50.13,363.81,3770,3.33,1
2026-06-01 21:27:00,order,57.82,54.81,279.3,3698,4.56,0
2026-06-01 21:30:00,notification,60.91,66.18,393.75,4573,1.98,1
2026-06-01 21:30:00,payment,60.85,57.01,416.32,3201,4.76,1
2026-06-01 21:30:00,order,55.1,54.54,473.07,3368,2.37,0
2026-06-01 21:33:00,notification,46.56,55.11,388.59,4137,3.92,1
2026-06-01 21:33:00,payment,53.97,59.78,321.3,4706,3.51,0
2026-06-01 21:33:00,order,46.35,61.25,483.63,3670,4.47,0
2026-06-01 21:36:00,payment,43.34,56.22,366.06,3877,2.17,0
2026-06-01 21:36:00,order,59.33,68.65,655.51,5278,6.4,0
2026-06-01 21:36:00,notification,64.09,62.93,383.71,3664,4.05,1
2026-06-01 21:39:00,order,63.83,61.91,559.88,4817,6.5,1
2026-06-01 21:39:00,notification,58.12,59.6,416.4,3644,3.35,1
2026-06-01 21:39:00,payment,53.58,51.79,333.42,3401,6.45,0
2026-06-01 21:42:00,order,53.95,58.16,355.09,4412,5.2,1
2026-06-01 21:42:00,notification,45.93,49.51,341.12,3389,5.14,0
2026-06-01 21:42:00,payment,38.58,45.79,327.12,3761,2.69,0
2026-06-01 21:45:00,order,57.91,66.99,444.97,4638,3.97,1
2026-06-01 21:45:00,notification,55.2,66.0,367.65,2951,1.77,0
2026-06-01 21:45:00,payment,40.33,50.7,341.06,4464,1.98,0
2026-06-01 21:48:00,order,59.73,62.89,553.42,5136,6.33,1
2026-06-01 21:48:00,notification,55.55,61.97,233.82,4024,4.58,0
2026-06-01 21:48:00,payment,49.43,55.65,289.87,3433,2.64,0
2026-06-01 21:51:00,notification,58.69,59.97,414.19,5428,5.32,1
2026-06-01 21:51:00,payment,50.22,54.64,272.77,3377,2.97,0
2026-06-01 21:51:00,order,53.09,57.34,339.25,4319,5.79,0
2026-06-01 21:54:00,payment,50.33,47.07,243.11,3277,2.55,0
2026-06-01 21:54:00,order,58.5,63.37,667.21,5458,6.51,0
2026-06-01 21:54:00,notification,60.43,69.31,636.26,4934,6.34,0
2026-06-01 21:57:00,payment,47.1,39.35,239.88,2652,2.3,0
2026-06-01 21:57:00,order,47.07,58.99,406.7,3943,3.21,0
2026-06-01 21:57:00,notification,49.6,63.18,462.61,4883,8.12,1
2026-06-01 22:00:00,payment,49.43,54.31,266.97,3049,3.22,0
2026-06-01 22:00:00,order,45.24,47.32,277.67,3429,2.48,0
2026-06-01 22:00:00,notification,55.09,61.81,477.48,4233,6.68,1
2026-06-01 22:03:00,payment,40.52,47.87,239.8,4058,3.14,0
2026-06-01 22:03:00,notification,58.76,58.86,535.05,4566,4.19,0
2026-06-01 22:03:00,order,50.16,53.64,353.47,3698,1.74,0
2026-06-01 22:06:00,notification,58.91,60.32,515.8,4393,3.61,0
2026-06-01 22:06:00,payment,47.29,57.07,343.99,3453,1.36,0
2026-06-01 22:06:00,order,52.92,60.21,316.95,4292,5.74,1
2026-06-01 22:09:00,notification,52.09,58.26,414.49,3799,2.25,0
2026-06-01 22:09:00,payment,40.21,50.97,371.4,3315,5.18,0
2026-06-01 22:09:00,order,56.05,67.64,331.39,4288,3.78,0
2026-06-01 22:12:00,notification,52.24,56.16,230.47,3856,3.11,0
2026-06-01 22:12:00,payment,40.84,52.87,499.3,3858,5.83,0
2026-06-01 22:12:00,order,51.77,55.69,497.49,3969,1.94,0
2026-06-01 22:15:00,notification,47.21,57.08,291.32,3307,1.67,0
2026-06-01 22:15:00,payment,56.04,57.5,330.1,4331,4.13,1
2026-06-01 22:15:00,order,65.94,64.18,427.62,4236,3.27,1
2026-06-01 22:18:00,payment,43.03,65.1,331.8,2676,2.35,0
2026-06-01 22:18:00,order,65.58,63.22,513.81,5136,4.78,1
2026-06-01 22:18:00,notification,55.89,56.9,348.29,3987,0.73,0
2026-06-01 22:21:00,order,52.36,65.73,453.36,3786,5.74,1
2026-06-01 22:21:00,notification,65.32,50.74,340.84,4161,2.75,0
2026-06-01 22:21:00,payment,55.94,59.73,234.44,3909,3.03,0
2026-06-01 22:24:00,order,53.51,54.26,370.68,5080,3.11,0
2026-06-01 22:24:00,notification,51.53,57.73,246.91,4337,4.02,1
2026-06-01 22:24:00,payment,56.39,55.85,380.48,4688,2.36,0
2026-06-01 22:27:00,order,61.98,64.88,399.69,4117,4.67,0
2026-06-01 22:27:00,notification,47.79,50.38,387.08,3596,4.13,0
2026-06-01 22:27:00,payment,48.95,59.44,300.78,4830,3.19,0
2026-06-01 22:30:00,order,51.31,66.75,578.22,4203,3.21,0
2026-06-01 22:30:00,payment,56.78,49.37,341.04,4308,0.94,0
2026-06-01 22:30:00,notification,49.86,46.82,322.63,3463,3.78,0
2026-06-01 22:33:00,payment,48.4,51.78,401.9,4512,5.19,0
2026-06-01 22:33:00,order,51.38,67.57,414.02,4510,5.04,0
2026-06-01 22:33:00,notification,53.96,53.2,255.85,3558,2.46,0
2026-06-01 22:36:00,payment,41.79,45.25,354.9,4561,4.88,0
2026-06-01 22:36:00,order,61.01,65.24,345.89,4289,5.12,1
2026-06-01 22:36:00,notification,46.21,49.47,291.15,3520,3.37,0
2026-06-01 22:39:00,payment,58.17,70.32,450.27,4480,2.72,0
2026-06-01 22:39:00,order,58.46,59.99,452.82,3933,4.79,1
2026-06-01 22:39:00,notification,49.29,46.23,229.79,2753,4.12,0
2026-06-01 22:42:00,payment,58.8,72.86,576.22,5353,7.18,1
2026-06-01 22:42:00,order,57.18,58.93,272.37,3945,0.02,0
2026-06-01 22:42:00,notification,55.36,48.42,378.68,3405,3.4,0
2026-06-01 22:45:00,order,53.06,54.27,419.11,3482,2.88,0
2026-06-01 22:45:00,notification,60.19,56.01,291.73,3708,2.74,0
2026-06-01 22:45:00,payment,57.32,65.78,603.95,5519,5.53,1
2026-06-01 22:48:00,notification,55.09,53.71,350.09,3141,5.42,0
2026-06-01 22:48:00,payment,70.62,63.48,473.19,4169,4.91,1
2026-06-01 22:48:00,order,49.64,45.26,345.77,3616,1.8,0
2026-06-01 22:51:00,notification,47.92,48.05,284.59,3365,1.49,1
2026-06-01 22:51:00,payment,50.97,56.19,561.11,5051,6.18,0
2026-06-01 22:51:00,order,43.12,57.65,365.65,3214,3.87,0
2026-06-01 22:54:00,notification,52.75,57.55,384.45,3600,3.86,0
2026-06-01 22:54:00,payment,58.56,59.59,444.97,4549,2.29,1
2026-06-01 22:54:00,order,53.7,57.02,410.32,4097,3.56,1
2026-06-01 22:57:00,notification,52.44,56.04,319.8,4209,0.0,1
2026-06-01 22:57:00,payment,50.06,69.45,511.47,4421,4.3,1
2026-06-01 22:57:00,order,57.03,59.89,308.38,3621,4.78,0
2026-06-01 23:00:00,notification,55.37,60.39,332.81,3812,3.36,0
2026-06-01 23:00:00,order,58.74,60.78,415.04,3063,2.69,1
2026-06-01 23:00:00,payment,60.34,60.18,486.97,4262,4.09,1
2026-06-01 23:03:00,order,57.38,50.88,392.75,3561,3.11,1
2026-06-01 23:03:00,notification,57.57,53.6,348.67,3457,0.0,0
2026-06-01 23:03:00,payment,56.58,56.61,323.69,4338,4.07,0
2026-06-01 23:06:00,order,53.28,65.86,340.22,3563,2.36,0
2026-06-01 23:06:00,notification,46.51,56.16,335.23,3619,3.57,0
2026-06-01 23:06:00,payment,53.98,48.03,431.18,4040,1.55,0
2026-06-01 23:09:00,order,58.39,53.2,162.11,3549,2.73,0
2026-06-01 23:09:00,notification,39.27,45.2,283.24,3111,1.27,0
2026-06-01 23:09:00,payment,41.43,59.83,247.68,3866,2.76,1
2026-06-01 23:12:00,order,41.23,49.42,324.86,3276,1.76,0
2026-06-01 23:12:00,notification,45.12,57.38,241.82,2694,2.54,0
2026-06-01 23:12:00,payment,37.33,48.2,222.32,3051,2.66,0
2026-06-01 23:15:00,notification,41.21,37.9,183.84,2370,0.47,0
2026-06-01 23:15:00,payment,45.56,38.13,128.28,2581,1.63,0
2026-06-01 23:15:00,order,51.43,49.7,329.64,3615,1.61,0
2026-06-01 23:18:00,payment,50.68,42.35,207.57,2323,0.88,0
2026-06-01 23:18:00,order,43.24,43.54,418.97,3168,1.89,0
2026-06-01 23:18:00,notification,44.48,49.5,246.3,1617,0.4,0
2026-06-01 23:21:00,payment,43.4,40.97,343.86,2520,4.43,0
2026-06-01 23:21:00,order,55.11,55.65,178.5,3568,2.69,0
2026-06-01 23:21:00,notification,36.11,43.37,163.05,1906,0.04,0
2026-06-01 23:24:00,payment,41.32,51.94,285.41,3480,1.04,0
2026-06-01 23:24:00,order,45.67,51.89,278.59,3354,3.84,1
2026-06-01 23:24:00,notification,38.05,58.03,178.64,2951,1.92,0
2026-06-01 23:27:00,order,57.53,52.44,428.96,4097,3.03,0
2026-06-01 23:27:00,notification,36.63,47.03,122.83,2043,1.6,0
2026-06-01 23:27:00,payment,51.82,56.24,303.95,3425,3.69,0
2026-06-01 23:30:00,notification,37.31,50.82,171.23,2308,0.22,0
2026-06-01 23:30:00,payment,61.59,50.35,269.05,3788,2.5,1
2026-06-01 23:30:00,order,50.39,54.78,340.65,3920,4.24,0
2026-06-01 23:33:00,notification,40.22,40.63,284.53,3079,1.8,0
2026-06-01 23:33:00,payment,48.68,57.63,212.45,3694,4.82,0
2026-06-01 23:33:00,order,54.68,55.71,338.22,3281,3.91,0
2026-06-01 23:36:00,notification,38.64,57.72,304.97,3538,1.18,1
2026-06-01 23:36:00,payment,55.74,53.22,369.14,3862,2.66,0
2026-06-01 23:36:00,order,52.82,61.2,505.42,4076,3.55,0
2026-06-01 23:39:00,notification,31.14,52.54,149.55,2581,1.18,0
2026-06-01 23:39:00,payment,41.91,57.61,290.94,3082,2.81,0
2026-06-01 23:39:00,order,50.39,47.56,366.39,3307,2.81,0
2026-06-01 23:42:00,payment,46.79,51.1,220.4,3079,2.82,0
2026-06-01 23:42:00,order,52.63,50.56,398.83,4245,3.86,0
2026-06-01 23:42:00,notification,50.26,42.18,306.29,2939,1.35,1
2026-06-01 23:45:00,order,55.55,57.74,379.53,4461,5.11,0
2026-06-01 23:45:00,notification,44.84,46.35,221.43,3567,0.98,0
2026-06-01 23:45:00,payment,52.46,69.55,251.54,4049,1.27,0
2026-06-01 23:48:00,order,49.71,52.72,349.34,4024,4.07,0
2026-06-01 23:48:00,notification,52.29,44.8,319.94,2662,1.96,0
2026-06-01 23:48:00,payment,50.07,50.6,295.03,3533,1.29,0
2026-06-01 23:51:00,order,50.57,54.25,259.87,2959,3.33,0
2026-06-01 23:51:00,notification,32.99,53.64,277.65,3099,2.22,0
2026-06-01 23:51:00,payment,45.83,51.23,399.42,3695,2.57,0
2026-06-01 23:54:00,order,56.64,53.25,396.49,3784,5.34,1
2026-06-01 23:54:00,notification,56.1,48.97,228.13,2677,0.0,0
2026-06-01 23:54:00,payment,42.15,47.72,213.69,3687,3.35,0
2026-06-01 23:57:00,order,51.66,66.78,369.26,4295,2.97,0
2026-06-01 23:57:00,payment,53.01,51.86,350.73,3680,2.5,1
2026-06-01 23:57:00,notification,43.39,43.86,168.3,2841,1.48,0
2026-06-02 00:00:00,payment,61.02,50.06,408.08,3644,3.48,0
2026-06-02 00:00:00,order,61.46,56.55,442.27,4180,3.68,1
2026-06-02 00:00:00,notification,34.89,48.13,178.13,3520,4.91,0
2026-06-02 00:03:00,payment,62.53,59.78,348.87,4656,5.27,0
2026-06-02 00:03:00,order,55.68,62.54,326.7,3785,4.82,0
2026-06-02 00:03:00,notification,31.69,52.59,198.21,3182,3.24,0
2026-06-02 00:06:00,payment,67.06,51.14,439.09,4238,2.0,0
2026-06-02 00:06:00,order,44.15,55.22,339.77,3543,3.28,0
2026-06-02 00:06:00,notification,45.08,53.15,409.59,3766,5.1,0
2026-06-02 00:09:00,payment,55.92,60.52,546.01,4960,2.5,0
2026-06-02 00:09:00,order,50.7,55.75,313.25,2737,1.49,0
2026-06-02 00:09:00,notification,54.32,57.52,293.95,3876,1.41,0
2026-06-02 00:12:00,order,47.54,44.27,167.6,2892,0.35,0
2026-06-02 00:12:00,notification,49.9,41.52,314.82,3874,2.04,0
2026-06-02 00:12:00,payment,53.54,53.21,364.7,3780,1.15,0
2026-06-02 00:15:00,notification,48.41,64.82,335.81,3630,1.96,0
2026-06-02 00:15:00,payment,62.11,56.87,372.65,4288,5.21,1
2026-06-02 00:15:00,order,44.95,53.95,230.63,2461,3.28,0
2026-06-02 00:18:00,notification,59.62,57.42,376.78,3586,3.53,1
2026-06-02 00:18:00,payment,56.78,60.52,441.89,3925,3.27,0
2026-06-02 00:18:00,order,42.18,48.82,203.87,2775,1.76,0
2026-06-02 00:21:00,notification,53.81,59.4,369.01,3772,3.89,0
2026-06-02 00:21:00,payment,43.74,66.6,341.69,2901,3.89,0
2026-06-02 00:21:00,order,24.16,46.27,143.15,2762,2.2,0
2026-06-02 00:24:00,notification,45.19,63.46,516.07,4054,4.6,0
2026-06-02 00:24:00,order,43.7,44.41,321.05,3841,2.72,0
2026-06-02 00:24:00,payment,44.13,50.28,294.33,4030,2.75,0
2026-06-02 00:27:00,order,57.56,59.04,330.6,4362,5.44,0
2026-06-02 00:27:00,notification,62.67,65.69,486.21,3349,3.51,1
2026-06-02 00:27:00,payment,50.54,52.59,350.38,2701,3.54,0
2026-06-02 00:30:00,order,49.57,67.57,480.26,4228,5.33,0
2026-06-02 00:30:00,notification,47.59,64.21,324.51,4324,2.97,0
2026-06-02 00:30:00,payment,48.13,51.08,381.35,3527,2.48,0
2026-06-02 00:33:00,order,57.47,54.56,416.45,3856,3.64,1
2026-06-02 00:33:00,notification,48.96,55.78,344.53,4647,3.1,0
2026-06-02 00:33:00,payment,51.48,52.42,387.11,4349,3.67,1
2026-06-02 00:36:00,order,59.54,54.26,474.26,4416,4.92,0
2026-06-02 00:36:00,notification,50.3,48.23,412.86,3938,3.02,1
2026-06-02 00:36:00,payment,58.28,53.37,334.58,3717,3.54,0
2026-06-02 00:39:00,notification,50.39,56.38,368.28,3279,3.24,0
2026-06-02 00:39:00,payment,54.87,59.77,313.91,3403,3.28,0
2026-06-02 00:39:00,order,53.41,57.26,376.57,4793,4.0,0
2026-06-02 00:42:00,payment,58.91,53.73,370.34,4151,5.03,1
2026-06-02 00:42:00,order,39.3,60.8,255.66,4487,3.83,1
2026-06-02 00:42:00,notification,45.53,60.71,266.47,3695,3.61,0
2026-06-02 00:45:00,payment,37.88,66.18,246.88,3573,0.74,0
2026-06-02 00:45:00,order,47.94,48.2,317.29,4143,4.98,0
2026-06-02 00:45:00,notification,36.63,55.41,257.82,2738,3.81,0
2026-06-02 00:48:00,payment,52.97,58.69,443.12,3724,3.05,0
2026-06-02 00:48:00,order,57.38,54.9,522.09,4194,5.06,1
2026-06-02 00:48:00,notification,45.59,44.19,385.03,2920,3.12,0
2026-06-02 00:51:00,payment,50.1,46.9,367.51,3803,2.25,0
2026-06-02 00:51:00,order,61.71,53.88,601.8,3653,1.73,1
2026-06-02 00:51:00,notification,55.41,65.09,361.71,4341,3.68,1
2026-06-02 00:54:00,payment,35.97,49.43,238.94,2739,1.93,0
2026-06-02 00:54:00,notification,54.37,56.4,423.08,3376,2.2,0
2026-06-02 00:54:00,order,34.58,55.71,403.83,3940,2.83,0
2026-06-02 00:57:00,notification,57.32,60.12,379.55,4115,4.21,1
2026-06-02 00:57:00,payment,36.21,43.03,207.72,2485,0.68,0
2026-06-02 00:57:00,order,48.62,53.1,209.52,2601,4.19,0
2026-06-02 01:00:00,notification,55.51,47.81,365.82,4532,4.76,0
2026-06-02 01:00:00,payment,32.14,48.54,226.13,2697,0.21,0
2026-06-02 01:00:00,order,41.68,54.06,262.02,4259,2.05,0
2026-06-02 01:03:00,notification,46.89,62.48,313.16,3729,5.02,0
2026-06-02 01:03:00,payment,42.23,40.5,327.73,2386,3.25,0
2026-06-02 01:03:00,order,50.36,54.33,268.15,3721,5.15,0
2026-06-02 01:06:00,notification,46.06,60.63,404.82,3728,5.47,0
2026-06-02 01:06:00,payment,54.82,44.49,345.26,3907,1.77,0
2026-06-02 01:06:00,order,47.04,57.6,345.65,2540,3.13,0
2026-06-02 01:09:00,payment,55.49,46.81,123.2,2928,4.52,0
2026-06-02 01:09:00,order,58.34,56.07,365.42,3238,2.87,0
2026-06-02 01:09:00,notification,52.79,54.56,325.9,3962,1.85,0
2026-06-02 01:12:00,order,37.52,52.68,247.89,2672,2.39,0
2026-06-02 01:12:00,notification,53.03,63.34,341.96,3055,4.39,0
2026-06-02 01:12:00,payment,34.99,50.24,164.4,2990,1.77,0
2026-06-02 01:15:00,order,48.26,51.47,220.16,2686,0.0,0
2026-06-02 01:15:00,notification,53.02,58.21,481.53,3714,2.97,0
2026-06-02 01:15:00,payment,36.28,47.27,151.45,2261,0.18,0
2026-06-02 01:18:00,order,48.04,55.53,153.53,2760,2.59,0
2026-06-02 01:18:00,notification,53.73,61.63,331.63,4554,2.86,0
2026-06-02 01:18:00,payment,37.01,48.46,95.62,1910,1.23,0
2026-06-02 01:21:00,notification,50.09,55.54,451.65,3863,2.63,1
2026-06-02 01:21:00,payment,44.15,51.12,313.88,2658,1.51,0
2026-06-02 01:21:00,order,40.8,43.93,191.55,2857,1.99,0
2026-06-02 01:24:00,payment,46.0,49.56,328.49,3024,3.24,0
2026-06-02 01:24:00,order,47.28,54.42,280.82,3351,1.58,0
2026-06-02 01:24:00,notification,51.72,53.85,392.51,3915,2.85,1
2026-06-02 01:27:00,payment,44.34,53.03,167.01,3210,0.07,0
2026-06-02 01:27:00,order,43.23,61.4,278.5,2411,3.52,0
2026-06-02 01:27:00,notification,48.95,67.67,412.17,4160,3.6,0
2026-06-02 01:30:00,payment,54.39,44.81,230.46,2718,0.0,0
2026-06-02 01:30:00,order,38.3,40.07,189.19,3112,0.0,0
2026-06-02 01:30:00,notification,45.47,59.27,400.81,3632,2.77,0
2026-06-02 01:33:00,payment,47.09,38.1,145.31,2223,1.64,0
2026-06-02 01:33:00,order,42.68,50.73,317.76,3326,1.59,0
2026-06-02 01:33:00,notification,53.4,47.51,364.81,3107,3.21,0
2026-06-02 01:36:00,order,44.15,47.33,292.71,4000,3.87,0
2026-06-02 01:36:00,notification,43.27,55.45,401.44,4006,3.54,1
2026-06-02 01:36:00,payment,34.18,49.56,179.33,3305,2.21,0
2026-06-02 01:39:00,notification,38.03,58.26,307.58,3265,4.14,0
2026-06-02 01:39:00,payment,46.4,43.27,190.81,2534,1.69,0
2026-06-02 01:39:00,order,39.86,54.03,283.65,3718,3.36,0
2026-06-02 01:42:00,notification,42.55,56.39,271.03,4030,2.51,0
2026-06-02 01:42:00,payment,47.42,48.34,267.18,3017,2.21,0
2026-06-02 01:42:00,order,43.14,59.31,244.97,3704,1.4,0
2026-06-02 01:45:00,notification,47.09,62.22,229.7,3105,1.89,0
2026-06-02 01:45:00,payment,46.6,51.51,193.45,3080,2.43,0
2026-06-02 01:45:00,order,46.78,56.34,306.03,4255,1.53,0
2026-06-02 01:48:00,notification,42.43,52.94,194.4,3156,2.52,0
2026-06-02 01:48:00,order,43.29,47.8,207.58,3198,1.25,0
2026-06-02 01:48:00,payment,52.59,53.07,106.39,3215,0.21,0
2026-06-02 01:51:00,order,45.01,51.64,166.74,2848,1.92,0
2026-06-02 01:51:00,notification,31.68,42.29,177.88,3184,2.31,0
2026-06-02 01:51:00,payment,48.7,58.02,195.91,4041,2.65,0
2026-06-02 01:54:00,order,41.86,48.04,275.97,1957,1.13,0
2026-06-02 01:54:00,notification,47.57,46.63,238.72,2930,2.05,0
2026-06-02 01:54:00,payment,46.75,55.78,197.71,3217,3.52,0
2026-06-02 01:57:00,order,36.27,48.64,289.66,2845,1.27,0
2026-06-02 01:57:00,notification,39.96,52.23,112.26,1931,1.7,0
2026-06-02 01:57:00,payment,48.68,54.62,259.29,3367,2.59,0
2026-06-02 02:00:00,order,45.1,52.17,226.5,3620,1.71,0
2026-06-02 02:00:00,notification,49.97,46.0,125.68,2730,4.91,0
2026-06-02 02:00:00,payment,39.78,54.78,383.51,3826,1.66,0
2026-06-02 02:03:00,notification,45.25,52.62,196.33,2547,1.3,0
2026-06-02 02:03:00,payment,48.0,54.64,243.19,3366,2.09,0
2026-06-02 02:03:00,order,49.85,60.01,249.96,3561,1.6,0
2026-06-02 02:06:00,payment,41.8,48.85,190.77,3010,2.66,0
2026-06-02 02:06:00,order,43.5,54.6,318.68,3142,1.7,0
2026-06-02 02:06:00,notification,49.18,49.79,240.09,3227,3.23,0
2026-06-02 02:09:00,payment,42.19,53.82,266.95,3456,4.81,0
2026-06-02 02:09:00,order,45.09,57.3,365.39,3860,1.76,1
2026-06-02 02:09:00,notification,42.99,53.66,407.96,3281,3.03,0
2026-06-02 02:12:00,payment,56.92,67.05,238.08,4214,0.11,0
2026-06-02 02:12:00,order,46.43,64.81,387.55,3412,2.74,0
2026-06-02 02:12:00,notification,33.34,55.72,317.63,3812,1.29,0
2026-06-02 02:15:00,order,48.85,45.56,340.82,3846,2.89,0
2026-06-02 02:15:00,notification,48.79,55.32,337.98,4113,0.53,0
2026-06-02 02:15:00,payment,54.65,57.67,333.61,4190,3.6,0
2026-06-02 02:18:00,notification,42.8,55.39,417.94,4484,0.8,0
2026-06-02 02:18:00,payment,49.45,57.33,292.83,3553,1.61,0
2026-06-02 02:18:00,order,57.46,55.43,381.93,3590,1.96,0
2026-06-02 02:21:00,notification,53.54,45.9,257.67,2829,2.57,0
2026-06-02 02:21:00,payment,49.49,54.29,433.87,4433,4.08,0
2026-06-02 02:21:00,order,53.46,51.08,426.55,4230,3.15,0
2026-06-02 02:24:00,notification,55.94,61.85,422.89,3043,1.03,0
2026-06-02 02:24:00,payment,53.97,62.34,319.08,3332,4.01,0
2026-06-02 02:24:00,order,51.74,55.68,445.67,3968,4.77,0
2026-06-02 02:27:00,notification,50.51,59.79,343.95,3596,2.48,0
2026-06-02 02:27:00,payment,57.9,60.83,351.96,4490,2.97,1
2026-06-02 02:27:00,order,63.06,59.8,358.11,4011,3.41,1
2026-06-02 02:30:00,payment,50.17,63.57,409.03,4801,4.82,0
2026-06-02 02:30:00,order,47.49,58.34,359.19,3151,3.0,0
2026-06-02 02:30:00,notification,39.94,52.18,191.29,3089,2.11,0
2026-06-02 02:33:00,order,57.89,52.28,260.47,3499,4.02,1
2026-06-02 02:33:00,notification,46.2,58.49,245.55,2766,1.56,0
2026-06-02 02:33:00,payment,52.81,58.86,440.29,4931,4.83,1
2026-06-02 02:36:00,order,54.94,56.71,280.9,3011,2.43,0
2026-06-02 02:36:00,notification,48.31,54.85,201.88,3075,1.61,0
2026-06-02 02:36:00,payment,54.59,60.04,314.87,4069,2.48,0
2026-06-02 02:39:00,order,53.46,47.98,325.4,3926,3.34,1
2026-06-02 02:39:00,notification,50.4,57.65,281.99,3477,3.56,1
2026-06-02 02:39:00,payment,36.12,59.82,357.97,3661,0.74,0
2026-06-02 02:42:00,order,47.78,45.47,355.93,3078,0.0,0
2026-06-02 02:42:00,notification,45.59,57.94,378.76,3689,2.06,0
2026-06-02 02:42:00,payment,48.33,55.68,242.15,4104,4.24,0
2026-06-02 02:45:00,order,48.51,53.89,251.22,3559,1.66,0
2026-06-02 02:45:00,payment,41.65,49.93,236.73,2858,2.72,0
2026-06-02 02:45:00,notification,34.54,55.68,223.71,3755,2.14,0
2026-06-02 02:48:00,payment,45.38,56.63,234.86,3161,2.73,0
2026-06-02 02:48:00,order,50.41,54.61,341.0,3151,1.72,0
2026-06-02 02:48:00,notification,48.18,46.8,285.73,3693,0.0,0
2026-06-02 02:51:00,payment,41.78,46.46,174.4,3144,0.99,0
2026-06-02 02:51:00,order,54.44,62.28,323.53,3167,4.51,1
2026-06-02 02:51:00,notification,47.54,51.78,302.66,3396,2.7,0
2026-06-02 02:54:00,payment,48.82,50.1,295.43,4062,3.57,0
2026-06-02 02:54:00,order,43.58,64.6,299.51,3449,3.36,0
2026-06-02 02:54:00,notification,51.21,46.22,230.27,3968,3.99,0
2026-06-02 02:57:00,payment,53.06,47.94,306.97,2474,3.79,0
2026-06-02 02:57:00,order,41.12,46.16,145.28,2819,0.2,0
2026-06-02 02:57:00,notification,47.81,47.72,319.18,3841,3.4,1
2026-06-02 03:00:00,order,51.39,39.04,231.47,2901,0.3,1
2026-06-02 03:00:00,notification,47.43,60.29,369.29,3574,2.24,0
2026-06-02 03:00:00,payment,38.25,38.38,135.8,2290,1.02,0
2026-06-02 03:03:00,notification,42.85,52.35,219.41,2012,1.25,0
2026-06-02 03:03:00,payment,38.49,48.3,143.11,2396,0.92,0
2026-06-02 03:03:00,order,43.42,39.81,104.49,3423,0.0,0
2026-06-02 03:06:00,notification,46.55,51.61,350.0,2961,4.57,0
2026-06-02 03:06:00,payment,48.01,38.76,65.69,2514,0.0,0
2026-06-02 03:06:00,order,47.22,44.01,270.97,2007,1.87,0
2026-06-02 03:09:00,notification,64.27,50.46,270.11,3520,3.61,0
2026-06-02 03:09:00,payment,34.94,43.08,77.97,2183,0.09,0
2026-06-02 03:09:00,order,34.63,49.62,289.59,3256,1.78,0
2026-06-02 03:12:00,payment,49.9,45.02,126.42,2815,0.0,0
2026-06-02 03:12:00,order,37.68,45.85,149.57,2882,0.82,0
2026-06-02 03:12:00,notification,46.26,46.52,384.74,3641,2.48,0
2026-06-02 03:15:00,order,43.61,41.99,127.97,2579,0.44,0
2026-06-02 03:15:00,notification,43.6,45.57,294.35,2683,2.8,0
2026-06-02 03:15:00,payment,39.51,46.68,151.79,3145,1.24,0
2026-06-02 03:18:00,order,41.92,57.69,209.46,2714,1.54,0
2026-06-02 03:18:00,notification,52.3,50.55,339.56,3920,1.78,0
2026-06-02 03:18:00,payment,50.82,45.31,161.84,3147,0.75,0
2026-06-02 03:21:00,order,28.88,47.05,114.96,2696,4.0,0
2026-06-02 03:21:00,notification,51.13,39.86,265.98,4118,2.37,0
2026-06-02 03:21:00,payment,46.13,47.96,190.8,2970,1.8,0
2026-06-02 03:24:00,order,45.23,56.29,180.07,2701,0.92,0
2026-06-02 03:24:00,notification,49.63,59.15,360.15,3792,1.8,0
2026-06-02 03:24:00,payment,41.6,46.42,83.04,2591,0.05,0
2026-06-02 03:27:00,notification,45.04,57.11,362.54,3926,3.98,0
2026-06-02 03:27:00,payment,42.24,46.92,179.93,3631,1.29,0
2026-06-02 03:27:00,order,50.67,41.48,244.86,2978,3.25,0
2026-06-02 03:30:00,payment,41.23,47.27,280.8,3195,0.7,0
2026-06-02 03:30:00,order,42.26,56.64,180.12,2661,1.48,0
2026-06-02 03:30:00,notification,42.4,57.7,383.72,4026,1.79,0
2026-06-02 03:33:00,payment,46.7,57.62,188.94,3702,2.29,0
2026-06-02 03:33:00,order,50.08,50.67,355.3,2891,3.21,0
2026-06-02 03:33:00,notification,44.53,54.21,325.64,3309,1.28,0
2026-06-02 03:36:00,payment,53.17,42.99,274.51,4275,0.39,0
2026-06-02 03:36:00,order,56.87,48.94,208.02,2672,2.67,0
2026-06-02 03:36:00,notification,42.93,50.22,207.19,3095,2.25,0
2026-06-02 03:39:00,payment,48.34,53.02,324.43,3894,2.66,0
2026-06-02 03:39:00,order,50.0,47.77,250.9,3099,1.36,0
2026-06-02 03:39:00,notification,42.96,53.05,342.63,3212,0.0,0
2026-06-02 03:42:00,payment,51.59,56.0,358.6,3708,3.3,0
2026-06-02 03:42:00,notification,52.57,53.29,340.43,3835,1.44,1
2026-06-02 03:42:00,order,45.95,49.68,235.78,3136,3.19,0
2026-06-02 03:45:00,notification,51.98,59.63,201.99,3675,1.03,0
2026-06-02 03:45:00,payment,50.79,59.42,400.93,3482,3.55,1
2026-06-02 03:45:00,order,42.66,54.06,325.95,3176,4.24,1
2026-06-02 03:48:00,notification,53.35,47.84,371.62,2761,2.34,0
2026-06-02 03:48:00,payment,56.66,48.71,257.72,3688,0.98,0
2026-06-02 03:48:00,order,52.78,61.3,389.41,3950,3.35,0
2026-06-02 03:51:00,notification,43.41,59.16,294.89,3642,2.93,0
2026-06-02 03:51:00,payment,55.56,51.37,356.5,3822,3.22,0
2026-06-02 03:51:00,order,64.1,45.58,343.92,3405,2.74,0
2026-06-02 03:54:00,notification,59.09,52.41,403.87,4210,5.86,0
2026-06-02 03:54:00,payment,41.37,50.96,278.7,3410,1.56,0
2026-06-02 03:54:00,order,60.55,65.0,369.82,4620,4.33,1
2026-06-02 03:57:00,payment,38.41,54.32,217.94,3797,1.72,0
2026-06-02 03:57:00,order,48.13,55.79,272.77,3549,4.53,0
2026-06-02 03:57:00,notification,41.51,51.99,406.83,3418,2.37,0
2026-06-02 04:00:00,order,56.77,52.63,264.84,3532,0.75,0
2026-06-02 04:00:00,notification,54.02,51.68,366.48,4427,2.04,0
2026-06-02 04:00:00,payment,43.12,49.3,262.13,2918,0.0,1
2026-06-02 04:03:00,order,56.33,59.48,282.36,3740,1.29,0
2026-06-02 04:03:00,notification,59.41,49.31,473.12,4088,5.28,1
2026-06-02 04:03:00,payment,50.8,42.39,184.73,2699,0.0,0
2026-06-02 04:06:00,order,36.01,55.01,309.36,3679,4.12,0
2026-06-02 04:06:00,notification,48.87,60.91,413.13,5036,3.27,0
2026-06-02 04:06:00,payment,50.25,47.34,190.5,2564,1.13,0
2026-06-02 04:09:00,order,56.16,52.81,441.41,3992,2.26,1
2026-06-02 04:09:00,payment,36.62,54.85,320.57,3570,3.36,0
2026-06-02 04:09:00,notification,45.86,53.51,337.32,4420,3.89,0
2026-06-02 04:12:00,payment,41.07,43.17,328.18,2937,2.12,0
2026-06-02 04:12:00,order,50.96,51.73,361.67,3768,4.5,0
2026-06-02 04:12:00,notification,51.06,58.16,312.58,3897,2.5,0
2026-06-02 04:15:00,payment,40.16,51.39,220.86,2669,2.13,0
2026-06-02 04:15:00,order,45.2,63.22,378.8,3367,2.23,0
2026-06-02 04:15:00,notification,65.54,68.31,343.89,4495,4.94,0
2026-06-02 04:18:00,payment,46.36,53.61,292.03,3520,1.28,0
2026-06-02 04:18:00,order,48.67,46.4,366.61,3467,2.0,0
2026-06-02 04:18:00,notification,69.34,60.8,457.9,4739,5.67,1
2026-06-02 04:21:00,payment,57.15,51.36,354.03,3065,0.97,0
2026-06-02 04:21:00,order,51.61,53.66,292.34,3660,4.01,0
2026-06-02 04:21:00,notification,64.54,63.55,556.4,3893,4.3,0
2026-06-02 04:24:00,order,49.2,51.68,307.38,3504,4.78,0
2026-06-02 04:24:00,notification,51.09,66.53,395.03,4448,4.65,1
2026-06-02 04:24:00,payment,37.34,65.37,259.82,3116,2.33,1
2026-06-02 04:27:00,notification,56.18,62.03,485.53,3709,3.77,0
2026-06-02 04:27:00,payment,37.9,51.3,328.51,3475,3.16,0
2026-06-02 04:27:00,order,52.79,60.8,406.16,3267,2.42,0
2026-06-02 04:30:00,notification,68.5,60.3,405.07,4129,4.11,0
2026-06-02 04:30:00,payment,43.19,56.08,349.09,3170,2.67,0
2026-06-02 04:30:00,order,52.15,58.4,470.71,3690,4.66,1
2026-06-02 04:33:00,notification,59.69,50.59,487.13,4228,3.29,0
2026-06-02 04:33:00,payment,46.11,46.8,208.2,2930,3.8,0
2026-06-02 04:33:00,order,59.83,53.42,560.55,3494,3.39,0
2026-06-02 04:36:00,notification,47.13,61.41,469.77,3906,6.18,0
2026-06-02 04:36:00,payment,48.5,53.6,272.87,2870,1.0,0
2026-06-02 04:36:00,order,49.24,51.93,296.75,3649,3.71,0
2026-06-02 04:39:00,notification,57.24,60.48,310.39,3938,3.03,0
2026-06-02 04:39:00,order,40.09,55.85,406.85,3452,3.09,0
2026-06-02 04:39:00,payment,48.6,56.34,265.78,3010,2.23,0
2026-06-02 04:42:00,order,46.88,56.45,343.15,3719,2.65,0
2026-06-02 04:42:00,notification,45.81,64.62,374.38,4327,2.3,0
2026-06-02 04:42:00,payment,51.05,47.36,163.27,2680,0.0,0
2026-06-02 04:45:00,order,38.19,40.51,211.22,3354,1.08,0
2026-06-02 04:45:00,notification,50.65,55.56,358.88,3747,1.19,0
2026-06-02 04:45:00,payment,34.57,51.01,193.97,3015,2.13,0
2026-06-02 04:48:00,order,38.85,49.0,213.62,3482,0.27,0
2026-06-02 04:48:00,notification,56.76,63.43,420.1,3574,2.02,0
2026-06-02 04:48:00,payment,49.0,44.03,168.33,2497,3.15,0
2026-06-02 04:51:00,order,51.57,51.53,208.47,3311,1.16,0
2026-06-02 04:51:00,notification,52.93,56.59,460.01,4700,4.77,1
2026-06-02 04:51:00,payment,44.48,46.58,327.82,3572,0.83,0
2026-06-02 04:54:00,notification,51.31,63.79,362.08,4275,3.68,1
2026-06-02 04:54:00,payment,54.34,60.52,392.18,3805,3.8,0
2026-06-02 04:54:00,order,51.71,58.8,315.16,3773,3.16,0
2026-06-02 04:57:00,payment,41.17,51.86,364.16,4113,4.35,0
2026-06-02 04:57:00,order,39.4,55.52,327.42,3083,2.58,0
2026-06-02 04:57:00,notification,61.08,55.12,421.65,4194,3.52,1
2026-06-02 05:00:00,payment,50.05,43.33,362.26,4487,1.98,0
2026-06-02 05:00:00,order,43.44,54.0,192.24,2801,2.19,0
2026-06-02 05:00:00,notification,57.84,58.81,367.09,4282,4.47,0
2026-06-02 05:03:00,payment,45.01,58.79,255.37,3311,2.19,0
2026-06-02 05:03:00,order,49.4,60.39,366.52,3034,4.28,0
2026-06-02 05:03:00,notification,58.29,57.43,452.24,4453,5.96,1
2026-06-02 05:06:00,order,46.92,57.92,401.16,4453,4.58,0
2026-06-02 05:06:00,notification,70.22,61.82,490.31,4218,3.75,1
2026-06-02 05:06:00,payment,48.34,44.1,218.2,2984,3.22,0
2026-06-02 05:09:00,notification,54.77,58.35,309.08,3625,3.34,0
2026-06-02 05:09:00,payment,32.29,47.21,231.0,3143,1.65,0
2026-06-02 05:09:00,order,52.1,42.78,378.06,4192,4.54,1
2026-06-02 05:12:00,notification,56.51,59.71,446.3,4921,1.4,0
2026-06-02 05:12:00,payment,40.31,55.23,214.68,2853,2.1,0
2026-06-02 05:12:00,order,53.19,64.93,415.2,4306,2.36,1
2026-06-02 05:15:00,notification,54.71,56.98,454.86,4609,5.62,1
2026-06-02 05:15:00,payment,36.85,49.06,143.11,3035,0.0,0
2026-06-02 05:15:00,order,58.15,63.02,584.41,5548,6.73,1
2026-06-02 05:18:00,notification,49.74,59.82,373.52,4933,7.59,1
2026-06-02 05:18:00,payment,52.5,54.11,278.13,3661,3.41,1
2026-06-02 05:18:00,order,54.94,58.78,349.96,4130,4.22,0
2026-06-02 05:21:00,payment,51.08,46.21,211.32,2935,2.72,0
2026-06-02 05:21:00,order,47.84,57.56,379.44,3964,5.4,1
2026-06-02 05:21:00,notification,48.05,62.63,404.1,4320,4.04,0
2026-06-02 05:24:00,order,53.91,59.85,310.95,4245,3.04,0
2026-06-02 05:24:00,notification,64.19,61.36,430.24,5177,4.76,0
2026-06-02 05:24:00,payment,52.44,42.74,313.24,3497,0.21,0
2026-06-02 05:27:00,order,61.66,58.78,442.22,3682,1.73,0
2026-06-02 05:27:00,notification,54.8,57.35,612.99,4201,4.64,0
2026-06-02 05:27:00,payment,42.87,51.23,366.95,3295,0.88,0
2026-06-02 05:30:00,order,40.88,56.87,363.47,4405,2.66,0
2026-06-02 05:30:00,notification,72.85,57.83,490.54,3870,4.98,0
2026-06-02 05:30:00,payment,56.39,57.9,221.09,4399,3.71,1
2026-06-02 05:33:00,order,54.64,54.39,483.07,3951,4.85,0
2026-06-02 05:33:00,payment,55.68,54.81,385.07,3828,1.93,0
2026-06-02 05:33:00,notification,49.79,64.64,462.23,4448,4.39,0
2026-06-02 05:36:00,payment,38.68,51.74,314.06,3322,3.83,0
2026-06-02 05:36:00,order,47.42,59.56,448.77,4886,2.71,0
2026-06-02 05:36:00,notification,51.31,60.36,543.56,4716,4.6,0
2026-06-02 05:39:00,payment,57.18,58.45,466.65,4607,4.01,0
2026-06-02 05:39:00,order,62.71,54.61,405.85,3552,5.8,0
2026-06-02 05:39:00,notification,54.66,64.61,551.04,4419,1.75,0
2026-06-02 05:42:00,payment,54.47,45.12,342.55,2568,2.6,1
2026-06-02 05:42:00,order,61.1,54.91,449.53,4399,3.67,1
2026-06-02 05:42:00,notification,48.0,57.67,376.44,4329,3.73,1
2026-06-02 05:45:00,payment,44.08,53.99,347.17,4032,1.75,1
2026-06-02 05:45:00,order,61.04,62.09,491.28,4161,5.05,1
2026-06-02 05:45:00,notification,48.75,61.15,470.37,4270,5.58,0
2026-06-02 05:48:00,order,52.02,66.33,530.13,4073,5.1,1
2026-06-02 05:48:00,notification,58.53,61.82,365.29,4346,2.45,0
2026-06-02 05:48:00,payment,37.99,52.17,267.49,2684,2.24,0
2026-06-02 05:51:00,notification,44.36,64.47,487.08,4666,3.11,1
2026-06-02 05:51:00,payment,50.35,60.76,164.68,3357,2.76,0
2026-06-02 05:51:00,order,60.68,59.1,467.45,4959,5.06,1
2026-06-02 05:54:00,notification,57.76,67.61,365.35,4389,3.8,0
2026-06-02 05:54:00,payment,40.5,53.48,288.04,3654,2.97,0
2026-06-02 05:54:00,order,59.28,58.22,476.99,4360,4.42,0
2026-06-02 05:57:00,notification,55.54,48.11,498.68,3984,4.02,0
2026-06-02 05:57:00,payment,47.72,49.65,344.28,4049,2.04,0
2026-06-02 05:57:00,order,44.74,54.49,533.95,5228,4.2,1
2026-06-02 06:00:00,notification,58.95,60.59,431.87,3621,4.34,0
2026-06-02 06:00:00,order,58.22,55.02,506.29,4309,7.23,0
2026-06-02 06:00:00,payment,44.25,50.47,230.48,3005,3.26,0
2026-06-02 06:03:00,order,56.43,51.32,468.17,3869,4.24,0
2026-06-02 06:03:00,notification,56.17,52.82,387.85,4147,4.51,0
2026-06-02 06:03:00,payment,51.09,51.04,318.84,2528,2.95,0
2026-06-02 06:06:00,order,43.16,61.65,281.78,4713,1.4,1
2026-06-02 06:06:00,notification,68.86,56.55,288.66,4037,2.25,0
2026-06-02 06:06:00,payment,42.18,54.13,261.67,3163,2.47,0
2026-06-02 06:09:00,order,53.31,46.45,387.26,3158,1.29,1
2026-06-02 06:09:00,notification,52.9,54.17,527.79,3680,1.81,1
2026-06-02 06:09:00,payment,45.94,55.56,300.66,3648,2.93,0
2026-06-02 06:12:00,order,51.52,58.46,374.9,3516,3.82,0
2026-06-02 06:12:00,notification,46.11,59.88,390.87,4928,5.66,0
2026-06-02 06:12:00,payment,49.2,47.91,244.97,2761,3.11,0
2026-06-02 06:15:00,notification,71.24,54.01,535.61,3645,5.43,1
2026-06-02 06:15:00,payment,53.42,44.99,265.4,3466,0.07,0
2026-06-02 06:15:00,order,58.54,54.27,310.41,2522,3.02,0
2026-06-02 06:18:00,payment,63.13,56.2,336.85,3236,2.97,1
2026-06-02 06:18:00,order,48.3,59.07,398.74,3636,0.97,0
2026-06-02 06:18:00,notification,60.56,54.27,541.04,4513,4.99,0
2026-06-02 06:21:00,payment,42.69,63.77,251.52,4176,5.17,0
2026-06-02 06:21:00,order,54.62,64.22,383.81,4389,6.87,1
2026-06-02 06:21:00,notification,53.22,56.73,525.2,4723,5.96,1
2026-06-02 06:24:00,payment,54.8,58.24,346.31,3945,3.75,1
2026-06-02 06:24:00,order,59.2,61.28,380.15,4664,1.47,0
2026-06-02 06:24:00,notification,46.91,66.47,395.54,4554,4.76,1
2026-06-02 06:27:00,payment,41.85,58.07,186.18,4339,2.57,0
2026-06-02 06:27:00,order,40.28,67.08,282.23,4555,4.25,0
2026-06-02 06:27:00,notification,53.05,62.88,509.27,3914,3.79,0
2026-06-02 06:30:00,payment,56.43,60.72,304.47,3662,2.16,0
2026-06-02 06:30:00,notification,52.92,68.13,399.11,4153,6.94,0
2026-06-02 06:30:00,order,57.05,70.9,466.7,4368,5.47,0
2026-06-02 06:33:00,notification,52.1,51.25,525.07,4394,3.74,1
2026-06-02 06:33:00,payment,42.27,54.94,369.66,3676,2.96,0
2026-06-02 06:33:00,order,58.18,68.6,468.79,4479,4.15,1
2026-06-02 06:36:00,notification,44.48,70.13,566.18,4446,2.89,0
2026-06-02 06:36:00,payment,45.12,50.61,248.97,3555,2.39,0
2026-06-02 06:36:00,order,38.65,54.38,400.96,3871,4.65,0
2026-06-02 06:39:00,notification,52.39,71.18,329.93,4780,4.1,0
2026-06-02 06:39:00,payment,42.41,52.93,307.83,2644,3.58,1
2026-06-02 06:39:00,order,53.7,45.25,365.0,3691,3.52,1
2026-06-02 06:42:00,notification,56.28,53.27,465.77,3679,2.99,0
2026-06-02 06:42:00,payment,47.63,59.8,471.98,3443,1.37,0
2026-06-02 06:42:00,order,50.09,54.4,312.14,3754,3.06,0
2026-06-02 06:45:00,payment,48.61,55.22,364.45,3673,1.6,0
2026-06-02 06:45:00,order,52.58,58.05,291.91,3816,3.37,1
2026-06-02 06:45:00,notification,50.2,62.51,552.99,4409,4.58,1
2026-06-02 06:48:00,order,56.02,47.05,345.5,3922,4.01,0
2026-06-02 06:48:00,notification,49.47,53.99,401.89,3871,2.93,0
2026-06-02 06:48:00,payment,47.15,54.26,247.94,3351,1.01,0
2026-06-02 06:51:00,order,52.49,59.88,424.48,4225,3.94,0
2026-06-02 06:51:00,notification,44.83,57.34,330.29,3620,1.49,0
2026-06-02 06:51:00,payment,47.36,50.87,340.7,3332,4.48,0
2026-06-02 06:54:00,order,59.68,50.49,650.13,4475,3.71,1
2026-06-02 06:54:00,notification,47.93,61.4,312.11,3320,2.01,0
2026-06-02 06:54:00,payment,40.88,53.41,232.44,3025,2.34,0
2026-06-02 06:57:00,notification,57.41,48.24,292.69,3850,0.44,0
2026-06-02 06:57:00,payment,52.27,53.01,203.39,3762,1.72,0
2026-06-02 06:57:00,order,61.35,68.33,498.78,4426,5.69,1
2026-06-02 07:00:00,payment,52.15,57.22,385.84,4164,0.87,0
2026-06-02 07:00:00,order,61.58,67.29,495.33,4431,8.25,1
2026-06-02 07:00:00,notification,48.96,46.85,232.81,3733,0.49,0
2026-06-02 07:03:00,payment,58.43,62.46,387.53,4225,2.04,0
2026-06-02 07:03:00,order,44.75,56.21,438.3,4429,4.53,0
2026-06-02 07:03:00,notification,41.13,52.44,297.41,4027,2.1,1
2026-06-02 07:06:00,payment,47.6,45.21,436.99,3819,3.86,0
2026-06-02 07:06:00,order,60.58,64.71,610.03,4392,5.94,1
2026-06-02 07:06:00,notification,48.31,72.76,299.97,3660,3.08,0
2026-06-02 07:09:00,payment,43.19,57.91,356.92,3359,4.09,0
2026-06-02 07:09:00,order,59.56,64.4,540.95,4709,5.41,1
2026-06-02 07:09:00,notification,50.96,58.58,426.39,3578,0.54,0
2026-06-02 07:12:00,order,63.16,64.36,406.31,4752,3.42,1
2026-06-02 07:12:00,notification,45.89,60.61,395.88,3900,4.11,0
2026-06-02 07:12:00,payment,51.13,56.11,372.74,4087,2.32,0
2026-06-02 07:15:00,notification,50.11,65.26,450.5,3720,3.62,1
2026-06-02 07:15:00,payment,60.71,51.01,403.28,4043,2.77,0
2026-06-02 07:15:00,order,55.09,61.78,538.0,4130,4.17,1
2026-06-02 07:18:00,notification,49.59,65.61,454.32,4421,4.55,0
2026-06-02 07:18:00,payment,52.67,60.19,360.63,4470,5.42,0
2026-06-02 07:18:00,order,48.73,64.0,451.34,4638,5.05,0
2026-06-02 07:21:00,notification,56.41,63.44,525.39,4702,5.04,0
2026-06-02 07:21:00,payment,49.79,52.6,350.12,3849,6.26,1
2026-06-02 07:21:00,order,52.57,56.17,510.95,5353,5.51,1
2026-06-02 07:24:00,notification,48.2,55.5,297.55,3983,4.08,0
2026-06-02 07:24:00,payment,49.8,57.85,387.83,4253,5.41,0
2026-06-02 07:24:00,order,64.65,59.81,413.06,4116,6.54,1
2026-06-02 07:27:00,notification,41.95,54.23,432.62,3775,3.1,0
2026-06-02 07:27:00,order,56.02,67.94,483.41,4133,4.91,0
2026-06-02 07:27:00,payment,62.76,66.5,395.62,4136,5.18,0
2026-06-02 07:30:00,order,59.07,54.24,240.41,4293,2.65,0
2026-06-02 07:30:00,notification,51.3,60.53,429.09,3762,2.0,0
2026-06-02 07:30:00,payment,40.1,57.29,282.65,3091,4.2,1
2026-06-02 07:33:00,order,58.62,56.09,231.24,2947,3.66,0
2026-06-02 07:33:00,notification,53.22,64.01,448.35,3756,6.06,0
2026-06-02 07:33:00,payment,47.37,59.71,342.39,3657,5.85,0
2026-06-02 07:36:00,order,43.92,49.04,262.1,3570,2.41,0
2026-06-02 07:36:00,notification,61.59,65.16,387.87,4356,4.19,0
2026-06-02 07:36:00,payment,62.22,64.73,569.82,4639,4.79,0
2026-06-02 07:39:00,order,42.44,63.93,306.76,3325,0.47,0
2026-06-02 07:39:00,notification,45.65,55.68,399.68,4542,3.84,1
2026-06-02 07:39:00,payment,46.02,60.61,550.66,4132,3.59,0
2026-06-02 07:42:00,notification,49.3,58.89,523.8,3598,3.82,1
2026-06-02 07:42:00,payment,59.44,66.9,410.93,3832,5.41,1
2026-06-02 07:42:00,order,47.28,55.16,218.48,3880,3.84,0
2026-06-02 07:45:00,payment,55.23,60.65,301.56,4666,1.98,0
2026-06-02 07:45:00,order,49.89,45.88,237.11,3224,2.85,1
2026-06-02 07:45:00,notification,44.78,50.76,485.93,4531,4.85,0
2026-06-02 07:48:00,payment,56.7,52.74,366.51,4288,1.86,0
2026-06-02 07:48:00,order,43.3,62.28,348.13,4095,6.9,0
2026-06-02 07:48:00,notification,44.79,64.68,470.7,3366,2.46,1
2026-06-02 07:51:00,payment,54.77,49.58,308.14,4006,1.92,0
2026-06-02 07:51:00,order,54.59,51.59,392.24,3601,2.76,0
2026-06-02 07:51:00,notification,39.01,62.12,369.15,4974,2.34,1
2026-06-02 07:54:00,payment,48.17,57.49,325.36,4258,2.46,0
2026-06-02 07:54:00,notification,58.38,58.86,344.73,3913,3.39,0
2026-06-02 07:54:00,order,55.8,61.66,386.48,4475,4.66,0
2026-06-02 07:57:00,notification,56.36,58.07,493.9,4906,4.68,0
2026-06-02 07:57:00,payment,45.24,56.47,312.28,3574,0.79,0
2026-06-02 07:57:00,order,49.2,65.57,444.15,3923,3.59,0
2026-06-02 08:00:00,notification,61.09,57.84,644.62,4463,4.23,1
2026-06-02 08:00:00,payment,52.76,51.29,484.45,5114,1.94,0
2026-06-02 08:00:00,order,54.65,74.99,550.8,5284,5.09,1
2026-06-02 08:03:00,notification,60.58,63.42,512.2,5249,4.31,1
2026-06-02 08:03:00,payment,44.2,57.57,383.53,3552,2.07,0
2026-06-02 08:03:00,order,65.43,67.3,702.48,5135,9.5,1
2026-06-02 08:06:00,notification,58.48,72.3,580.86,3988,4.6,1
2026-06-02 08:06:00,payment,55.68,56.38,459.38,4830,2.01,0
2026-06-02 08:06:00,order,73.54,65.02,630.32,3984,3.63,1
2026-06-02 08:09:00,payment,63.45,65.32,588.15,5457,6.37,0
2026-06-02 08:09:00,order,55.8,51.65,536.49,4570,4.9,1
2026-06-02 08:09:00,notification,55.24,59.19,554.9,4930,6.29,1
2026-06-02 08:12:00,order,60.23,60.08,469.33,4861,7.25,0
2026-06-02 08:12:00,notification,66.64,57.22,720.3,5233,6.08,1
2026-06-02 08:12:00,payment,67.56,64.96,511.22,3966,5.13,0
2026-06-02 08:15:00,order,57.1,60.89,549.95,4394,4.12,0
2026-06-02 08:15:00,notification,67.77,67.78,683.28,5338,7.92,1
2026-06-02 08:15:00,payment,59.71,58.67,471.37,5122,5.44,1
2026-06-02 08:18:00,order,61.89,63.34,602.19,4519,5.27,0
2026-06-02 08:18:00,notification,66.38,75.83,784.1,5800,7.63,1
2026-06-02 08:18:00,payment,62.51,64.44,588.94,4367,5.15,1
2026-06-02 08:21:00,order,56.31,61.3,527.57,4850,6.83,1
2026-06-02 08:21:00,notification,53.05,67.86,514.8,5111,5.15,0
2026-06-02 08:21:00,payment,56.73,60.1,512.81,4420,4.82,0
2026-06-02 08:24:00,order,58.57,67.88,508.84,4616,4.32,1
2026-06-02 08:24:00,payment,50.88,56.4,329.89,4344,4.88,0
2026-06-02 08:24:00,notification,59.82,69.33,549.26,4794,6.21,1
2026-06-02 08:27:00,payment,57.49,56.66,491.32,3828,4.48,1
2026-06-02 08:27:00,order,69.47,56.63,451.01,4377,4.54,0
2026-06-02 08:27:00,notification,56.36,57.22,512.04,4099,3.12,0
2026-06-02 08:30:00,payment,51.67,64.42,424.97,4361,3.38,1
2026-06-02 08:30:00,order,56.14,62.41,371.47,4239,3.39,1
2026-06-02 08:30:00,notification,50.84,63.73,391.8,3692,5.13,0
2026-06-02 08:33:00,payment,60.89,61.83,632.39,4352,3.29,0
2026-06-02 08:33:00,order,48.26,61.28,488.51,4026,6.57,1
2026-06-02 08:33:00,notification,55.13,60.39,468.06,4493,4.2,0
2026-06-02 08:36:00,payment,52.15,69.45,537.37,4718,5.69,1
2026-06-02 08:36:00,order,61.33,58.59,550.32,5466,6.48,0
2026-06-02 08:36:00,notification,59.4,59.1,520.8,4799,5.84,0
2026-06-02 08:39:00,order,67.16,60.6,580.05,4713,5.27,0
2026-06-02 08:39:00,notification,58.53,60.55,413.09,4638,5.42,1
2026-06-02 08:39:00,payment,57.4,75.04,633.91,5631,4.98,1
2026-06-02 08:42:00,notification,60.1,63.19,473.28,4501,1.9,0
2026-06-02 08:42:00,payment,62.86,59.34,627.74,4859,5.69,1
2026-06-02 08:42:00,order,67.02,67.52,580.2,5176,3.32,1
2026-06-02 08:45:00,notification,61.49,63.64,594.46,4512,3.73,1
2026-06-02 08:45:00,payment,65.68,49.55,478.44,4702,5.76,0
2026-06-02 08:45:00,order,59.8,71.42,612.43,5608,6.63,1
2026-06-02 08:48:00,notification,60.21,61.54,344.27,3977,0.96,0
2026-06-02 08:48:00,payment,54.89,69.75,547.54,5110,4.19,0
2026-06-02 08:48:00,order,56.04,61.5,566.84,5319,7.48,1
2026-06-02 08:51:00,payment,62.13,60.54,459.27,4041,5.25,0
2026-06-02 08:51:00,order,55.75,65.02,641.67,5146,6.73,1
2026-06-02 08:51:00,notification,49.49,61.05,380.99,4474,1.09,0
2026-06-02 08:54:00,order,54.23,62.35,477.63,4732,4.78,0
2026-06-02 08:54:00,notification,57.33,55.6,403.88,3817,2.23,0
2026-06-02 08:54:00,payment,55.36,58.3,392.09,4316,5.31,1
2026-06-02 08:57:00,order,53.1,59.77,424.66,4522,4.6,0
2026-06-02 08:57:00,notification,55.97,51.37,420.59,4105,5.13,1
2026-06-02 08:57:00,payment,61.75,62.3,658.24,4813,6.35,1
2026-06-02 09:00:00,order,49.72,49.18,351.52,4281,3.28,0
2026-06-02 09:00:00,notification,59.31,55.69,369.86,4425,3.85,0
2026-06-02 09:00:00,payment,68.8,62.03,535.68,5154,5.83,1
2026-06-02 09:03:00,order,61.51,61.35,370.23,4411,3.07,1
2026-06-02 09:03:00,notification,56.37,64.59,379.03,4890,4.74,1
2026-06-02 09:03:00,payment,60.46,66.62,507.02,4497,3.42,1
2026-06-02 09:06:00,notification,57.51,52.15,385.77,3054,3.31,0
2026-06-02 09:06:00,payment,60.78,61.27,485.07,4591,5.02,0
2026-06-02 09:06:00,order,62.16,53.47,631.94,4377,4.7,1
2026-06-02 09:09:00,payment,65.51,65.23,454.12,4156,2.95,1
2026-06-02 09:09:00,order,63.97,53.31,332.79,4846,4.29,0
2026-06-02 09:09:00,notification,49.82,60.47,466.73,4716,3.9,1
2026-06-02 09:12:00,payment,49.65,61.13,386.37,3832,2.44,0
2026-06-02 09:12:00,order,49.66,52.58,319.41,4473,4.84,1
2026-06-02 09:12:00,notification,59.51,61.8,450.29,4269,5.31,1
2026-06-02 09:15:00,payment,48.5,57.57,379.65,4801,4.68,0
2026-06-02 09:15:00,order,50.15,59.37,520.12,3421,3.34,1
2026-06-02 09:15:00,notification,64.45,65.07,541.65,4700,4.43,1
2026-06-02 09:18:00,payment,46.33,54.0,353.52,3523,4.08,1
2026-06-02 09:18:00,notification,63.45,52.02,479.66,3356,3.38,1
2026-06-02 09:18:00,order,62.99,61.17,683.68,5419,6.06,0
2026-06-02 09:21:00,notification,54.91,48.91,402.43,4037,4.83,0
2026-06-02 09:21:00,payment,46.21,56.27,350.1,3654,3.07,0
2026-06-02 09:21:00,order,58.86,53.6,491.82,4099,4.65,0
2026-06-02 09:24:00,notification,68.52,59.13,525.1,5036,3.55,1
2026-06-02 09:24:00,payment,36.59,60.09,346.03,3762,2.71,0
2026-06-02 09:24:00,order,57.83,63.55,375.58,4625,3.94,0
2026-06-02 09:27:00,notification,59.07,66.7,568.9,5280,5.78,0
2026-06-02 09:27:00,payment,49.41,60.92,305.75,4026,0.62,1
2026-06-02 09:27:00,order,58.37,60.57,500.57,3738,2.85,0
2026-06-02 09:30:00,notification,64.58,71.15,725.2,4772,5.96,1
2026-06-02 09:30:00,payment,42.04,50.11,183.8,2983,3.68,0
2026-06-02 09:30:00,order,65.17,63.96,394.82,4106,5.11,0
2026-06-02 09:33:00,payment,54.19,55.83,338.33,4097,0.35,0
2026-06-02 09:33:00,order,54.66,56.79,455.07,4228,2.86,1
2026-06-02 09:33:00,notification,63.5,63.14,622.43,5821,4.52,0
2026-06-02 09:36:00,order,60.48,59.84,477.69,4552,4.56,0
2026-06-02 09:36:00,notification,71.53,62.96,695.65,5224,5.62,0
2026-06-02 09:36:00,payment,53.85,59.77,335.87,4468,3.9,1
2026-06-02 09:39:00,order,60.94,66.02,536.07,4339,5.62,1
2026-06-02 09:39:00,notification,63.49,66.99,743.16,5179,5.54,1
2026-06-02 09:39:00,payment,47.49,54.39,352.11,4244,5.58,0
2026-06-02 09:42:00,order,58.1,55.18,458.96,3674,6.59,1
2026-06-02 09:42:00,notification,58.19,75.79,490.78,4665,5.58,1
2026-06-02 09:42:00,payment,52.54,48.86,302.75,3685,2.77,0
2026-06-02 09:45:00,notification,66.32,66.23,652.41,4629,6.16,0
2026-06-02 09:45:00,payment,57.17,53.75,364.87,3861,3.81,0
2026-06-02 09:45:00,order,56.85,54.01,457.33,3780,6.22,0
2026-06-02 09:48:00,payment,50.23,58.27,452.68,5380,4.44,0
2026-06-02 09:48:00,order,52.19,66.1,529.12,4310,6.24,1
2026-06-02 09:48:00,notification,54.59,64.47,462.37,4707,3.66,0
2026-06-02 09:51:00,payment,58.89,68.72,644.77,4610,6.43,1
2026-06-02 09:51:00,order,54.44,64.16,510.27,5088,4.91,1
2026-06-02 09:51:00,notification,61.71,73.49,469.73,3856,4.36,0
2026-06-02 09:54:00,payment,49.38,72.45,754.17,5453,9.33,1
2026-06-02 09:54:00,order,61.3,61.99,498.58,4726,4.89,0
2026-06-02 09:54:00,notification,49.13,67.9,561.49,4766,6.07,0
2026-06-02 09:57:00,payment,56.86,59.95,701.28,5307,5.75,1
2026-06-02 09:57:00,order,49.27,62.89,492.13,4404,5.74,0
2026-06-02 09:57:00,notification,66.26,65.78,608.59,5120,7.13,0
2026-06-02 10:00:00,order,65.56,72.07,625.87,5187,6.47,0
2026-06-02 10:00:00,notification,54.81,63.38,774.03,5460,8.99,1
2026-06-02 10:00:00,payment,58.1,63.02,726.88,5057,5.28,0
2026-06-02 10:03:00,notification,65.02,70.99,844.73,6244,7.29,1
2026-06-02 10:03:00,payment,64.85,65.78,636.28,5355,6.75,1
2026-06-02 10:03:00,order,58.15,67.89,738.67,6070,7.65,0
2026-06-02 10:06:00,notification,56.27,71.24,681.34,5093,6.06,1
2026-06-02 10:06:00,payment,59.82,72.47,622.56,5195,9.67,1
2026-06-02 10:06:00,order,76.94,70.7,682.09,6119,10.18,1
2026-06-02 10:09:00,notification,55.78,60.75,735.73,4979,4.36,0
2026-06-02 10:09:00,payment,64.99,68.03,799.92,5847,7.97,1
2026-06-02 10:09:00,order,65.4,70.34,672.16,4881,8.81,1
2026-06-02 10:12:00,notification,63.58,71.73,751.49,5053,3.78,1
2026-06-02 10:12:00,payment,58.31,66.49,775.25,5544,8.16,1
2026-06-02 10:12:00,order,77.49,63.19,774.22,6742,10.19,1
2026-06-02 10:15:00,notification,60.49,67.11,716.49,5170,5.68,1
2026-06-02 10:15:00,order,70.03,75.91,992.61,6497,8.92,1
2026-06-02 10:15:00,payment,64.88,60.05,711.14,6293,8.22,1
2026-06-02 10:18:00,order,67.38,67.27,842.66,6399,9.73,1
2026-06-02 10:18:00,notification,71.93,69.14,804.5,5548,7.62,1
2026-06-02 10:18:00,payment,64.78,68.14,694.57,5475,7.26,1
2026-06-02 10:21:00,order,74.11,65.08,923.63,5159,7.15,1
2026-06-02 10:21:00,notification,64.19,63.98,795.55,5191,7.88,1
2026-06-02 10:21:00,payment,66.57,66.55,525.67,5461,8.27,0
2026-06-02 10:24:00,order,63.98,56.99,612.43,4880,7.78,1
2026-06-02 10:24:00,notification,62.79,67.11,612.83,5446,7.15,0
2026-06-02 10:24:00,payment,67.72,67.05,862.13,5861,10.18,1
2026-06-02 10:27:00,order,57.62,54.47,459.64,4829,4.8,0
2026-06-02 10:27:00,notification,54.46,66.72,471.5,5294,5.2,0
2026-06-02 10:27:00,payment,56.3,67.24,740.26,6140,7.97,1
2026-06-02 10:30:00,notification,67.32,60.89,633.72,5567,8.25,0
2026-06-02 10:30:00,payment,60.14,72.75,576.6,4835,6.38,1
2026-06-02 10:30:00,order,57.44,52.39,456.99,4344,3.96,1
2026-06-02 10:33:00,payment,61.92,62.52,727.69,5204,7.3,1
2026-06-02 10:33:00,order,59.48,60.29,561.71,5218,5.96,1
2026-06-02 10:33:00,notification,64.21,69.07,628.1,5425,5.56,1
2026-06-02 10:36:00,payment,60.94,62.48,664.57,4406,6.33,1
2026-06-02 10:36:00,order,74.99,62.39,546.67,5552,6.51,1
2026-06-02 10:36:00,notification,68.29,72.67,716.59,4967,9.06,1
2026-06-02 10:39:00,payment,66.07,74.87,745.51,5636,10.66,1
2026-06-02 10:39:00,order,49.39,68.68,400.99,4614,3.98,1
2026-06-02 10:39:00,notification,68.37,71.28,597.72,5183,5.9,1
2026-06-02 10:42:00,order,51.7,63.23,482.39,5372,4.24,0
2026-06-02 10:42:00,notification,66.87,66.42,544.54,5819,6.7,1
2026-06-02 10:42:00,payment,67.79,63.58,601.16,5065,4.66,0
2026-06-02 10:45:00,notification,65.99,65.19,728.52,5095,7.04,1
2026-06-02 10:45:00,payment,62.4,65.11,524.0,4143,5.34,0
2026-06-02 10:45:00,order,66.96,65.03,507.56,5078,5.15,1
2026-06-02 10:48:00,notification,60.93,62.43,563.69,4949,6.92,1
2026-06-02 10:48:00,payment,50.28,62.65,378.07,4973,2.57,0
2026-06-02 10:48:00,order,60.85,65.37,423.1,3444,4.93,0
2026-06-02 10:51:00,notification,68.19,58.2,587.69,4374,7.85,1
2026-06-02 10:51:00,payment,55.17,56.14,347.96,3561,3.21,0
2026-06-02 10:51:00,order,51.14,46.77,474.9,4101,2.2,1
2026-06-02 10:54:00,notification,66.92,65.73,708.22,5661,6.54,1
2026-06-02 10:54:00,payment,54.14,53.9,244.05,3625,2.53,0
2026-06-02 10:54:00,order,47.11,63.79,519.7,4995,5.45,0
2026-06-02 10:57:00,payment,44.92,59.34,369.91,3752,3.56,0
2026-06-02 10:57:00,order,66.64,64.58,437.88,4287,5.02,1
2026-06-02 10:57:00,notification,57.11,62.04,542.42,4490,2.64,0
2026-06-02 11:00:00,order,52.95,67.31,472.91,5156,6.69,1
2026-06-02 11:00:00,notification,63.14,57.81,512.4,4444,4.54,0
2026-06-02 11:00:00,payment,56.26,62.18,441.75,4494,3.91,0
2026-06-02 11:03:00,order,53.21,51.62,520.89,4638,4.94,0
2026-06-02 11:03:00,notification,64.65,63.2,421.36,3526,5.49,0
2026-06-02 11:03:00,payment,54.83,65.71,382.35,4011,5.95,0
2026-06-02 11:06:00,order,54.88,56.16,407.61,4319,5.58,0
2026-06-02 11:06:00,notification,57.55,69.49,483.74,4552,4.84,0
2026-06-02 11:06:00,payment,47.75,54.71,426.27,4516,5.98,0
2026-06-02 11:09:00,order,53.12,58.82,600.27,4529,6.0,1
2026-06-02 11:09:00,notification,62.03,70.77,530.99,4982,8.49,1
2026-06-02 11:09:00,payment,57.27,65.75,375.35,4529,3.82,0
2026-06-02 11:12:00,order,63.95,56.05,511.36,4756,3.68,1
2026-06-02 11:12:00,payment,56.96,58.38,426.41,4567,3.08,1
2026-06-02 11:12:00,notification,67.52,64.97,689.76,5696,7.95,1
2026-06-02 11:15:00,payment,58.13,59.65,572.7,4995,4.39,0
2026-06-02 11:15:00,order,61.33,76.43,604.77,5610,6.58,1
2026-06-02 11:15:00,notification,63.4,75.07,537.18,4956,7.2,0
2026-06-02 11:18:00,payment,57.29,60.89,471.13,4844,5.12,1
2026-06-02 11:18:00,order,53.39,59.9,558.69,4509,5.82,0
2026-06-02 11:18:00,notification,53.56,71.51,629.45,5369,4.82,1
2026-06-02 11:21:00,payment,51.69,64.62,500.82,4155,4.5,0
2026-06-02 11:21:00,order,54.57,67.91,510.15,4979,4.59,0
2026-06-02 11:21:00,notification,53.35,60.33,559.68,5186,4.87,0
2026-06-02 11:24:00,payment,62.22,65.33,587.62,5327,5.39,1
2026-06-02 11:24:00,order,66.56,66.34,489.47,5479,4.6,1
2026-06-02 11:24:00,notification,54.62,63.66,441.38,4157,5.12,1
2026-06-02 11:27:00,order,57.06,55.57,487.33,4775,2.34,0
2026-06-02 11:27:00,notification,59.23,62.87,480.73,5082,5.59,1
2026-06-02 11:27:00,payment,58.45,61.47,593.66,4623,4.48,0
2026-06-02 11:30:00,notification,48.39,49.69,462.69,4182,4.24,1
2026-06-02 11:30:00,payment,62.11,68.97,523.8,4829,7.65,1
2026-06-02 11:30:00,order,62.25,60.0,519.12,4456,6.06,1
2026-06-02 11:33:00,notification,40.74,51.78,409.68,3553,5.09,1
2026-06-02 11:33:00,payment,63.58,65.76,683.19,5501,4.27,0
2026-06-02 11:33:00,order,63.0,66.74,680.37,4936,6.55,1
2026-06-02 11:36:00,notification,54.35,63.13,467.53,3984,3.21,0
2026-06-02 11:36:00,payment,56.67,64.02,749.33,4942,6.12,1
2026-06-02 11:36:00,order,57.63,72.73,779.45,4853,8.11,1
2026-06-02 11:39:00,notification,57.86,54.22,631.64,4656,5.35,0
2026-06-02 11:39:00,order,72.59,72.36,871.52,5196,7.56,1
2026-06-02 11:39:00,payment,55.55,61.08,678.97,5034,4.57,0
2026-06-02 11:42:00,order,72.83,78.02,851.54,5631,7.43,1
2026-06-02 11:42:00,notification,61.64,69.85,508.45,3820,3.66,1
2026-06-02 11:42:00,payment,48.06,67.01,587.23,4660,5.75,0
2026-06-02 11:45:00,order,73.61,70.56,578.58,5470,7.05,1
2026-06-02 11:45:00,notification,67.23,65.16,411.53,3512,7.62,0
2026-06-02 11:45:00,payment,64.54,64.41,547.01,5939,7.44,1
2026-06-02 11:48:00,order,47.72,66.39,609.56,4542,5.56,1
2026-06-02 11:48:00,notification,44.48,61.02,464.73,4168,2.5,0
2026-06-02 11:48:00,payment,51.13,55.62,460.9,5559,4.69,0
2026-06-02 11:51:00,order,44.67,71.75,661.17,5580,6.52,1
2026-06-02 11:51:00,notification,57.71,52.38,440.48,4478,6.71,0
2026-06-02 11:51:00,payment,55.98,64.0,376.61,4244,4.2,1
2026-06-02 11:54:00,notification,71.29,66.55,472.59,4374,4.32,1
2026-06-02 11:54:00,payment,60.52,60.0,517.86,4832,5.79,0
2026-06-02 11:54:00,order,63.71,70.5,580.56,5151,4.11,0
2026-06-02 11:57:00,payment,61.87,70.33,567.09,4622,4.58,1
2026-06-02 11:57:00,order,55.77,60.19,536.44,4430,5.0,1
2026-06-02 11:57:00,notification,50.2,67.05,460.21,4637,4.16,1
2026-06-02 12:00:00,payment,49.27,53.86,551.5,4290,4.91,0
2026-06-02 12:00:00,order,51.91,56.37,647.41,4622,4.78,0
2026-06-02 12:00:00,notification,49.75,64.63,488.88,4594,4.16,0
2026-06-02 12:03:00,payment,57.01,60.75,465.98,4576,5.02,1
2026-06-02 12:03:00,order,54.94,55.98,443.76,3654,3.64,1
2026-06-02 12:03:00,notification,64.85,67.72,519.47,4014,3.86,1
2026-06-02 12:06:00,payment,71.4,61.51,595.94,4939,4.66,1
2026-06-02 12:06:00,order,49.85,50.67,364.78,4302,4.2,1
2026-06-02 12:06:00,notification,59.65,71.31,577.69,3568,3.97,0
2026-06-02 12:09:00,payment,66.18,55.5,452.9,3757,3.72,1
2026-06-02 12:09:00,notification,63.36,61.65,645.0,5312,8.1,1
2026-06-02 12:09:00,order,43.18,51.18,326.47,3822,2.41,0
2026-06-02 12:12:00,notification,64.13,63.2,523.94,4996,6.24,0
2026-06-02 12:12:00,payment,59.21,55.73,363.02,4189,4.0,1
2026-06-02 12:12:00,order,50.65,56.86,285.45,4209,5.13,0
2026-06-02 12:15:00,notification,66.31,61.02,557.41,5215,7.31,1
2026-06-02 12:15:00,payment,54.59,66.41,430.23,3990,4.94,0
2026-06-02 12:15:00,order,57.22,55.85,378.37,4118,3.09,0
2026-06-02 12:18:00,notification,62.85,68.01,586.73,4502,5.1,0
2026-06-02 12:18:00,payment,52.13,63.01,535.64,4734,6.49,0
2026-06-02 12:18:00,order,59.15,65.48,585.61,4227,2.93,1
2026-06-02 12:21:00,notification,66.73,65.56,734.53,5250,7.62,1
2026-06-02 12:21:00,payment,64.18,59.77,566.06,4762,8.02,0
2026-06-02 12:21:00,order,58.45,63.13,558.86,4834,4.49,0
2026-06-02 12:24:00,payment,61.63,56.88,653.5,4941,7.03,1
2026-06-02 12:24:00,order,59.91,63.34,452.92,3718,4.0,1
2026-06-02 12:24:00,notification,53.3,57.58,640.45,5279,5.89,0
2026-06-02 12:27:00,order,47.91,55.88,445.33,4463,9.07,0
2026-06-02 12:27:00,notification,67.8,65.84,707.11,5089,5.36,1
2026-06-02 12:27:00,payment,63.3,55.18,596.29,5150,5.03,1
2026-06-02 12:30:00,order,56.66,56.89,541.63,4171,4.09,0
2026-06-02 12:30:00,notification,68.54,53.1,551.97,4503,9.09,0
2026-06-02 12:30:00,payment,53.95,59.26,539.82,4778,4.75,1
2026-06-02 12:33:00,order,60.67,53.64,566.73,5335,3.51,0
2026-06-02 12:33:00,notification,65.55,63.27,589.9,4771,3.52,0
2026-06-02 12:33:00,payment,58.93,60.65,510.01,5362,5.4,0
2026-06-02 12:36:00,notification,64.45,65.68,671.79,5494,6.15,1
2026-06-02 12:36:00,payment,61.84,63.45,637.77,5097,5.35,0
2026-06-02 12:36:00,order,58.97,67.74,475.98,5641,6.02,1
2026-06-02 12:39:00,payment,64.36,54.93,656.15,5039,7.02,1
2026-06-02 12:39:00,order,49.74,68.98,604.98,4407,3.76,0
2026-06-02 12:39:00,notification,70.32,60.77,658.96,4757,5.89,0
2026-06-02 12:42:00,payment,65.67,65.68,609.59,5345,7.01,1
2026-06-02 12:42:00,order,53.43,62.97,508.22,4351,3.48,1
2026-06-02 12:42:00,notification,62.23,69.81,619.16,4468,6.3,1
2026-06-02 12:45:00,payment,60.3,72.18,680.65,4421,5.49,1
2026-06-02 12:45:00,order,57.54,64.59,644.92,5420,5.75,0
2026-06-02 12:45:00,notification,69.61,57.88,644.24,5882,6.32,1
2026-06-02 12:48:00,payment,56.31,75.66,705.07,6119,8.44,1
2026-06-02 12:48:00,order,66.32,61.89,593.86,4617,6.51,0
2026-06-02 12:48:00,notification,68.82,63.18,599.79,4534,4.34,1
2026-06-02 12:51:00,order,73.7,66.6,626.85,4742,7.29,1
2026-06-02 12:51:00,notification,58.67,65.55,508.86,4615,6.26,1
2026-06-02 12:51:00,payment,76.24,59.87,814.85,5617,5.79,1
2026-06-02 12:54:00,notification,72.28,67.36,755.09,5027,6.27,1
2026-06-02 12:54:00,payment,83.32,66.93,748.5,6584,8.54,1
2026-06-02 12:54:00,order,67.91,70.2,572.07,4010,5.22,1
2026-06-02 12:57:00,notification,55.79,72.18,717.03,5278,7.85,1
2026-06-02 12:57:00,payment,66.37,62.69,743.56,4856,8.24,0
2026-06-02 12:57:00,order,48.12,62.17,408.98,4577,4.3,1
2026-06-02 13:00:00,notification,55.55,61.24,646.27,4636,6.08,1
2026-06-02 13:00:00,payment,50.12,62.94,512.78,4152,5.65,0
2026-06-02 13:00:00,order,52.82,65.73,513.59,3955,4.3,1
2026-06-02 13:03:00,notification,51.28,60.98,437.77,3840,4.45,0
2026-06-02 13:03:00,order,57.37,64.79,338.92,4667,2.08,0
2026-06-02 13:03:00,payment,57.1,59.22,577.99,5141,5.72,1
2026-06-02 13:06:00,order,62.45,64.82,418.54,3999,5.72,1
2026-06-02 13:06:00,notification,42.99,60.9,476.94,4536,4.43,1
2026-06-02 13:06:00,payment,68.41,76.79,681.98,5529,9.88,1
2026-06-02 13:09:00,order,52.64,62.69,535.71,4125,7.97,1
2026-06-02 13:09:00,notification,55.64,61.83,629.64,4879,6.17,1
2026-06-02 13:09:00,payment,70.73,66.33,574.93,5232,5.96,1
2026-06-02 13:12:00,order,61.6,64.8,592.16,5307,4.48,0
2026-06-02 13:12:00,notification,60.15,55.7,588.44,4801,7.03,0
2026-06-02 13:12:00,payment,50.96,61.74,411.29,4692,2.58,0
2026-06-02 13:15:00,order,54.64,63.12,512.09,5311,5.31,1
2026-06-02 13:15:00,notification,59.97,72.95,617.22,4583,6.66,1
2026-06-02 13:15:00,payment,58.81,71.44,590.13,4508,5.94,0
2026-06-02 13:18:00,notification,53.06,60.53,597.83,4712,6.04,0
2026-06-02 13:18:00,payment,64.02,66.17,758.47,4519,4.42,0
2026-06-02 13:18:00,order,63.07,67.53,560.48,5624,4.73,0
2026-06-02 13:21:00,payment,73.08,72.53,698.04,5771,7.59,1
2026-06-02 13:21:00,order,57.03,62.53,466.42,4223,6.92,1
2026-06-02 13:21:00,notification,46.32,60.96,780.82,5098,7.03,1
2026-06-02 13:24:00,payment,66.8,67.59,770.16,5248,9.77,1
2026-06-02 13:24:00,order,61.4,65.85,606.34,4075,4.43,0
2026-06-02 13:24:00,notification,60.49,56.85,648.62,5379,5.68,0
2026-06-02 13:27:00,payment,57.99,63.23,823.2,5051,7.81,1
2026-06-02 13:27:00,order,54.39,70.44,618.29,5610,6.96,1
2026-06-02 13:27:00,notification,63.46,71.37,745.66,5848,8.24,1
2026-06-02 13:30:00,payment,68.49,64.82,693.37,5167,7.98,1
2026-06-02 13:30:00,notification,79.85,71.89,762.77,6324,8.67,1
2026-06-02 13:30:00,order,48.39,53.88,444.04,3490,5.48,0
2026-06-02 13:33:00,notification,67.37,76.45,914.24,5711,7.37,1
2026-06-02 13:33:00,payment,71.64,78.92,750.14,5506,5.94,1
2026-06-02 13:33:00,order,81.67,57.17,730.78,4653,6.45,1
2026-06-02 13:36:00,notification,75.65,66.31,755.26,5550,8.31,0
2026-06-02 13:36:00,payment,63.7,70.56,673.06,6054,8.09,1
2026-06-02 13:36:00,order,61.93,64.91,630.19,4993,7.7,0
2026-06-02 13:39:00,notification,62.96,71.26,745.67,5210,8.35,1
2026-06-02 13:39:00,payment,64.18,66.7,573.68,5387,4.12,0
2026-06-02 13:39:00,order,76.37,70.2,654.04,4659,6.4,1
2026-06-02 13:42:00,notification,72.99,74.5,894.3,5065,6.72,1
2026-06-02 13:42:00,payment,64.78,65.42,772.89,6202,10.06,1
2026-06-02 13:42:00,order,73.11,68.71,646.58,5328,7.01,1
2026-06-02 13:45:00,payment,66.88,78.51,792.14,6356,9.91,1
2026-06-02 13:45:00,order,51.46,58.87,557.08,4484,4.52,0
2026-06-02 13:45:00,notification,71.33,79.11,797.97,6134,8.0,1
2026-06-02 13:48:00,order,67.43,72.8,664.1,5890,4.55,1
2026-06-02 13:48:00,notification,59.97,69.81,667.58,5133,7.31,0
2026-06-02 13:48:00,payment,80.09,68.85,939.96,6455,13.33,1
2026-06-02 13:51:00,order,60.34,80.25,872.56,5968,9.96,1
2026-06-02 13:51:00,notification,65.35,65.32,601.63,4511,7.71,1
2026-06-02 13:51:00,payment,72.6,64.7,932.44,6916,8.66,1
2026-06-02 13:54:00,order,61.86,62.58,679.0,5308,6.1,1
2026-06-02 13:54:00,notification,62.45,72.98,672.84,5393,6.98,1
2026-06-02 13:54:00,payment,74.72,71.02,1000.45,5547,12.7,1
2026-06-02 13:57:00,order,52.41,63.37,602.2,5066,8.27,1
2026-06-02 13:57:00,notification,63.46,74.47,744.86,5785,10.62,1
2026-06-02 13:57:00,payment,81.51,84.2,1039.53,5988,9.6,1
2026-06-02 14:00:00,order,55.08,67.81,766.94,4881,6.77,1
2026-06-02 14:00:00,payment,66.27,84.0,985.3,6030,8.65,1
2026-06-02 14:00:00,notification,51.99,56.84,627.71,4589,6.0,0
2026-06-02 14:03:00,payment,71.47,74.1,905.76,6757,11.99,1
2026-06-02 14:03:00,order,54.16,62.61,537.05,4677,5.18,1
2026-06-02 14:03:00,notification,73.95,67.4,695.65,4344,5.59,1
2026-06-02 14:06:00,payment,75.99,73.2,1013.03,6036,13.56,1
2026-06-02 14:06:00,order,51.43,65.38,376.91,3744,4.2,0
2026-06-02 14:06:00,notification,68.43,73.11,689.09,5932,9.02,1
2026-06-02 14:09:00,payment,72.15,68.79,1149.78,6786,13.29,1
2026-06-02 14:09:00,order,54.39,60.32,538.43,4945,3.16,0
2026-06-02 14:09:00,notification,59.36,72.57,722.74,5975,8.2,1
2026-06-02 14:12:00,payment,80.38,77.51,1173.53,6728,13.82,1
2026-06-02 14:12:00,order,46.22,55.99,317.79,4121,1.43,0
2026-06-02 14:12:00,notification,69.17,68.27,782.92,5947,9.74,0
2026-06-02 14:15:00,order,52.58,53.86,318.6,3564,2.14,0
2026-06-02 14:15:00,notification,62.42,65.27,803.13,4959,8.9,1
2026-06-02 14:15:00,payment,73.91,77.38,1132.71,6752,13.05,1
2026-06-02 14:18:00,notification,72.5,74.2,708.07,5128,6.6,0
2026-06-02 14:18:00,payment,63.01,75.38,816.58,6091,8.08,1
2026-06-02 14:18:00,order,57.15,48.03,341.88,4393,1.74,0
2026-06-02 14:21:00,notification,59.88,66.45,592.3,5142,5.4,0
2026-06-02 14:21:00,payment,69.05,75.73,741.98,6355,9.85,1
2026-06-02 14:21:00,order,53.93,64.17,399.67,3958,3.29,0
2026-06-02 14:24:00,notification,64.56,67.02,750.84,5683,8.19,0
2026-06-02 14:24:00,payment,67.75,68.55,754.94,5512,8.2,1
2026-06-02 14:24:00,order,51.54,60.17,328.13,4499,4.59,0
2026-06-02 14:27:00,payment,68.82,69.34,650.99,5365,5.83,0
2026-06-02 14:27:00,order,58.91,60.74,349.31,5017,3.69,0
2026-06-02 14:27:00,notification,62.27,68.24,726.54,5402,6.82,1
2026-06-02 14:30:00,order,50.0,63.22,527.14,4832,4.98,1
2026-06-02 14:30:00,notification,69.16,69.15,762.27,6541,7.33,1
2026-06-02 14:30:00,payment,70.27,67.04,889.57,5365,8.81,1
2026-06-02 14:33:00,order,67.41,64.74,544.4,4482,6.42,1
2026-06-02 14:33:00,notification,66.5,68.68,746.79,5758,5.71,1
2026-06-02 14:33:00,payment,74.8,76.71,951.66,5717,10.45,1
2026-06-02 14:36:00,order,50.67,53.21,484.75,4344,3.91,1
2026-06-02 14:36:00,notification,77.07,77.71,782.09,5890,9.17,1
2026-06-02 14:36:00,payment,76.49,73.64,1033.71,7082,13.52,1
2026-06-02 14:39:00,order,66.66,54.5,445.18,5958,5.17,0
2026-06-02 14:39:00,notification,76.04,78.04,983.27,6274,13.4,0
2026-06-02 14:39:00,payment,72.72,77.86,1009.77,5974,10.83,1
2026-06-02 14:42:00,notification,87.74,76.76,1072.08,6308,11.09,1
2026-06-02 14:42:00,payment,71.79,79.35,1115.95,6796,11.97,1
2026-06-02 14:42:00,order,63.53,61.9,467.55,4469,6.51,1
2026-06-02 14:45:00,payment,76.23,76.46,1067.72,6581,10.95,1
2026-06-02 14:45:00,order,64.38,63.62,573.14,4817,6.37,0
2026-06-02 14:45:00,notification,71.28,73.11,963.48,6268,8.59,1
2026-06-02 14:48:00,payment,71.65,79.36,954.19,6747,13.61,1
2026-06-02 14:48:00,order,63.6,63.78,523.06,4618,5.49,1
2026-06-02 14:48:00,notification,67.38,77.01,954.63,5665,13.05,1
2026-06-02 14:51:00,payment,79.68,64.07,786.92,5172,8.56,1
2026-06-02 14:51:00,order,59.47,71.9,497.11,4376,4.37,1
2026-06-02 14:51:00,notification,70.53,71.93,1050.56,5930,11.21,1
2026-06-02 14:54:00,payment,77.98,66.92,945.84,6233,11.06,1
2026-06-02 14:54:00,order,54.61,61.84,601.4,5016,5.18,1
2026-06-02 14:54:00,notification,71.13,77.81,1053.28,6174,12.36,1
2026-06-02 14:57:00,payment,73.17,70.43,746.2,5794,8.02,1
2026-06-02 14:57:00,notification,70.07,68.37,1053.9,6289,12.43,1
2026-06-02 14:57:00,order,53.78,59.55,486.54,4211,4.46,0
2026-06-02 15:00:00,notification,84.61,75.72,1049.74,6542,13.36,1
2026-06-02 15:00:00,payment,67.63,61.16,812.68,5144,8.13,1
2026-06-02 15:00:00,order,76.43,69.12,716.66,5112,7.05,0
2026-06-02 15:03:00,notification,73.49,73.96,1069.21,6247,12.64,1
2026-06-02 15:03:00,payment,64.66,66.2,594.65,5266,7.77,1
2026-06-02 15:03:00,order,67.24,62.46,751.51,5643,7.89,1
2026-06-02 15:06:00,notification,71.73,72.09,803.14,5864,9.33,1
2026-06-02 15:06:00,payment,57.4,66.18,667.46,5757,8.85,1
2026-06-02 15:06:00,order,59.8,70.12,648.39,5406,7.74,1
2026-06-02 15:09:00,notification,64.32,71.89,980.54,5526,10.47,0
2026-06-02 15:09:00,payment,68.36,78.57,912.58,6140,10.69,0
2026-06-02 15:09:00,order,66.1,62.76,577.15,5196,7.85,1
2026-06-02 15:12:00,payment,71.9,74.11,911.29,5972,10.25,1
2026-06-02 15:12:00,order,62.15,65.05,561.27,4805,4.87,0
2026-06-02 15:12:00,notification,68.88,73.92,825.9,6245,8.18,0
2026-06-02 15:15:00,order,58.3,63.18,563.78,4368,6.11,0
2026-06-02 15:15:00,notification,54.03,67.25,726.66,5121,7.41,1
2026-06-02 15:15:00,payment,71.75,77.77,799.97,5468,9.07,1
2026-06-02 15:18:00,order,58.52,66.45,623.49,5814,6.4,1
2026-06-02 15:18:00,notification,67.73,72.91,706.84,5530,7.24,1
2026-06-02 15:18:00,payment,73.02,73.99,898.7,5479,11.59,1
2026-06-02 15:21:00,order,67.96,69.98,658.32,5646,5.72,1
2026-06-02 15:21:00,notification,61.64,75.67,676.72,4915,9.16,1
2026-06-02 15:21:00,payment,75.05,69.23,853.66,6134,8.56,1
2026-06-02 15:24:00,order,69.01,70.34,669.8,4784,7.46,1
2026-06-02 15:24:00,payment,64.14,71.53,795.31,5189,6.04,1
2026-06-02 15:24:00,notification,75.07,63.02,779.82,5551,6.27,1
2026-06-02 15:27:00,payment,60.86,71.69,664.68,5294,5.13,1
2026-06-02 15:27:00,order,63.55,75.38,640.21,5172,6.61,0
2026-06-02 15:27:00,notification,73.87,74.44,820.22,6385,7.43,1
2026-06-02 15:30:00,payment,73.24,73.65,687.25,6368,5.26,1
2026-06-02 15:30:00,order,57.99,65.25,538.92,4348,4.05,0
2026-06-02 15:30:00,notification,72.02,68.55,726.65,5904,8.48,1
2026-06-02 15:33:00,payment,67.25,65.4,598.28,5273,7.18,1
2026-06-02 15:33:00,order,55.07,62.43,627.58,5216,1.72,0
2026-06-02 15:33:00,notification,65.38,77.47,769.95,5593,11.05,1
2026-06-02 15:36:00,payment,57.33,55.33,698.64,5069,8.1,1
2026-06-02 15:36:00,order,62.72,60.55,563.38,5134,6.84,0
2026-06-02 15:36:00,notification,67.76,63.11,687.85,5497,6.79,1
2026-06-02 15:39:00,order,57.91,67.03,524.34,5494,7.07,1
2026-06-02 15:39:00,notification,73.99,71.74,694.7,4899,5.14,1
2026-06-02 15:39:00,payment,61.1,56.73,594.07,4571,3.7,0
2026-06-02 15:42:00,notification,55.83,62.27,600.98,4318,6.1,1
2026-06-02 15:42:00,payment,62.57,64.91,626.93,4659,5.74,1
2026-06-02 15:42:00,order,54.91,73.3,613.23,4702,7.82,1
2026-06-02 15:45:00,notification,57.97,65.24,593.65,5523,6.79,0
2026-06-02 15:45:00,payment,58.92,51.08,495.74,4989,5.24,0
2026-06-02 15:45:00,order,67.08,68.41,493.71,4301,7.11,1
2026-06-02 15:48:00,notification,61.13,63.39,573.75,5821,7.63,0
2026-06-02 15:48:00,payment,62.11,72.2,648.63,4616,7.16,0
2026-06-02 15:48:00,order,55.35,61.58,653.27,4229,6.09,0
2026-06-02 15:51:00,notification,59.61,56.61,519.04,5116,6.37,1
2026-06-02 15:51:00,payment,77.84,69.05,534.99,5559,5.52,1
2026-06-02 15:51:00,order,47.22,64.93,607.27,5727,4.59,0
2026-06-02 15:54:00,notification,67.78,70.89,760.72,4716,5.34,1
2026-06-02 15:54:00,order,67.88,64.98,561.4,5172,3.41,1
2026-06-02 15:54:00,payment,66.77,65.43,744.45,5471,8.34,1
2026-06-02 15:57:00,order,50.03,69.51,644.08,5359,5.88,0
2026-06-02 15:57:00,notification,66.72,63.75,659.39,6005,5.52,0
2026-06-02 15:57:00,payment,72.07,65.15,787.28,7101,8.38,1
2026-06-02 16:00:00,order,62.72,69.63,770.78,4778,6.86,1
2026-06-02 16:00:00,notification,68.85,72.59,749.99,5356,5.02,0
2026-06-02 16:00:00,payment,57.49,75.43,700.35,5438,11.59,1
2026-06-02 16:03:00,order,56.09,67.42,652.64,5348,5.54,1
2026-06-02 16:03:00,notification,65.41,70.67,875.8,5676,9.58,1
2026-06-02 16:03:00,payment,61.98,62.42,650.96,5490,7.51,1
2026-06-02 16:06:00,order,55.08,57.45,577.59,4056,3.73,1
2026-06-02 16:06:00,notification,82.86,71.98,936.96,5679,9.03,1
2026-06-02 16:06:00,payment,69.32,60.4,633.22,4699,6.65,1
2026-06-02 16:09:00,notification,82.27,79.95,1025.83,6282,13.44,1
2026-06-02 16:09:00,payment,65.57,62.68,596.62,5599,6.76,1
2026-06-02 16:09:00,order,72.38,66.99,592.87,4885,3.99,1
2026-06-02 16:12:00,payment,37.92,68.02,696.5,5482,6.59,0
2026-06-02 16:12:00,order,60.74,58.04,513.87,4961,4.4,0
2026-06-02 16:12:00,notification,73.96,65.67,949.3,5174,9.43,1
2026-06-02 16:15:00,payment,71.59,73.33,887.28,5275,9.58,1
2026-06-02 16:15:00,order,56.61,59.6,441.32,4091,5.07,0
2026-06-02 16:15:00,notification,74.6,58.25,895.53,5166,7.78,1
2026-06-02 16:18:00,payment,81.35,78.13,870.71,5780,8.08,1
2026-06-02 16:18:00,order,62.87,59.51,546.27,4389,6.28,0
2026-06-02 16:18:00,notification,67.74,66.94,722.79,6118,7.71,0
2026-06-02 16:21:00,order,54.54,59.46,434.35,5108,4.15,0
2026-06-02 16:21:00,notification,59.2,68.67,738.2,6521,8.01,1
2026-06-02 16:21:00,payment,56.6,76.33,730.42,6319,6.49,1
2026-06-02 16:24:00,notification,73.05,68.92,782.59,4724,10.02,1
2026-06-02 16:24:00,payment,73.72,67.74,640.49,5843,7.04,0
2026-06-02 16:24:00,order,62.69,63.58,581.88,4193,5.85,1
2026-06-02 16:27:00,notification,61.85,67.84,764.77,6222,6.65,1
2026-06-02 16:27:00,payment,46.98,72.01,644.86,4671,7.82,0
2026-06-02 16:27:00,order,58.64,60.77,536.05,4959,4.54,1
2026-06-02 16:30:00,notification,78.93,77.51,678.21,4998,9.23,1
2026-06-02 16:30:00,payment,69.79,64.01,656.98,5109,6.35,1
2026-06-02 16:30:00,order,60.04,48.09,516.5,4306,5.94,1
2026-06-02 16:33:00,notification,57.79,73.75,669.31,5085,4.75,1
2026-06-02 16:33:00,payment,63.47,57.72,668.38,5955,7.03,1
2026-06-02 16:33:00,order,49.17,57.37,430.6,4258,4.35,0
2026-06-02 16:36:00,payment,47.89,62.17,634.1,4995,4.77,0
2026-06-02 16:36:00,order,52.61,53.4,277.61,3945,3.55,0
2026-06-02 16:36:00,notification,72.67,53.84,651.67,4723,6.6,0
2026-06-02 16:39:00,order,53.79,64.92,336.95,4328,4.01,0
2026-06-02 16:39:00,notification,78.67,66.51,741.57,5975,6.95,0
2026-06-02 16:39:00,payment,65.51,62.21,743.2,5226,7.82,1
2026-06-02 16:42:00,order,60.56,52.38,405.89,4229,2.84,0
2026-06-02 16:42:00,notification,56.68,69.57,582.73,5519,5.94,1
2026-06-02 16:42:00,payment,68.48,62.02,603.55,5428,6.87,1
2026-06-02 16:45:00,order,50.92,68.49,461.84,5040,2.22,0
2026-06-02 16:45:00,notification,60.66,73.12,768.62,5829,7.44,0
2026-06-02 16:45:00,payment,62.35,59.19,496.43,4332,5.63,0
2026-06-02 16:48:00,order,69.88,66.17,534.49,5009,5.05,1
2026-06-02 16:48:00,payment,64.91,62.73,668.22,4622,6.23,1
2026-06-02 16:48:00,notification,67.25,63.07,637.43,5533,7.4,1
2026-06-02 16:51:00,payment,58.11,67.44,652.45,4780,4.07,1
2026-06-02 16:51:00,order,60.65,61.28,627.78,3635,4.98,1
2026-06-02 16:51:00,notification,77.54,77.18,783.67,5911,8.06,1
2026-06-02 16:54:00,payment,50.38,73.74,617.13,5496,4.46,1
2026-06-02 16:54:00,order,54.44,57.68,424.3,4206,7.2,0
2026-06-02 16:54:00,notification,72.4,65.86,810.93,5192,9.18,1
2026-06-02 16:57:00,payment,66.59,57.28,613.29,5518,6.25,0
2026-06-02 16:57:00,order,56.62,59.02,489.93,5194,5.82,1
2026-06-02 16:57:00,notification,63.84,70.83,798.51,5846,9.61,1
2026-06-02 17:00:00,payment,70.01,56.99,585.57,5082,6.0,1
2026-06-02 17:00:00,order,62.57,67.66,633.5,4764,5.45,1
2026-06-02 17:00:00,notification,78.74,71.12,795.21,5528,8.77,1
2026-06-02 17:03:00,order,60.14,63.22,601.42,5231,6.85,1
2026-06-02 17:03:00,notification,75.92,66.8,640.25,4725,7.04,1
2026-06-02 17:03:00,payment,65.49,58.8,515.08,4653,5.81,0
2026-06-02 17:06:00,notification,56.11,62.13,615.47,5159,6.11,0
2026-06-02 17:06:00,payment,51.09,70.23,521.17,5624,6.18,0
2026-06-02 17:06:00,order,65.45,64.48,690.34,4995,5.6,1
2026-06-02 17:09:00,notification,63.88,67.24,537.89,5463,5.36,1
2026-06-02 17:09:00,payment,50.81,62.73,592.18,4775,6.41,0
2026-06-02 17:09:00,order,57.68,56.51,488.72,5202,4.78,1
2026-06-02 17:12:00,notification,68.69,63.44,806.67,5258,8.26,0
2026-06-02 17:12:00,payment,49.67,55.78,486.56,4513,5.67,0
2026-06-02 17:12:00,order,67.75,64.1,478.87,3967,2.76,0
2026-06-02 17:15:00,payment,41.47,59.83,441.52,4245,2.93,0
2026-06-02 17:15:00,order,54.67,62.38,540.71,4152,5.77,1
2026-06-02 17:15:00,notification,62.68,68.82,535.46,5890,8.72,1
2026-06-02 17:18:00,order,60.98,62.95,562.12,5193,5.66,1
2026-06-02 17:18:00,notification,62.41,67.18,818.45,5467,9.86,0
2026-06-02 17:18:00,payment,53.02,62.5,346.19,4746,3.82,1
2026-06-02 17:21:00,order,57.16,62.44,571.67,4920,6.26,1
2026-06-02 17:21:00,notification,65.34,80.35,966.91,5345,8.1,1
2026-06-02 17:21:00,payment,56.58,58.86,434.91,4202,3.57,1
2026-06-02 17:24:00,order,69.61,59.03,519.32,4844,4.3,1
2026-06-02 17:24:00,notification,61.18,72.25,978.93,5495,10.28,1
2026-06-02 17:24:00,payment,46.48,55.59,455.0,4171,3.9,0
2026-06-02 17:27:00,order,52.89,66.74,661.98,5104,5.61,1
2026-06-02 17:27:00,notification,76.09,73.56,903.11,5303,11.32,1
2026-06-02 17:27:00,payment,63.89,64.55,546.12,5282,5.5,1
2026-06-02 17:30:00,notification,63.85,74.76,669.11,5670,6.51,1
2026-06-02 17:30:00,payment,56.26,56.46,394.68,4604,5.46,0
2026-06-02 17:30:00,order,61.01,57.95,573.69,4809,6.41,0
2026-06-02 17:33:00,payment,51.73,58.43,441.31,4093,5.13,0
2026-06-02 17:33:00,order,66.96,72.65,534.43,5578,4.92,1
2026-06-02 17:33:00,notification,77.84,71.19,898.74,6380,8.27,1
2026-06-02 17:36:00,payment,59.01,61.32,575.1,4410,6.55,0
2026-06-02 17:36:00,order,57.39,68.23,621.87,5337,8.23,1
2026-06-02 17:36:00,notification,69.46,72.73,646.41,5895,6.78,1
2026-06-02 17:39:00,payment,45.62,66.2,537.36,5046,4.15,0
2026-06-02 17:39:00,order,82.63,67.33,668.79,5437,9.87,1
2026-06-02 17:39:00,notification,68.7,65.23,761.12,6117,9.3,1
2026-06-02 17:42:00,payment,54.93,62.49,556.61,3859,3.5,1
2026-06-02 17:42:00,order,61.36,72.66,879.85,5530,9.92,1
2026-06-02 17:42:00,notification,73.03,69.89,639.03,5882,10.45,1
2026-06-02 17:45:00,payment,55.64,65.3,406.95,3696,4.66,1
2026-06-02 17:45:00,notification,61.75,64.35,534.84,5273,6.15,1
2026-06-02 17:45:00,order,68.12,72.49,880.64,5444,7.76,1
2026-06-02 17:48:00,notification,61.18,71.63,603.52,5712,6.84,1
2026-06-02 17:48:00,payment,55.11,65.53,408.21,4104,5.28,0
2026-06-02 17:48:00,order,76.53,64.06,618.73,5216,8.32,1
2026-06-02 17:51:00,notification,73.01,73.2,753.11,5733,11.39,1
2026-06-02 17:51:00,payment,56.55,61.3,397.15,4232,5.9,0
2026-06-02 17:51:00,order,63.07,74.88,652.46,5603,6.97,1
2026-06-02 17:54:00,notification,66.1,74.11,717.57,5429,9.34,1
2026-06-02 17:54:00,payment,60.44,60.44,500.38,4272,2.27,0
2026-06-02 17:54:00,order,66.6,56.22,642.93,4902,5.89,1
2026-06-02 17:57:00,notification,72.54,76.82,915.41,5516,9.35,1
2026-06-02 17:57:00,payment,62.43,72.44,576.79,5328,9.93,1
2026-06-02 17:57:00,order,64.99,75.27,780.91,5843,8.33,1
2026-06-02 18:00:00,payment,64.35,68.4,634.97,5197,6.97,0
2026-06-02 18:00:00,order,67.14,69.34,723.59,5505,6.65,1
2026-06-02 18:00:00,notification,72.62,77.57,845.74,5744,7.63,1
2026-06-02 18:03:00,order,68.31,70.34,594.79,4962,6.9,1
2026-06-02 18:03:00,notification,73.87,64.72,967.73,5536,12.42,1
2026-06-02 18:03:00,payment,73.28,83.01,803.38,5398,9.41,1
2026-06-02 18:06:00,order,59.75,72.98,540.92,4982,7.33,1
2026-06-02 18:06:00,notification,74.6,70.15,955.86,5964,9.09,1
2026-06-02 18:06:00,payment,65.76,70.75,735.38,6302,5.83,1
2026-06-02 18:09:00,order,44.35,61.94,594.25,5038,7.19,1
2026-06-02 18:09:00,notification,74.3,73.68,920.04,5941,10.13,1
2026-06-02 18:09:00,payment,71.89,75.78,864.95,6054,9.25,1
2026-06-02 18:12:00,notification,72.01,66.99,850.73,6310,10.37,1
2026-06-02 18:12:00,payment,67.15,72.3,832.56,6149,9.74,1
2026-06-02 18:12:00,order,58.64,60.96,430.23,5274,5.78,1
2026-06-02 18:15:00,payment,63.5,69.59,862.93,5019,6.96,1
2026-06-02 18:15:00,order,60.59,65.6,716.98,5552,5.12,0
2026-06-02 18:15:00,notification,65.59,69.86,843.95,5666,9.63,1
2026-06-02 18:18:00,payment,70.35,68.66,747.75,4998,4.83,0
2026-06-02 18:18:00,order,65.76,62.06,781.21,5720,6.99,1
2026-06-02 18:18:00,notification,62.5,72.02,799.08,6231,6.88,1
2026-06-02 18:21:00,payment,71.04,77.48,954.97,6539,12.12,1
2026-06-02 18:21:00,order,62.17,64.96,800.86,5191,6.86,1
2026-06-02 18:21:00,notification,63.76,78.52,750.4,5487,7.33,0
2026-06-02 18:24:00,payment,76.7,78.63,1020.4,7099,11.67,1
2026-06-02 18:24:00,order,62.69,68.42,830.57,5974,10.33,1
2026-06-02 18:24:00,notification,64.23,74.31,793.19,5276,8.93,1
2026-06-02 18:27:00,order,62.3,61.11,760.13,4405,8.67,0
2026-06-02 18:27:00,notification,65.27,68.42,668.33,5651,4.03,1
2026-06-02 18:27:00,payment,70.5,78.36,990.53,5516,11.43,1
2026-06-02 18:30:00,notification,69.31,63.08,495.61,5143,5.96,1
2026-06-02 18:30:00,payment,69.4,74.89,839.29,6073,9.93,1
2026-06-02 18:30:00,order,76.92,66.86,798.37,5732,7.82,1
2026-06-02 18:33:00,notification,57.8,53.23,541.07,4613,3.2,1
2026-06-02 18:33:00,payment,66.53,68.73,854.2,5229,8.75,1
2026-06-02 18:33:00,order,66.16,73.03,686.87,5653,9.13,1
2026-06-02 18:36:00,notification,61.72,55.3,361.35,3944,3.45,1
2026-06-02 18:36:00,payment,62.79,67.15,798.81,5149,8.56,0
2026-06-02 18:36:00,order,69.79,72.22,708.09,4822,7.11,1
2026-06-02 18:39:00,notification,48.58,49.46,389.23,4930,2.8,0
2026-06-02 18:39:00,payment,57.32,63.32,630.37,5659,9.53,1
2026-06-02 18:39:00,order,62.26,70.12,839.19,5486,9.36,1
2026-06-02 18:42:00,notification,54.86,62.91,468.44,4347,5.13,0
2026-06-02 18:42:00,order,63.64,68.72,784.38,5498,7.11,0
2026-06-02 18:42:00,payment,68.34,77.27,760.42,5261,6.95,1
2026-06-02 18:45:00,order,61.73,68.87,789.36,5793,8.81,1
2026-06-02 18:45:00,notification,56.17,61.84,434.31,4842,3.98,0
2026-06-02 18:45:00,payment,67.09,65.96,761.09,4899,8.79,0
2026-06-02 18:48:00,order,73.61,59.99,762.76,5820,6.73,1
2026-06-02 18:48:00,notification,63.69,64.88,539.51,5410,6.38,1
2026-06-02 18:48:00,payment,69.79,72.65,678.09,4781,6.63,1
2026-06-02 18:51:00,order,53.76,61.38,626.88,5808,4.94,1
2026-06-02 18:51:00,notification,58.73,68.29,566.96,5235,7.71,0
2026-06-02 18:51:00,payment,61.47,69.17,654.35,4555,7.26,1
2026-06-02 18:54:00,order,61.19,67.76,509.27,4635,3.71,0
2026-06-02 18:54:00,notification,69.03,65.26,635.01,4825,7.09,1
2026-06-02 18:54:00,payment,76.22,69.46,663.26,5520,8.12,1
2026-06-02 18:57:00,notification,66.02,60.52,665.67,5144,7.18,1
2026-06-02 18:57:00,payment,56.56,62.28,511.27,4921,6.18,1
2026-06-02 18:57:00,order,65.04,72.37,555.71,4675,7.31,1
2026-06-02 19:00:00,payment,55.24,60.32,556.03,5097,6.09,1
2026-06-02 19:00:00,order,66.91,64.0,737.81,5702,6.14,0
2026-06-02 19:00:00,notification,67.72,67.24,849.25,5317,7.18,1
2026-06-02 19:03:00,payment,51.62,56.96,470.07,4183,3.48,1
2026-06-02 19:03:00,order,48.88,71.94,613.03,5640,6.18,0
2026-06-02 19:03:00,notification,60.7,69.49,697.63,5229,5.64,0
2026-06-02 19:06:00,payment,43.5,67.33,393.67,4553,1.49,1
2026-06-02 19:06:00,order,51.49,60.91,585.25,5705,7.91,1
2026-06-02 19:06:00,notification,56.77,60.86,754.99,5652,6.48,0
2026-06-02 19:09:00,payment,63.55,59.63,495.59,4481,3.63,1
2026-06-02 19:09:00,notification,65.16,71.37,874.73,5486,8.63,1
2026-06-02 19:09:00,order,63.8,63.88,611.33,5329,7.99,1
2026-06-02 19:12:00,notification,72.68,64.65,722.08,5532,7.96,1
2026-06-02 19:12:00,payment,63.31,65.31,367.63,4280,5.22,0
2026-06-02 19:12:00,order,55.84,64.42,615.55,5756,4.85,0
2026-06-02 19:15:00,notification,56.1,72.36,833.61,5579,8.52,1
2026-06-02 19:15:00,payment,57.27,65.41,304.28,4062,4.21,0
2026-06-02 19:15:00,order,59.47,65.3,693.76,5056,3.85,0
2026-06-02 19:18:00,notification,54.24,60.49,639.1,4592,6.46,1
2026-06-02 19:18:00,payment,51.03,58.75,543.48,4160,4.72,0
2026-06-02 19:18:00,order,58.29,61.09,572.39,5537,4.87,0
2026-06-02 19:21:00,notification,61.14,70.11,655.19,4975,5.91,1
2026-06-02 19:21:00,payment,63.93,60.09,384.93,4137,3.51,0
2026-06-02 19:21:00,order,48.3,59.93,494.25,3764,4.17,0
2026-06-02 19:24:00,payment,50.53,57.84,364.25,4661,3.79,0
2026-06-02 19:24:00,order,48.34,64.09,543.91,3437,5.03,0
2026-06-02 19:24:00,notification,53.14,55.26,554.25,4718,4.7,0
2026-06-02 19:27:00,order,56.09,53.27,446.39,3915,2.92,0
2026-06-02 19:27:00,notification,80.13,59.76,612.19,4966,3.25,0
2026-06-02 19:27:00,payment,50.18,51.12,363.64,4379,2.02,0
2026-06-02 19:30:00,order,43.25,59.98,489.99,4005,1.82,0
2026-06-02 19:30:00,notification,60.6,66.46,516.87,4408,6.34,1
2026-06-02 19:30:00,payment,61.08,56.54,396.36,3892,4.31,0
2026-06-02 19:33:00,order,49.66,62.49,348.7,4021,2.34,0
2026-06-02 19:33:00,notification,55.43,61.09,555.73,4368,4.4,0
2026-06-02 19:33:00,payment,57.8,61.58,381.74,4360,4.74,1
2026-06-02 19:36:00,order,45.25,52.69,243.68,3277,2.02,1
2026-06-02 19:36:00,notification,59.88,48.09,371.99,3451,3.03,1
2026-06-02 19:36:00,payment,64.87,54.3,398.1,3469,2.76,0
2026-06-02 19:39:00,order,49.28,52.16,268.03,3719,5.19,1
2026-06-02 19:39:00,payment,55.79,57.39,365.22,4485,4.36,1
2026-06-02 19:39:00,notification,50.58,59.7,329.69,3519,4.91,0
2026-06-02 19:42:00,payment,52.41,58.57,415.87,3914,1.91,0
2026-06-02 19:42:00,order,62.53,49.61,251.22,3796,2.56,0
2026-06-02 19:42:00,notification,58.21,52.14,525.32,3917,4.73,0
2026-06-02 19:45:00,payment,46.44,66.04,204.72,4018,3.05,0
2026-06-02 19:45:00,order,46.05,67.03,347.02,4080,4.03,0
2026-06-02 19:45:00,notification,67.76,60.22,511.34,4362,5.23,1
2026-06-02 19:48:00,payment,34.86,42.78,335.91,4481,1.85,0
2026-06-02 19:48:00,order,56.37,66.18,533.95,4099,5.06,1
2026-06-02 19:48:00,notification,46.99,73.74,488.09,4929,2.99,1
2026-06-02 19:51:00,payment,45.77,55.73,279.39,3226,3.8,0
2026-06-02 19:51:00,order,54.33,56.45,363.73,4535,2.97,0
2026-06-02 19:51:00,notification,49.92,60.59,402.37,4048,3.45,0
2026-06-02 19:54:00,order,58.17,65.36,411.83,3928,4.1,0
2026-06-02 19:54:00,notification,55.51,55.57,278.02,3069,4.7,0
2026-06-02 19:54:00,payment,55.02,52.55,342.3,4700,2.18,0
2026-06-02 19:57:00,notification,47.1,57.39,375.53,4375,4.49,1
2026-06-02 19:57:00,payment,52.63,51.37,346.44,3823,3.64,0
2026-06-02 19:57:00,order,53.41,56.72,440.96,4139,4.25,0
2026-06-02 20:00:00,notification,47.66,52.82,469.1,4183,4.42,1
2026-06-02 20:00:00,payment,50.1,53.97,367.99,3428,2.33,0
2026-06-02 20:00:00,order,62.8,58.12,340.53,3957,4.53,1
2026-06-02 20:03:00,notification,57.21,58.12,573.37,3619,2.34,0
2026-06-02 20:03:00,payment,45.44,59.91,362.14,3564,0.38,0
2026-06-02 20:03:00,order,58.34,53.66,430.24,4447,3.67,0
2026-06-02 20:06:00,payment,55.85,62.8,450.42,5159,3.62,0
2026-06-02 20:06:00,order,63.23,53.8,575.07,4532,6.48,1
2026-06-02 20:06:00,notification,48.7,68.52,405.53,3655,3.71,1
2026-06-02 20:09:00,order,51.66,61.07,654.05,4983,6.92,0
2026-06-02 20:09:00,notification,53.37,54.2,457.26,4209,2.58,1
2026-06-02 20:09:00,payment,57.8,57.78,311.31,4114,3.43,0
2026-06-02 20:12:00,order,59.22,60.57,604.63,4987,4.76,1
2026-06-02 20:12:00,notification,53.43,55.49,440.51,4434,4.42,0
2026-06-02 20:12:00,payment,51.79,60.18,250.61,3418,2.82,0
2026-06-02 20:15:00,order,57.37,66.35,594.43,4651,6.6,1
2026-06-02 20:15:00,notification,62.33,66.38,574.43,5109,6.67,0
2026-06-02 20:15:00,payment,48.25,59.4,280.73,3353,2.45,1
2026-06-02 20:18:00,order,56.68,68.68,597.91,4367,6.65,0
2026-06-02 20:18:00,notification,61.6,69.39,614.19,4433,6.53,1
2026-06-02 20:18:00,payment,44.38,58.76,279.27,3812,2.02,0
2026-06-02 20:21:00,notification,62.59,62.27,497.24,4758,6.02,1
2026-06-02 20:21:00,payment,58.46,55.41,485.97,4077,3.18,0
2026-06-02 20:21:00,order,57.71,64.48,591.02,4876,9.25,1
2026-06-02 20:24:00,payment,33.56,59.85,404.18,4122,1.99,0
2026-06-02 20:24:00,order,59.27,58.56,575.24,4447,6.49,1
2026-06-02 20:24:00,notification,64.03,60.85,516.45,4202,6.32,1
2026-06-02 20:27:00,payment,48.48,54.65,226.46,4029,0.0,0
2026-06-02 20:27:00,order,60.57,58.72,502.78,4317,5.32,0
2026-06-02 20:27:00,notification,52.09,63.44,449.46,3835,2.95,0
2026-06-02 20:30:00,payment,58.42,45.38,206.11,2525,1.41,0
2026-06-02 20:30:00,order,60.42,67.18,422.75,3230,3.22,0
2026-06-02 20:30:00,notification,44.83,51.85,535.24,4200,1.56,0
2026-06-02 20:33:00,payment,33.49,41.22,224.15,3184,0.58,0
2026-06-02 20:33:00,notification,55.53,58.29,504.09,4604,5.64,0
2026-06-02 20:33:00,order,60.58,62.74,382.0,3618,2.78,1
2026-06-02 20:36:00,notification,52.83,49.16,427.84,4423,4.49,0
2026-06-02 20:36:00,payment,41.39,39.21,216.15,2930,2.81,0
2026-06-02 20:36:00,order,55.03,65.27,441.18,4403,4.21,1
2026-06-02 20:39:00,notification,52.02,60.17,508.56,4439,6.08,0
2026-06-02 20:39:00,payment,43.42,50.21,245.14,2827,0.0,0
2026-06-02 20:39:00,order,52.6,66.19,397.72,3599,1.27,0
2026-06-02 20:42:00,notification,45.69,59.46,525.07,3918,4.75,0
2026-06-02 20:42:00,payment,42.37,52.77,257.35,3636,2.22,0
2026-06-02 20:42:00,order,52.2,55.6,374.24,4639,5.75,1
2026-06-02 20:45:00,notification,50.98,63.53,331.83,3309,5.52,1
2026-06-02 20:45:00,payment,51.86,45.78,177.39,2676,4.5,0
2026-06-02 20:45:00,order,57.0,66.67,611.29,4358,2.58,0
2026-06-02 20:48:00,payment,52.41,60.26,198.62,2738,2.5,0
2026-06-02 20:48:00,order,54.06,58.27,541.02,4866,3.9,1
2026-06-02 20:48:00,notification,51.08,51.82,415.4,3999,3.91,1
2026-06-02 20:51:00,order,55.13,67.07,416.87,4458,6.01,1
2026-06-02 20:51:00,notification,46.97,61.02,401.37,3882,3.39,1
2026-06-02 20:51:00,payment,49.34,54.81,284.49,3650,2.47,0
2026-06-02 20:54:00,order,59.14,65.46,542.37,4746,4.56,1
2026-06-02 20:54:00,notification,50.17,54.73,368.65,3583,2.43,0
2026-06-02 20:54:00,payment,51.72,59.54,315.27,3345,2.7,0
2026-06-02 20:57:00,order,68.67,52.79,505.67,4644,5.58,1
2026-06-02 20:57:00,notification,55.89,60.26,470.95,3762,2.63,1
2026-06-02 20:57:00,payment,49.25,56.52,298.03,3097,3.23,0
2026-06-02 21:00:00,notification,62.99,63.03,489.31,4250,1.75,1
2026-06-02 21:00:00,payment,64.84,46.47,337.01,2590,1.49,0
2026-06-02 21:00:00,order,58.6,65.44,523.48,4839,4.56,0
2026-06-02 21:03:00,payment,48.79,55.88,294.63,4274,1.16,0
2026-06-02 21:03:00,order,54.2,58.76,525.04,5197,5.08,0
2026-06-02 21:03:00,notification,63.03,58.85,390.09,3973,4.47,1
2026-06-02 21:06:00,payment,50.08,57.81,396.98,3798,3.36,0
2026-06-02 21:06:00,order,64.64,61.15,582.36,4869,5.98,1
2026-06-02 21:06:00,notification,50.26,60.27,430.53,4458,2.81,0
2026-06-02 21:09:00,payment,38.86,51.9,388.42,3643,0.33,0
2026-06-02 21:09:00,order,42.2,55.65,417.74,3909,2.82,0
2026-06-02 21:09:00,notification,51.85,57.88,557.07,4712,4.08,1
2026-06-02 21:12:00,payment,50.53,51.38,475.06,5017,4.71,0
2026-06-02 21:12:00,order,61.27,64.16,475.95,3520,3.72,1
2026-06-02 21:12:00,notification,46.86,65.74,416.81,4250,4.02,0
2026-06-02 21:15:00,order,43.78,53.98,287.7,3942,3.36,1
2026-06-02 21:15:00,notification,60.79,73.85,438.47,4274,3.61,1
2026-06-02 21:15:00,payment,58.88,57.58,302.22,4354,2.79,0
2026-06-02 21:18:00,notification,57.06,53.13,480.72,4477,4.51,1
2026-06-02 21:18:00,payment,49.42,56.67,496.74,5238,4.73,0
2026-06-02 21:18:00,order,57.36,51.88,337.75,4270,3.29,1
2026-06-02 21:21:00,notification,63.1,59.61,419.44,3071,0.98,0
2026-06-02 21:21:00,payment,43.14,66.14,536.93,3914,3.7,1
2026-06-02 21:21:00,order,48.49,52.49,363.4,3937,4.01,0
2026-06-02 21:24:00,notification,52.02,54.73,505.21,3805,3.04,0
2026-06-02 21:24:00,payment,52.38,55.2,394.69,3479,5.02,0
2026-06-02 21:24:00,order,54.95,56.87,352.08,3705,4.06,0
2026-06-02 21:27:00,notification,45.31,56.48,396.32,2942,3.31,0
2026-06-02 21:27:00,payment,60.59,66.01,415.16,4232,3.65,0
2026-06-02 21:27:00,order,64.99,59.54,372.27,4059,3.25,0
2026-06-02 21:30:00,notification,51.57,48.9,506.53,4099,1.09,0
2026-06-02 21:30:00,order,44.42,60.89,369.94,3934,0.64,0
2026-06-02 21:30:00,payment,49.77,44.35,243.21,3844,2.31,0
2026-06-02 21:33:00,order,43.05,57.15,269.96,4186,4.02,0
2026-06-02 21:33:00,notification,46.37,48.14,370.9,3840,1.48,0
2026-06-02 21:33:00,payment,45.9,54.3,413.23,4006,1.96,1
2026-06-02 21:36:00,order,55.67,62.7,399.07,4200,2.98,0
2026-06-02 21:36:00,notification,48.59,66.47,409.33,3024,5.16,0
2026-06-02 21:36:00,payment,38.38,62.13,279.29,3027,2.53,0
2026-06-02 21:39:00,order,57.91,58.03,319.44,4580,4.68,0
2026-06-02 21:39:00,notification,51.47,63.52,237.86,4103,2.9,0
2026-06-02 21:39:00,payment,54.01,52.03,240.73,4151,5.97,0
2026-06-02 21:42:00,order,50.69,59.14,200.71,4270,1.71,1
2026-06-02 21:42:00,notification,41.2,44.37,298.08,3306,1.23,0
2026-06-02 21:42:00,payment,53.68,54.35,309.14,4095,1.16,0
2026-06-02 21:45:00,notification,54.13,61.68,199.01,3475,2.9,0
2026-06-02 21:45:00,payment,41.85,55.52,238.7,4378,4.69,0
2026-06-02 21:45:00,order,47.53,58.23,347.38,3502,2.55,0
2026-06-02 21:48:00,payment,62.18,56.51,381.9,4146,4.81,1
2026-06-02 21:48:00,order,52.46,69.14,371.23,3991,3.89,1
2026-06-02 21:48:00,notification,30.43,43.85,102.67,3133,0.0,0
2026-06-02 21:51:00,payment,63.07,63.78,675.3,4851,6.9,1
2026-06-02 21:51:00,order,47.51,62.38,412.03,4667,3.41,1
2026-06-02 21:51:00,notification,45.11,49.32,235.47,2515,0.0,0
2026-06-02 21:54:00,payment,65.54,56.31,505.82,4362,5.89,0
2026-06-02 21:54:00,order,54.73,59.91,376.61,3738,4.05,1
2026-06-02 21:54:00,notification,37.11,46.49,122.73,2723,0.0,0
2026-06-02 21:57:00,order,53.28,57.83,494.53,4017,3.87,0
2026-06-02 21:57:00,notification,20.26,46.28,119.41,1940,2.58,0
2026-06-02 21:57:00,payment,64.63,64.25,505.83,4812,5.94,1
2026-06-02 22:00:00,notification,24.93,44.1,115.34,1844,0.0,0
2026-06-02 22:00:00,payment,58.62,61.94,433.45,3819,5.17,1
2026-06-02 22:00:00,order,63.49,61.64,441.69,3814,6.45,1
2026-06-02 22:03:00,notification,37.73,50.18,175.23,3253,0.84,0
2026-06-02 22:03:00,payment,56.41,57.09,347.23,3780,3.85,0
2026-06-02 22:03:00,order,59.64,65.26,508.98,4151,4.23,1
2026-06-02 22:06:00,notification,37.66,44.64,185.41,3072,2.57,1
2026-06-02 22:06:00,payment,55.85,50.92,399.42,3702,3.85,1
2026-06-02 22:06:00,order,44.73,51.55,285.54,3674,3.28,0
2026-06-02 22:09:00,notification,45.49,58.95,270.0,3166,0.3,0
2026-06-02 22:09:00,payment,40.02,61.32,299.92,3634,4.73,1
2026-06-02 22:09:00,order,49.71,62.87,366.51,3740,3.42,0
2026-06-02 22:12:00,payment,40.37,58.5,340.13,3359,2.78,0
2026-06-02 22:12:00,order,53.23,53.3,339.16,3723,4.18,1
2026-06-02 22:12:00,notification,42.2,56.62,284.15,2782,0.0,0
2026-06-02 22:15:00,order,44.24,54.33,356.57,3193,3.3,0
2026-06-02 22:15:00,notification,48.9,49.89,165.48,3381,4.52,0
2026-06-02 22:15:00,payment,44.67,49.4,249.84,3112,2.1,0
2026-06-02 22:18:00,order,38.75,53.95,338.67,3762,2.11,0
2026-06-02 22:18:00,notification,47.7,53.77,387.47,3302,2.48,0
2026-06-02 22:18:00,payment,53.37,52.43,575.7,4962,3.03,0
2026-06-02 22:21:00,order,45.86,51.6,228.8,4060,0.8,0
2026-06-02 22:21:00,notification,54.27,56.49,275.66,4661,2.09,1
2026-06-02 22:21:00,payment,55.43,53.25,427.52,3864,4.07,0
2026-06-02 22:24:00,order,55.97,60.98,330.75,3967,5.12,1
2026-06-02 22:24:00,notification,55.68,53.94,285.71,4336,2.71,0
2026-06-02 22:24:00,payment,55.67,61.26,401.64,4263,2.63,0
2026-06-02 22:27:00,order,58.41,51.47,357.0,4558,3.73,0
2026-06-02 22:27:00,payment,59.25,58.91,368.01,3301,2.97,1
2026-06-02 22:27:00,notification,54.75,55.33,475.88,3581,4.11,0
2026-06-02 22:30:00,payment,59.22,61.31,348.0,4524,2.18,0
2026-06-02 22:30:00,order,56.27,63.9,322.45,4411,3.46,0
2026-06-02 22:30:00,notification,42.84,55.04,242.2,2858,0.0,0
2026-06-02 22:33:00,payment,46.72,55.41,327.89,4008,3.86,0
2026-06-02 22:33:00,order,68.53,59.54,549.65,4575,4.09,0
2026-06-02 22:33:00,notification,52.77,53.65,309.01,3020,1.14,0
2026-06-02 22:36:00,payment,54.2,53.1,342.96,3851,2.55,0
2026-06-02 22:36:00,order,47.51,56.7,421.86,3357,4.83,1
2026-06-02 22:36:00,notification,48.38,51.85,357.34,4115,3.53,0
2026-06-02 22:39:00,payment,50.22,64.47,546.38,4128,2.57,1
2026-06-02 22:39:00,order,54.71,56.99,371.62,3625,3.72,0
2026-06-02 22:39:00,notification,43.07,53.73,317.83,3893,4.09,0
2026-06-02 22:42:00,order,43.71,55.59,389.36,4021,5.25,0
2026-06-02 22:42:00,notification,46.47,49.7,276.05,2754,4.39,0
2026-06-02 22:42:00,payment,57.58,59.99,494.48,5016,3.79,0
2026-06-02 22:45:00,notification,51.99,63.79,317.96,3863,2.87,0
2026-06-02 22:45:00,payment,60.04,63.18,384.67,3422,4.25,0
2026-06-02 22:45:00,order,58.0,56.18,381.56,3485,3.51,0
2026-06-02 22:48:00,notification,53.95,57.63,400.04,3976,4.24,0
2026-06-02 22:48:00,payment,37.86,54.66,447.5,4295,4.42,0
2026-06-02 22:48:00,order,58.2,54.38,299.42,3665,0.5,0
2026-06-02 22:51:00,notification,53.31,54.49,281.73,3571,0.56,0
2026-06-02 22:51:00,payment,68.41,55.87,470.82,4107,4.05,1
2026-06-02 22:51:00,order,52.83,52.71,287.56,3531,4.02,0
2026-06-02 22:54:00,notification,52.09,54.74,305.29,3744,2.58,0
2026-06-02 22:54:00,order,35.42,43.02,284.48,3431,0.0,0
2026-06-02 22:54:00,payment,56.37,62.95,379.44,3998,3.31,0
2026-06-02 22:57:00,order,50.47,59.04,240.25,3371,3.69,0
2026-06-02 22:57:00,notification,44.71,56.94,312.65,4158,0.0,0
2026-06-02 22:57:00,payment,51.24,55.88,426.46,5251,4.42,0
2026-06-02 23:00:00,order,39.92,45.2,193.01,3798,2.89,0
2026-06-02 23:00:00,notification,52.42,49.33,241.46,3847,3.75,0
2026-06-02 23:00:00,payment,67.74,64.68,535.82,4260,4.9,0
2026-06-02 23:03:00,order,47.3,58.87,213.0,2750,3.8,0
2026-06-02 23:03:00,notification,44.11,50.39,195.97,3287,2.24,1
2026-06-02 23:03:00,payment,53.53,48.48,405.97,4731,5.09,0
2026-06-02 23:06:00,order,36.32,49.99,274.74,3235,2.39,1
2026-06-02 23:06:00,notification,38.88,52.31,200.4,3020,3.59,0
2026-06-02 23:06:00,payment,57.67,58.41,520.27,5196,2.27,1
2026-06-02 23:09:00,notification,30.37,42.51,195.13,2837,0.63,0
2026-06-02 23:09:00,payment,53.99,60.37,443.04,4743,3.22,0
2026-06-02 23:09:00,order,43.72,54.79,265.1,3161,1.76,0
2026-06-02 23:12:00,payment,68.68,71.52,563.71,4405,5.81,1
2026-06-02 23:12:00,order,44.73,57.93,203.96,2894,3.66,0
2026-06-02 23:12:00,notification,46.63,52.26,132.46,3201,0.0,0
2026-06-02 23:15:00,payment,57.34,56.28,485.55,4075,5.15,1
2026-06-02 23:15:00,order,44.53,59.52,309.37,3507,1.22,0
2026-06-02 23:15:00,notification,39.31,61.84,236.63,2879,2.49,0
2026-06-02 23:18:00,payment,56.5,63.48,437.81,4631,5.37,1
2026-06-02 23:18:00,order,50.99,53.44,286.61,3523,2.33,0
2026-06-02 23:18:00,notification,35.96,40.81,295.28,3343,1.27,0
2026-06-02 23:21:00,payment,62.59,65.21,496.27,4967,2.28,0
2026-06-02 23:21:00,order,47.2,47.3,207.65,4063,2.02,0
2026-06-02 23:21:00,notification,42.34,59.99,135.01,3322,4.14,0
2026-06-02 23:24:00,payment,50.18,48.96,322.14,3590,1.57,0
2026-06-02 23:24:00,notification,56.99,50.66,377.84,3659,4.12,0
2026-06-02 23:24:00,order,48.03,53.85,348.75,3705,2.13,0
2026-06-02 23:27:00,notification,47.82,45.78,99.1,3225,1.79,0
2026-06-02 23:27:00,payment,47.55,51.72,287.53,3995,2.01,0
2026-06-02 23:27:00,order,54.05,53.5,322.13,3993,2.04,1
2026-06-02 23:30:00,notification,50.7,51.42,381.74,3967,2.28,0
2026-06-02 23:30:00,payment,45.08,46.29,139.02,3519,1.17,0
2026-06-02 23:30:00,order,65.7,58.49,366.14,4520,4.02,1
2026-06-02 23:33:00,notification,47.12,56.71,271.46,3881,2.19,0
2026-06-02 23:33:00,payment,50.59,35.59,234.55,2489,0.73,0
2026-06-02 23:33:00,order,54.36,51.53,359.93,2919,4.29,1
2026-06-02 23:36:00,notification,57.7,64.55,497.19,4656,4.77,1
2026-06-02 23:36:00,payment,40.32,43.3,202.64,2042,1.53,0
2026-06-02 23:36:00,order,44.23,58.24,472.28,4308,5.83,0
2026-06-02 23:39:00,payment,41.76,54.2,173.84,2788,1.14,0
2026-06-02 23:39:00,order,41.16,41.2,403.73,3610,2.57,0
2026-06-02 23:39:00,notification,56.63,60.64,421.97,4614,3.95,1
2026-06-02 23:42:00,order,47.43,51.36,303.29,4010,1.76,0
2026-06-02 23:42:00,notification,54.02,59.34,706.3,4117,6.62,1
2026-06-02 23:42:00,payment,40.06,48.72,134.74,3098,2.68,0
2026-06-02 23:45:00,order,57.65,57.27,478.62,4170,0.0,0
2026-06-02 23:45:00,notification,62.83,61.4,633.36,4847,2.8,1
2026-06-02 23:45:00,payment,46.34,44.85,229.44,2390,3.0,0
2026-06-02 23:48:00,order,50.59,51.29,398.31,4056,4.51,0
2026-06-02 23:48:00,notification,49.21,50.01,357.82,3758,1.53,0
2026-06-02 23:48:00,payment,39.81,50.37,234.88,3622,0.26,0
2026-06-02 23:51:00,notification,47.08,59.88,268.05,3493,2.33,0
2026-06-02 23:51:00,payment,41.09,52.16,209.34,2924,1.56,1
2026-06-02 23:51:00,order,49.47,50.99,305.99,3551,0.46,1
2026-06-02 23:54:00,payment,40.07,58.65,329.34,3788,3.61,0
2026-06-02 23:54:00,order,46.08,53.18,231.24,3388,2.67,1
2026-06-02 23:54:00,notification,54.41,55.28,428.64,5208,2.55,1
2026-06-02 23:57:00,payment,41.9,51.76,337.4,3482,3.3,1
2026-06-02 23:57:00,order,55.63,60.33,400.76,4049,3.13,1
2026-06-02 23:57:00,notification,55.3,60.15,370.38,3823,1.98,1
2026-06-03 00:00:00,payment,46.7,62.89,328.49,3773,2.27,0
2026-06-03 00:00:00,order,51.19,58.54,244.74,3452,3.48,0
2026-06-03 00:00:00,notification,43.42,48.1,261.57,3470,3.71,0
2026-06-03 00:03:00,payment,53.29,65.03,480.62,4206,3.97,0
2026-06-03 00:03:00,order,41.23,54.67,333.21,3958,1.21,0
2026-06-03 00:03:00,notification,53.06,56.8,244.59,3469,2.64,1
2026-06-03 00:06:00,order,45.19,48.89,69.04,2495,2.16,0
2026-06-03 00:06:00,notification,49.41,44.37,380.13,3945,3.21,0
2026-06-03 00:06:00,payment,63.61,61.31,470.66,3410,1.61,0
2026-06-03 00:09:00,notification,46.46,60.26,279.67,3047,2.97,0
2026-06-03 00:09:00,payment,52.73,50.76,358.36,3501,2.68,0
2026-06-03 00:09:00,order,32.72,50.37,179.18,3281,3.35,0
2026-06-03 00:12:00,notification,43.9,52.86,222.63,2893,3.56,0
2026-06-03 00:12:00,payment,43.39,49.32,397.1,3114,0.81,0
2026-06-03 00:12:00,order,48.02,60.43,172.22,3082,2.19,0
2026-06-03 00:15:00,notification,38.03,43.93,176.41,2955,0.22,0
2026-06-03 00:15:00,payment,44.12,52.47,308.54,3405,3.1,0
2026-06-03 00:15:00,order,41.85,52.43,212.72,3307,0.57,0
2026-06-03 00:18:00,notification,44.57,47.45,136.14,2988,2.26,0
2026-06-03 00:18:00,order,41.71,48.86,101.15,2105,0.0,0
2026-06-03 00:18:00,payment,52.96,51.21,288.15,2842,0.46,0
2026-06-03 00:21:00,order,41.6,51.99,182.44,2724,2.89,0
2026-06-03 00:21:00,notification,53.67,51.07,240.73,3528,1.9,0
2026-06-03 00:21:00,payment,51.13,41.78,302.03,3529,1.95,0
2026-06-03 00:24:00,order,40.83,46.44,203.13,2501,0.52,0
2026-06-03 00:24:00,notification,47.89,52.1,207.8,3062,0.71,0
2026-06-03 00:24:00,payment,42.98,51.78,281.01,3366,1.9,0
2026-06-03 00:27:00,order,50.78,44.59,173.77,2881,1.15,0
2026-06-03 00:27:00,notification,44.87,44.46,155.13,3578,0.65,0
2026-06-03 00:27:00,payment,43.16,58.28,318.52,3504,2.08,0
2026-06-03 00:30:00,order,44.14,52.55,216.27,2370,4.72,0
2026-06-03 00:30:00,notification,41.39,48.74,185.73,2871,1.44,0
2026-06-03 00:30:00,payment,52.79,54.92,305.04,2797,1.27,1
2026-06-03 00:33:00,notification,44.66,48.59,229.8,2408,2.92,0
2026-06-03 00:33:00,payment,39.45,48.12,374.66,3196,1.67,0
2026-06-03 00:33:00,order,46.97,52.72,277.14,3295,3.1,1
2026-06-03 00:36:00,payment,47.67,47.45,223.48,2687,3.32,0
2026-06-03 00:36:00,order,54.01,50.94,264.22,3355,3.4,0
2026-06-03 00:36:00,notification,47.69,60.93,297.09,4173,2.22,0
2026-06-03 00:39:00,payment,59.72,53.57,258.58,3250,1.53,0
2026-06-03 00:39:00,order,55.89,53.46,324.64,2426,3.74,0
2026-06-03 00:39:00,notification,43.94,56.68,420.55,3854,3.31,0
2026-06-03 00:42:00,payment,49.0,52.73,282.58,3748,2.37,0
2026-06-03 00:42:00,order,42.69,40.23,178.54,2494,0.0,0
2026-06-03 00:42:00,notification,61.01,53.73,354.46,3656,2.96,0
2026-06-03 00:45:00,order,41.41,48.01,275.57,3199,3.61,0
2026-06-03 00:45:00,notification,47.28,53.39,336.03,3111,0.96,0
2026-06-03 00:45:00,payment,40.32,53.35,228.64,3586,1.18,0
2026-06-03 00:48:00,notification,48.09,57.6,378.49,3651,2.04,1
2026-06-03 00:48:00,payment,44.96,52.04,96.27,3111,2.69,0
2026-06-03 00:48:00,order,46.14,50.07,331.14,3776,4.58,0
2026-06-03 00:51:00,notification,56.17,54.22,339.61,3212,3.76,0
2026-06-03 00:51:00,payment,43.14,57.42,348.32,3798,2.11,1
2026-06-03 00:51:00,order,48.8,48.21,172.65,3289,1.5,0
2026-06-03 00:54:00,notification,43.67,52.92,287.13,4109,2.47,0
2026-06-03 00:54:00,payment,36.59,45.45,188.79,3291,0.93,0
2026-06-03 00:54:00,order,42.27,49.11,234.45,3048,2.52,0
2026-06-03 00:57:00,notification,49.23,52.8,325.63,3805,1.45,0
2026-06-03 00:57:00,payment,45.69,49.28,212.71,2719,1.34,0
2026-06-03 00:57:00,order,30.48,43.19,191.01,2769,2.43,0
2026-06-03 01:00:00,payment,50.07,47.95,142.07,3365,1.3,0
2026-06-03 01:00:00,order,50.68,58.64,205.94,2859,0.83,0
2026-06-03 01:00:00,notification,51.61,55.97,329.44,3942,2.72,0
2026-06-03 01:03:00,order,49.07,52.72,345.46,3032,2.82,0
2026-06-03 01:03:00,notification,53.29,53.62,310.57,3480,3.48,1
2026-06-03 01:03:00,payment,43.14,50.67,288.43,3555,3.52,1
2026-06-03 01:06:00,order,52.82,47.98,342.63,2732,1.25,0
2026-06-03 01:06:00,notification,49.49,54.06,391.61,4436,2.8,0
2026-06-03 01:06:00,payment,38.95,52.27,152.12,2575,1.24,0
2026-06-03 01:09:00,order,52.73,42.17,200.29,2922,4.91,0
2026-06-03 01:09:00,notification,58.59,58.2,365.14,4187,4.61,0
2026-06-03 01:09:00,payment,36.8,53.96,148.42,3081,0.0,0
2026-06-03 01:12:00,order,47.65,49.51,312.65,3337,2.3,0
2026-06-03 01:12:00,notification,63.81,59.68,479.93,3781,5.03,0
2026-06-03 01:12:00,payment,44.13,58.17,263.14,3077,2.45,0
2026-06-03 01:15:00,order,47.27,50.1,306.55,3762,2.65,0
2026-06-03 01:15:00,payment,42.8,54.28,227.21,2515,4.2,0
2026-06-03 01:15:00,notification,48.23,58.97,533.96,4232,2.33,1
2026-06-03 01:18:00,payment,41.75,52.99,261.9,3671,3.79,0
2026-06-03 01:18:00,order,47.8,45.24,214.81,2794,0.0,0
2026-06-03 01:18:00,notification,56.17,47.76,524.32,3982,2.8,0
2026-06-03 01:21:00,payment,55.27,48.97,245.45,2557,0.35,0
2026-06-03 01:21:00,order,37.53,63.71,182.44,3997,2.3,0
2026-06-03 01:21:00,notification,48.0,57.73,342.39,3126,2.73,0
2026-06-03 01:24:00,payment,47.9,42.57,300.66,3334,1.55,0
2026-06-03 01:24:00,order,42.8,42.81,192.7,3955,3.3,0
2026-06-03 01:24:00,notification,53.47,49.58,381.3,3301,4.65,0
2026-06-03 01:27:00,payment,47.9,57.4,194.06,2520,1.73,0
2026-06-03 01:27:00,order,43.93,50.81,272.22,3143,0.66,1
2026-06-03 01:27:00,notification,49.32,45.85,157.13,3832,0.0,0
2026-06-03 01:30:00,order,50.82,50.75,285.87,3057,1.27,0
2026-06-03 01:30:00,notification,39.71,47.81,261.27,3715,1.48,0
2026-06-03 01:30:00,payment,48.76,48.24,169.2,2738,1.59,0
2026-06-03 01:33:00,notification,47.04,54.75,325.66,3862,0.15,1
2026-06-03 01:33:00,payment,50.74,54.62,269.64,3138,2.5,0
2026-06-03 01:33:00,order,38.42,47.07,187.55,3738,0.5,0
2026-06-03 01:36:00,notification,50.37,56.37,331.05,4133,4.13,0
2026-06-03 01:36:00,payment,47.47,58.74,366.87,4205,2.38,0
2026-06-03 01:36:00,order,39.16,40.13,307.29,3321,0.22,0
2026-06-03 01:39:00,notification,59.88,62.42,466.63,4356,3.39,1
2026-06-03 01:39:00,payment,55.66,52.57,504.84,3951,2.67,1
2026-06-03 01:39:00,order,39.69,48.63,302.3,3074,0.0,0
2026-06-03 01:42:00,payment,54.63,56.05,403.06,3973,5.52,0
2026-06-03 01:42:00,order,45.25,49.88,303.67,2627,2.69,1
2026-06-03 01:42:00,notification,51.32,63.0,485.06,3898,4.77,0
2026-06-03 01:45:00,order,45.52,55.49,354.57,3121,0.49,0
2026-06-03 01:45:00,notification,57.92,51.02,415.87,4146,3.77,0
2026-06-03 01:45:00,payment,57.06,66.87,406.78,4353,2.53,0
2026-06-03 01:48:00,order,38.91,55.78,291.96,3073,0.18,0
2026-06-03 01:48:00,notification,57.63,52.58,455.51,5210,4.41,0
2026-06-03 01:48:00,payment,56.13,60.29,488.82,4083,2.82,1
2026-06-03 01:51:00,order,39.39,58.86,201.13,3993,1.55,0
2026-06-03 01:51:00,notification,52.29,62.34,358.92,3668,3.66,1
2026-06-03 01:51:00,payment,52.57,56.6,553.99,4570,2.64,0
2026-06-03 01:54:00,order,47.33,42.2,255.37,3556,2.17,0
2026-06-03 01:54:00,notification,55.34,58.25,316.08,4956,3.97,0
2026-06-03 01:54:00,payment,45.87,58.01,353.66,3740,4.46,0
2026-06-03 01:57:00,notification,48.12,52.79,472.59,5393,2.88,0
2026-06-03 01:57:00,payment,53.89,63.37,351.04,4139,3.64,0
2026-06-03 01:57:00,order,40.8,45.56,175.3,2506,1.82,0
2026-06-03 02:00:00,payment,52.88,63.53,441.6,5160,4.85,1
2026-06-03 02:00:00,order,38.74,58.24,131.22,2311,0.0,0
2026-06-03 02:00:00,notification,49.07,58.29,385.04,3835,3.85,0
2026-06-03 02:03:00,payment,41.39,50.37,354.86,3929,2.5,0
2026-06-03 02:03:00,order,37.3,52.33,163.3,2270,0.45,0
2026-06-03 02:03:00,notification,44.15,58.14,201.96,2677,3.46,1
2026-06-03 02:06:00,payment,52.87,63.41,286.73,3786,1.26,0
2026-06-03 02:06:00,order,43.75,38.83,104.42,2520,1.68,0
2026-06-03 02:06:00,notification,46.85,55.09,212.7,3387,2.62,0
2026-06-03 02:09:00,payment,53.97,58.67,317.25,2870,1.89,0
2026-06-03 02:09:00,order,38.83,44.5,192.54,2358,1.88,0
2026-06-03 02:09:00,notification,41.49,47.76,359.42,3283,3.6,0
2026-06-03 02:12:00,payment,64.67,54.2,419.2,3335,2.48,0
2026-06-03 02:12:00,notification,56.73,41.07,314.65,3248,3.76,0
2026-06-03 02:12:00,order,41.29,41.07,274.25,1665,2.55,0
2026-06-03 02:15:00,notification,35.62,54.47,375.6,3805,1.28,0
2026-06-03 02:15:00,payment,46.64,48.57,238.32,3805,2.84,0
2026-06-03 02:15:00,order,45.91,47.88,374.82,2665,2.22,0
2026-06-03 02:18:00,notification,36.6,51.92,231.86,3175,2.15,0
2026-06-03 02:18:00,payment,46.2,60.17,414.79,3537,0.66,0
2026-06-03 02:18:00,order,51.75,58.75,226.12,2615,0.0,1
2026-06-03 02:21:00,notification,51.19,50.03,420.13,3763,2.96,1
2026-06-03 02:21:00,payment,44.01,58.33,313.57,4047,3.53,1
2026-06-03 02:21:00,order,38.87,55.96,241.05,3628,0.8,0
2026-06-03 02:24:00,notification,56.25,48.66,305.77,4030,1.17,0
2026-06-03 02:24:00,payment,50.25,47.25,337.81,3792,1.52,1
2026-06-03 02:24:00,order,44.53,45.3,281.38,3192,3.72,0
2026-06-03 02:27:00,payment,51.74,54.67,440.85,3259,2.14,0
2026-06-03 02:27:00,order,42.35,46.79,323.4,2406,3.87,0
2026-06-03 02:27:00,notification,63.17,59.49,417.99,4283,3.76,1
2026-06-03 02:30:00,order,50.28,49.24,299.47,2507,1.4,0
2026-06-03 02:30:00,notification,54.79,58.01,368.27,4039,4.25,0
2026-06-03 02:30:00,payment,45.97,71.73,371.06,4227,4.4,0
2026-06-03 02:33:00,order,45.69,52.31,283.84,4197,2.17,0
2026-06-03 02:33:00,notification,54.17,59.72,391.76,4549,2.9,0
2026-06-03 02:33:00,payment,45.87,52.86,263.47,2902,0.0,0
2026-06-03 02:36:00,order,40.0,52.51,319.57,3016,0.61,0
2026-06-03 02:36:00,notification,54.05,60.82,369.42,3439,3.33,0
2026-06-03 02:36:00,payment,38.68,52.14,389.01,3484,3.31,0
2026-06-03 02:39:00,order,42.74,45.91,237.29,2602,3.3,0
2026-06-03 02:39:00,payment,54.15,49.15,299.38,3670,2.89,0
2026-06-03 02:39:00,notification,58.49,52.05,315.28,3897,1.68,0
2026-06-03 02:42:00,payment,39.3,59.1,266.52,3702,0.7,0
2026-06-03 02:42:00,order,49.53,52.63,271.31,2943,1.3,0
2026-06-03 02:42:00,notification,40.36,64.48,344.37,3741,0.56,0
2026-06-03 02:45:00,payment,41.34,52.47,191.03,2418,0.8,0
2026-06-03 02:45:00,order,54.2,48.93,273.68,3419,4.56,0
2026-06-03 02:45:00,notification,45.67,50.18,198.01,2739,0.0,0
2026-06-03 02:48:00,payment,31.03,53.61,231.7,2668,2.56,0
2026-06-03 02:48:00,order,48.14,53.9,445.54,3827,2.8,0
2026-06-03 02:48:00,notification,47.94,54.16,240.88,2663,0.0,1
2026-06-03 02:51:00,payment,37.23,48.78,109.55,2794,3.59,0
2026-06-03 02:51:00,order,43.01,56.48,328.13,3598,1.19,0
2026-06-03 02:51:00,notification,44.2,49.53,252.85,3180,0.59,0
2026-06-03 02:54:00,order,41.9,54.64,258.26,4537,0.13,0
2026-06-03 02:54:00,notification,51.96,57.76,306.07,4108,2.69,0
2026-06-03 02:54:00,payment,39.16,53.91,133.85,3007,2.53,0
2026-06-03 02:57:00,notification,44.98,49.74,362.37,3756,2.9,0
2026-06-03 02:57:00,payment,40.72,43.35,109.43,3212,3.5,0
2026-06-03 02:57:00,order,47.96,51.9,392.23,3239,2.49,0
2026-06-03 03:00:00,notification,58.45,59.61,318.02,4269,2.31,0
2026-06-03 03:00:00,payment,46.11,50.47,222.15,2839,0.74,0
2026-06-03 03:00:00,order,63.64,59.57,346.81,3395,2.29,1
2026-06-03 03:03:00,notification,39.84,68.19,335.39,4226,3.61,1
2026-06-03 03:03:00,payment,53.22,52.24,153.08,3552,0.0,0
2026-06-03 03:03:00,order,50.53,59.21,284.95,3657,2.06,0
2026-06-03 03:06:00,notification,42.07,44.55,204.86,3343,1.99,0
2026-06-03 03:06:00,payment,50.07,58.64,219.93,3797,1.9,0
2026-06-03 03:06:00,order,53.48,55.29,288.71,3544,2.79,0
2026-06-03 03:09:00,notification,43.92,35.72,289.39,2694,0.11,0
2026-06-03 03:09:00,order,47.03,51.58,216.46,2584,3.87,0
2026-06-03 03:09:00,payment,52.63,54.32,213.83,4105,3.14,0
2026-06-03 03:12:00,order,53.6,66.54,291.68,4233,4.19,0
2026-06-03 03:12:00,notification,40.74,45.96,215.17,1619,0.29,0
2026-06-03 03:12:00,payment,57.08,50.9,395.29,3759,0.25,0
2026-06-03 03:15:00,order,59.25,67.25,388.93,3966,4.14,0
2026-06-03 03:15:00,notification,43.49,47.03,167.23,2751,2.42,0
2026-06-03 03:15:00,payment,46.06,49.48,158.09,3000,0.38,0
2026-06-03 03:18:00,order,55.78,49.85,372.12,3564,4.73,1
2026-06-03 03:18:00,notification,36.54,44.09,130.26,3174,0.1,0
2026-06-03 03:18:00,payment,42.06,40.47,135.58,2709,0.46,0
2026-06-03 03:21:00,order,53.02,62.14,428.78,3473,1.91,0
2026-06-03 03:21:00,notification,35.54,39.51,153.13,1682,2.63,0
2026-06-03 03:21:00,payment,43.31,33.0,170.61,1775,1.28,0
2026-06-03 03:24:00,notification,38.51,48.17,112.74,2113,0.0,0
2026-06-03 03:24:00,payment,45.2,50.03,272.18,2409,1.28,0
2026-06-03 03:24:00,order,55.35,68.45,493.87,4917,4.96,0
2026-06-03 03:27:00,payment,43.83,45.0,177.04,2692,0.21,0
2026-06-03 03:27:00,order,50.93,61.25,407.9,4578,4.35,0
2026-06-03 03:27:00,notification,37.16,42.52,131.23,3092,0.54,0
2026-06-03 03:30:00,payment,34.95,48.73,229.48,3006,1.86,0
2026-06-03 03:30:00,order,53.42,53.79,239.74,3388,4.8,0
2026-06-03 03:30:00,notification,24.49,46.6,104.45,2265,0.0,0
2026-06-03 03:33:00,payment,42.18,57.2,363.95,3671,0.87,1
2026-06-03 03:33:00,order,53.74,56.4,417.93,3387,1.92,0
2026-06-03 03:33:00,notification,48.75,43.54,169.98,2652,0.0,0
2026-06-03 03:36:00,order,61.44,62.79,211.99,3943,1.48,0
2026-06-03 03:36:00,notification,47.75,42.06,245.14,2438,0.24,0
2026-06-03 03:36:00,payment,46.05,60.42,347.1,2901,1.82,0
2026-06-03 03:39:00,notification,41.56,45.16,136.57,2467,1.68,0
2026-06-03 03:39:00,payment,50.96,54.91,296.46,3257,0.55,0
2026-06-03 03:39:00,order,54.48,58.02,354.94,4357,1.45,0
2026-06-03 03:42:00,notification,36.6,46.73,92.88,2601,0.2,0
2026-06-03 03:42:00,payment,47.51,63.03,258.44,4274,2.14,0
2026-06-03 03:42:00,order,44.16,56.61,357.25,4471,3.01,0
2026-06-03 03:45:00,notification,40.72,54.59,74.49,2607,1.59,0
2026-06-03 03:45:00,payment,52.99,54.66,296.6,3716,1.09,0
2026-06-03 03:45:00,order,39.18,63.83,272.72,2755,2.33,0
2026-06-03 03:48:00,notification,27.02,46.85,331.42,1912,0.0,0
2026-06-03 03:48:00,payment,54.19,53.77,189.67,3579,2.9,0
2026-06-03 03:48:00,order,39.87,43.8,261.51,3440,2.12,0
2026-06-03 03:51:00,payment,56.19,55.73,279.53,3778,2.56,0
2026-06-03 03:51:00,order,36.67,49.15,285.55,2992,0.0,0
2026-06-03 03:51:00,notification,26.17,44.55,91.08,3139,2.28,0
2026-06-03 03:54:00,order,42.81,52.58,266.18,2480,3.71,0
2026-06-03 03:54:00,notification,51.7,45.17,269.74,2363,0.0,0
2026-06-03 03:54:00,payment,54.5,46.65,372.99,3290,1.98,0
2026-06-03 03:57:00,order,38.23,49.29,228.35,2745,1.98,0
2026-06-03 03:57:00,notification,30.65,42.49,149.72,2046,2.66,0
2026-06-03 03:57:00,payment,43.14,59.62,401.77,2960,4.79,0
2026-06-03 04:00:00,order,39.51,38.96,122.64,2497,1.99,0
2026-06-03 04:00:00,notification,36.96,44.67,113.8,2241,1.03,0
2026-06-03 04:00:00,payment,53.71,43.85,377.22,4001,3.44,0
2026-06-03 04:03:00,order,43.73,56.7,239.23,3449,2.4,0
2026-06-03 04:03:00,payment,44.17,50.6,180.56,2515,1.91,0
2026-06-03 04:03:00,notification,40.6,44.08,177.06,2182,0.0,0
2026-06-03 04:06:00,payment,40.4,55.74,268.46,3631,2.17,1
2026-06-03 04:06:00,order,48.15,49.31,227.24,2889,1.5,0
2026-06-03 04:06:00,notification,43.57,48.86,240.46,2713,0.26,0
2026-06-03 04:09:00,payment,49.96,52.86,327.43,3911,1.77,1
2026-06-03 04:09:00,order,45.12,48.46,211.82,3716,2.71,0
2026-06-03 04:09:00,notification,41.87,40.83,194.12,2727,1.8,0
2026-06-03 04:12:00,payment,59.28,54.26,350.89,3695,3.03,0
2026-06-03 04:12:00,order,43.52,52.69,272.01,3806,2.67,0
2026-06-03 04:12:00,notification,35.34,36.2,122.58,2784,0.0,0
2026-06-03 04:15:00,payment,51.56,63.57,238.52,4470,2.92,0
2026-06-03 04:15:00,order,56.66,53.7,206.16,4071,2.75,0
2026-06-03 04:15:00,notification,38.33,42.25,79.37,2029,1.31,0
2026-06-03 04:18:00,order,56.19,57.97,470.36,3873,4.29,0
2026-06-03 04:18:00,notification,44.56,40.67,122.83,1855,0.0,0
2026-06-03 04:18:00,payment,58.51,57.86,258.13,4073,0.0,0
2026-06-03 04:21:00,notification,45.99,50.2,235.43,2080,0.07,0
2026-06-03 04:21:00,payment,46.28,47.9,360.33,3628,0.25,0
2026-06-03 04:21:00,order,51.34,64.1,442.9,4385,3.8,0
2026-06-03 04:24:00,notification,48.21,47.53,145.44,3242,0.64,0
2026-06-03 04:24:00,payment,61.71,50.52,307.03,3039,1.59,0
2026-06-03 04:24:00,order,44.66,61.21,404.74,3314,1.17,0
2026-06-03 04:27:00,notification,35.62,55.69,260.7,3706,0.32,0
2026-06-03 04:27:00,payment,45.74,44.49,259.33,3925,0.48,0
2026-06-03 04:27:00,order,39.16,52.36,346.94,3781,2.17,0
2026-06-03 04:30:00,notification,49.1,48.72,281.58,1930,2.11,0
2026-06-03 04:30:00,order,37.14,49.33,302.46,3245,4.04,0
2026-06-03 04:30:00,payment,46.45,55.79,210.41,3581,2.13,0
2026-06-03 04:33:00,order,53.73,52.58,337.65,3399,1.62,0
2026-06-03 04:33:00,notification,49.34,65.13,381.36,3744,2.69,0
2026-06-03 04:33:00,payment,35.67,48.51,128.89,2637,1.81,0
2026-06-03 04:36:00,order,52.41,48.18,287.78,3368,2.27,0
2026-06-03 04:36:00,notification,41.79,50.29,193.65,2971,0.97,0
2026-06-03 04:36:00,payment,50.21,40.09,156.22,3048,1.47,0
2026-06-03 04:39:00,order,40.55,50.21,315.47,2393,2.7,0
2026-06-03 04:39:00,notification,56.99,53.88,387.87,3708,0.99,0
2026-06-03 04:39:00,payment,41.52,51.26,143.39,3525,2.44,0
2026-06-03 04:42:00,order,54.43,47.46,239.54,3800,4.6,0
2026-06-03 04:42:00,notification,35.12,46.98,262.91,3845,0.0,0
2026-06-03 04:42:00,payment,47.58,58.82,368.21,3648,2.43,0
2026-06-03 04:45:00,notification,45.94,49.94,198.74,2630,1.2,0
2026-06-03 04:45:00,payment,55.11,58.02,312.76,3509,2.23,0
2026-06-03 04:45:00,order,52.86,65.31,318.77,3673,2.32,0
2026-06-03 04:48:00,payment,58.36,56.21,304.83,4009,1.92,0
2026-06-03 04:48:00,order,50.01,55.0,296.67,4078,1.08,0
2026-06-03 04:48:00,notification,58.06,58.28,362.91,3603,3.48,1
2026-06-03 04:51:00,payment,58.17,54.69,370.95,3439,3.46,0
2026-06-03 04:51:00,order,54.48,52.11,443.71,4104,3.46,1
2026-06-03 04:51:00,notification,52.45,56.65,321.45,4306,2.22,0
2026-06-03 04:54:00,payment,49.87,67.05,463.51,3842,3.36,0
2026-06-03 04:54:00,order,50.41,56.12,239.75,3049,1.17,0
2026-06-03 04:54:00,notification,35.43,56.64,192.01,3844,2.45,0
2026-06-03 04:57:00,payment,51.55,56.99,489.11,3520,1.79,0
2026-06-03 04:57:00,order,46.57,45.54,338.26,3154,2.31,0
2026-06-03 04:57:00,notification,54.32,56.79,251.73,3205,2.58,1
2026-06-03 05:00:00,payment,52.21,61.15,432.27,4354,3.21,0
2026-06-03 05:00:00,notification,43.89,69.14,410.67,4542,2.27,0
2026-06-03 05:00:00,order,43.44,47.49,167.43,2558,2.56,1
2026-06-03 05:03:00,notification,48.28,63.59,465.8,4507,6.7,1
2026-06-03 05:03:00,payment,56.32,54.06,356.41,3542,3.13,0
2026-06-03 05:03:00,order,46.3,54.91,287.67,3891,1.62,0
2026-06-03 05:06:00,notification,58.28,57.66,327.4,4391,4.39,0
2026-06-03 05:06:00,payment,64.34,63.08,483.3,4387,4.37,0
2026-06-03 05:06:00,order,38.27,54.3,287.25,3636,2.05,0
2026-06-03 05:09:00,notification,48.59,57.02,371.9,4621,3.35,1
2026-06-03 05:09:00,payment,55.16,50.6,475.09,3492,3.87,0
2026-06-03 05:09:00,order,42.44,58.3,225.45,3514,3.23,0
2026-06-03 05:12:00,notification,52.38,55.18,471.16,4102,1.55,0
2026-06-03 05:12:00,payment,67.18,57.59,325.75,3851,3.26,1
2026-06-03 05:12:00,order,57.38,38.84,235.93,3252,3.44,0
2026-06-03 05:15:00,payment,58.14,51.67,478.91,3554,4.36,0
2026-06-03 05:15:00,order,36.91,52.6,237.73,2468,1.44,0
2026-06-03 05:15:00,notification,54.21,61.83,608.23,5148,4.25,1
2026-06-03 05:18:00,order,36.08,50.28,265.48,3940,2.44,0
2026-06-03 05:18:00,notification,59.07,63.77,451.17,4616,7.36,1
2026-06-03 05:18:00,payment,50.69,54.14,343.79,3840,3.91,1
2026-06-03 05:21:00,order,47.53,42.86,152.66,3683,0.07,0
2026-06-03 05:21:00,notification,63.79,66.8,375.61,4792,4.94,1
2026-06-03 05:21:00,payment,53.9,60.73,283.66,3686,1.71,0
2026-06-03 05:24:00,order,45.82,41.97,295.06,3649,1.89,0
2026-06-03 05:24:00,notification,45.9,61.76,379.79,4012,3.39,1
2026-06-03 05:24:00,payment,60.45,52.5,318.16,3899,1.48,0
2026-06-03 05:27:00,notification,54.97,56.92,473.04,4287,3.02,1
2026-06-03 05:27:00,payment,65.88,62.27,433.37,3441,2.96,0
2026-06-03 05:27:00,order,47.07,48.58,253.41,3151,1.42,0
2026-06-03 05:30:00,payment,60.2,65.58,330.11,3995,1.76,0
2026-06-03 05:30:00,order,44.29,59.3,274.49,3373,1.98,0
2026-06-03 05:30:00,notification,40.77,50.31,183.1,4018,4.65,0
2026-06-03 05:33:00,payment,52.25,57.02,359.29,3656,3.53,1
2026-06-03 05:33:00,order,51.38,56.77,330.74,3718,3.71,0
2026-06-03 05:33:00,notification,60.59,49.75,264.31,3894,2.83,0
2026-06-03 05:36:00,payment,47.58,59.41,346.58,3824,3.99,0
2026-06-03 05:36:00,order,53.98,59.16,340.93,3209,0.47,1
2026-06-03 05:36:00,notification,41.52,53.96,338.89,3368,1.66,0
2026-06-03 05:39:00,payment,51.93,56.75,320.89,3459,4.19,0
2026-06-03 05:39:00,order,44.17,52.53,150.48,4218,3.67,1
2026-06-03 05:39:00,notification,52.88,57.76,338.0,3301,0.65,0
2026-06-03 05:42:00,order,48.12,51.12,234.63,3618,1.98,0
2026-06-03 05:42:00,notification,50.71,59.22,307.14,3587,2.28,0
2026-06-03 05:42:00,payment,54.64,51.39,267.9,3116,0.48,0
2026-06-03 05:45:00,notification,48.47,58.12,348.97,2899,2.97,0
2026-06-03 05:45:00,payment,45.69,53.28,204.1,2687,2.5,0
2026-06-03 05:45:00,order,52.79,44.17,167.12,4422,2.0,0
2026-06-03 05:48:00,notification,41.99,45.78,232.16,2984,2.32,0
2026-06-03 05:48:00,payment,47.5,60.16,289.35,3858,1.92,0
2026-06-03 05:48:00,order,41.5,43.23,414.2,3266,0.8,0
2026-06-03 05:51:00,notification,39.13,49.66,255.67,2816,0.98,0
2026-06-03 05:51:00,payment,49.38,51.41,381.8,3117,0.0,0
2026-06-03 05:51:00,order,53.75,50.16,255.59,2193,2.14,0
2026-06-03 05:54:00,notification,60.87,61.36,420.11,3980,3.18,0
2026-06-03 05:54:00,payment,54.65,56.18,535.8,4283,4.09,0
2026-06-03 05:54:00,order,51.24,43.89,302.78,3172,4.38,1
2026-06-03 05:57:00,notification,43.97,60.28,443.6,4130,3.34,0
2026-06-03 05:57:00,order,37.6,46.91,214.25,3046,0.0,0
2026-06-03 05:57:00,payment,53.24,53.86,446.75,4227,3.28,1
2026-06-03 06:00:00,order,56.8,53.26,265.16,3501,0.0,0
2026-06-03 06:00:00,notification,47.45,53.78,165.7,3910,4.08,0
2026-06-03 06:00:00,payment,58.25,66.65,552.35,4431,6.19,1
2026-06-03 06:03:00,order,40.56,59.8,360.37,4196,2.12,0
2026-06-03 06:03:00,notification,44.11,60.16,222.43,2642,1.56,0
2026-06-03 06:03:00,payment,67.42,67.05,540.14,4190,3.59,1
2026-06-03 06:06:00,order,46.51,55.97,378.49,3582,3.34,1
2026-06-03 06:06:00,notification,54.95,60.31,299.69,3729,4.7,0
2026-06-03 06:06:00,payment,54.37,57.62,617.81,3632,4.93,0
2026-06-03 06:09:00,order,57.54,51.49,505.08,3768,4.74,0
2026-06-03 06:09:00,notification,65.73,60.52,342.41,4959,3.83,1
2026-06-03 06:09:00,payment,56.56,49.99,540.45,4126,4.25,1
2026-06-03 06:12:00,notification,48.28,59.12,385.67,3762,2.6,0
2026-06-03 06:12:00,payment,50.48,56.81,448.59,3957,2.48,0
2026-06-03 06:12:00,order,60.17,49.6,364.8,3894,4.28,0
2026-06-03 06:15:00,payment,59.62,62.63,391.24,4975,3.46,0
2026-06-03 06:15:00,order,55.92,60.49,432.97,5166,2.16,0
2026-06-03 06:15:00,notification,49.98,46.13,318.38,3826,1.35,0
2026-06-03 06:18:00,payment,61.89,58.18,394.21,5034,5.52,0
2026-06-03 06:18:00,order,56.25,60.72,592.58,4626,6.3,0
2026-06-03 06:18:00,notification,56.97,51.16,271.99,4271,0.24,0
2026-06-03 06:21:00,payment,59.5,56.08,311.03,3684,2.54,0
2026-06-03 06:21:00,order,53.54,60.28,480.79,4383,3.85,0
2026-06-03 06:21:00,notification,59.29,56.01,394.79,3273,1.84,0
2026-06-03 06:24:00,payment,47.27,49.42,297.91,2743,3.12,0
2026-06-03 06:24:00,notification,51.31,65.36,372.04,4119,5.07,1
2026-06-03 06:24:00,order,55.13,60.62,520.1,5266,5.78,1
2026-06-03 06:27:00,notification,48.77,61.57,400.73,4056,2.1,0
2026-06-03 06:27:00,payment,52.07,59.29,268.39,3877,3.54,0
2026-06-03 06:27:00,order,65.64,63.99,497.49,5136,4.89,0
2026-06-03 06:30:00,notification,54.66,49.3,346.08,3271,0.19,0
2026-06-03 06:30:00,payment,47.49,55.76,378.23,3167,1.94,0
2026-06-03 06:30:00,order,58.0,70.22,516.07,3952,3.85,0
2026-06-03 06:33:00,notification,32.44,54.76,216.8,2446,0.56,0
2026-06-03 06:33:00,payment,50.59,56.14,206.29,3233,0.74,0
2026-06-03 06:33:00,order,60.23,72.62,697.97,5060,6.5,1
2026-06-03 06:36:00,notification,53.3,49.08,328.36,4001,2.36,0
2026-06-03 06:36:00,payment,50.05,54.63,204.49,3282,1.04,0
2026-06-03 06:36:00,order,58.1,71.59,672.38,5296,8.78,1
2026-06-03 06:39:00,payment,51.22,58.74,343.91,3623,4.74,0
2026-06-03 06:39:00,order,60.34,62.67,617.31,4530,7.41,1
2026-06-03 06:39:00,notification,46.79,43.63,228.48,3192,2.7,0
2026-06-03 06:42:00,order,60.8,62.37,604.34,4780,6.09,0
2026-06-03 06:42:00,notification,48.41,62.93,163.58,2557,2.7,0
2026-06-03 06:42:00,payment,52.41,59.01,315.49,3759,3.34,0
2026-06-03 06:45:00,order,54.78,68.98,556.78,3886,5.35,0
2026-06-03 06:45:00,notification,46.58,41.03,335.25,2750,1.6,0
2026-06-03 06:45:00,payment,52.74,50.77,260.56,3208,0.73,0
2026-06-03 06:48:00,order,48.14,69.18,538.94,4788,4.94,1
2026-06-03 06:48:00,notification,41.48,37.03,244.69,3038,1.1,0
2026-06-03 06:48:00,payment,51.86,60.32,370.14,3840,4.67,0
2026-06-03 06:51:00,order,70.68,61.54,691.95,5327,9.08,1
2026-06-03 06:51:00,notification,50.51,55.47,387.02,2954,2.39,0
2026-06-03 06:51:00,payment,56.16,65.79,454.57,4958,2.64,0
2026-06-03 06:54:00,order,59.07,75.78,658.5,5071,10.47,1
2026-06-03 06:54:00,payment,68.45,68.1,515.53,4601,3.98,1
2026-06-03 06:54:00,notification,47.38,53.39,392.49,3197,1.29,0
2026-06-03 06:57:00,payment,76.24,65.9,523.15,4854,5.64,1
2026-06-03 06:57:00,order,55.55,62.83,609.9,4450,7.27,0
2026-06-03 06:57:00,notification,60.14,60.57,325.93,3886,3.93,0
2026-06-03 07:00:00,payment,54.96,60.87,588.61,4150,9.33,1
2026-06-03 07:00:00,order,67.63,65.67,591.68,5172,6.2,0
2026-06-03 07:00:00,notification,48.59,67.36,438.22,4604,2.3,0
2026-06-03 07:03:00,payment,56.24,63.01,667.2,5596,7.89,1
2026-06-03 07:03:00,order,63.23,76.27,536.2,4379,4.07,1
2026-06-03 07:03:00,notification,43.45,60.0,283.35,3884,2.47,0
2026-06-03 07:06:00,payment,58.11,64.93,729.74,4948,6.35,1
2026-06-03 07:06:00,order,60.51,51.12,439.08,4638,5.48,0
2026-06-03 07:06:00,notification,49.04,56.77,287.8,3647,2.79,0
2026-06-03 07:09:00,order,59.25,63.17,469.93,4349,3.95,1
2026-06-03 07:09:00,notification,46.36,48.3,202.69,4048,1.67,0
2026-06-03 07:09:00,payment,63.25,68.07,757.67,5673,6.97,1
2026-06-03 07:12:00,notification,59.63,53.36,405.85,4477,2.84,0
2026-06-03 07:12:00,payment,69.07,66.36,673.26,5267,7.97,0
2026-06-03 07:12:00,order,57.2,53.25,268.78,4243,1.14,0
2026-06-03 07:15:00,notification,55.9,63.4,492.21,4003,5.09,0
2026-06-03 07:15:00,payment,62.91,57.69,558.04,4514,7.04,0
2026-06-03 07:15:00,order,58.91,60.68,374.21,4353,5.04,0
2026-06-03 07:18:00,notification,57.01,59.16,449.62,4081,3.68,0
2026-06-03 07:18:00,payment,61.41,58.52,560.22,4177,5.38,0
2026-06-03 07:18:00,order,50.5,54.46,241.94,4051,3.5,0
2026-06-03 07:21:00,payment,59.09,49.89,488.41,5237,4.02,1
2026-06-03 07:21:00,order,42.0,41.63,268.18,3221,4.14,1
2026-06-03 07:21:00,notification,47.51,63.42,386.73,3985,5.92,1
2026-06-03 07:24:00,order,41.53,50.96,284.04,4167,3.63,0
2026-06-03 07:24:00,notification,56.51,61.03,493.09,4410,2.55,1
2026-06-03 07:24:00,payment,49.44,42.83,431.11,4439,2.66,0
2026-06-03 07:27:00,order,49.2,57.15,369.14,3652,1.26,0
2026-06-03 07:27:00,notification,44.11,55.21,306.6,4399,4.43,0
2026-06-03 07:27:00,payment,55.63,60.73,567.15,4840,5.43,0
2026-06-03 07:30:00,order,43.94,62.59,309.48,3462,3.14,0
2026-06-03 07:30:00,notification,49.84,61.81,317.46,3401,3.47,1
2026-06-03 07:30:00,payment,58.77,74.51,418.85,5415,6.41,1
2026-06-03 07:33:00,order,49.95,61.42,479.85,4177,2.88,0
2026-06-03 07:33:00,notification,41.66,51.76,241.31,3392,2.73,0
2026-06-03 07:33:00,payment,52.61,74.62,604.72,5124,3.96,0
2026-06-03 07:36:00,notification,52.63,48.17,282.48,3627,3.86,0
2026-06-03 07:36:00,payment,53.33,59.21,589.41,5380,5.17,0
2026-06-03 07:36:00,order,54.81,67.59,439.6,4328,5.75,0
2026-06-03 07:39:00,payment,49.76,61.62,471.45,4237,2.99,0
2026-06-03 07:39:00,order,66.05,59.4,510.38,4905,4.9,0
2026-06-03 07:39:00,notification,49.26,61.52,374.58,4309,2.75,0
2026-06-03 07:42:00,payment,60.22,52.83,396.8,4632,4.39,0
2026-06-03 07:42:00,order,47.55,58.11,474.21,3690,3.7,0
2026-06-03 07:42:00,notification,59.7,57.79,404.61,4396,3.64,0
2026-06-03 07:45:00,payment,57.3,53.75,379.5,4105,2.77,0
2026-06-03 07:45:00,order,57.68,63.45,539.43,5491,2.31,1
2026-06-03 07:45:00,notification,49.06,58.56,406.64,3851,4.1,1
2026-06-03 07:48:00,payment,59.61,54.42,508.58,4169,2.71,0
2026-06-03 07:48:00,notification,53.89,57.86,345.92,4459,4.66,0
2026-06-03 07:48:00,order,46.25,56.69,483.64,4320,5.1,0
2026-06-03 07:51:00,notification,57.3,58.08,473.51,4318,5.67,0
2026-06-03 07:51:00,payment,47.76,61.71,484.58,4717,6.5,1
2026-06-03 07:51:00,order,51.33,64.95,372.06,4227,3.53,0
2026-06-03 07:54:00,notification,52.4,71.27,385.63,4199,3.55,0
2026-06-03 07:54:00,payment,48.47,60.71,388.89,4017,4.51,0
2026-06-03 07:54:00,order,58.4,50.75,496.97,4212,3.15,0
2026-06-03 07:57:00,notification,66.97,57.8,621.51,4345,5.26,1
2026-06-03 07:57:00,payment,62.0,63.43,561.68,4726,4.84,1
2026-06-03 07:57:00,order,51.58,65.35,426.08,3836,5.08,0
2026-06-03 08:00:00,notification,55.83,62.53,425.39,3587,3.12,0
2026-06-03 08:00:00,payment,38.44,63.02,468.66,4156,4.58,0
2026-06-03 08:00:00,order,55.15,67.12,467.8,4505,3.46,0
2026-06-03 08:03:00,payment,63.74,59.11,463.91,3624,5.59,0
2026-06-03 08:03:00,order,59.17,64.26,486.23,4887,3.18,1
2026-06-03 08:03:00,notification,51.86,63.34,540.24,4490,5.17,1
2026-06-03 08:06:00,order,62.87,67.28,616.86,4545,5.34,1
2026-06-03 08:06:00,notification,63.43,68.79,575.17,4523,5.31,1
2026-06-03 08:06:00,payment,45.41,60.93,414.8,4231,3.91,0
2026-06-03 08:09:00,order,59.69,63.12,579.81,5337,5.48,0
2026-06-03 08:09:00,notification,71.48,62.76,600.32,4816,3.66,1
2026-06-03 08:09:00,payment,59.42,53.61,417.65,4062,3.38,0
2026-06-03 08:12:00,order,65.48,57.92,550.68,4900,4.78,1
2026-06-03 08:12:00,notification,53.28,67.88,593.61,4260,4.55,1
2026-06-03 08:12:00,payment,48.7,52.08,490.19,4506,3.3,0
2026-06-03 08:15:00,notification,54.78,58.18,429.14,4318,4.14,0
2026-06-03 08:15:00,payment,60.2,51.2,317.63,4265,5.04,1
2026-06-03 08:15:00,order,54.72,63.4,362.21,4235,3.68,0
2026-06-03 08:18:00,payment,72.85,61.67,313.95,4697,3.58,1
2026-06-03 08:18:00,order,57.67,55.8,482.12,4743,2.33,0
2026-06-03 08:18:00,notification,53.95,55.29,521.4,4132,4.38,0
2026-06-03 08:21:00,payment,45.02,61.02,488.7,4871,4.76,1
2026-06-03 08:21:00,order,48.58,56.65,318.7,3675,0.77,0
2026-06-03 08:21:00,notification,58.93,58.66,389.94,4389,3.53,1
2026-06-03 08:24:00,payment,62.29,52.9,511.17,4383,5.41,0
2026-06-03 08:24:00,order,52.55,55.29,278.91,4289,2.53,0
2026-06-03 08:24:00,notification,60.36,62.15,397.57,4662,3.02,1
2026-06-03 08:27:00,payment,46.45,61.25,462.83,4493,6.89,0
2026-06-03 08:27:00,order,64.64,57.14,342.64,4520,4.69,0
2026-06-03 08:27:00,notification,58.01,67.07,587.48,5055,5.89,0
2026-06-03 08:30:00,order,51.41,59.4,392.73,4224,4.7,0
2026-06-03 08:30:00,notification,54.85,55.21,604.7,4571,2.2,0
2026-06-03 08:30:00,payment,54.37,50.67,409.15,3786,3.3,0
2026-06-03 08:33:00,notification,50.87,63.17,355.11,3631,1.81,0
2026-06-03 08:33:00,payment,49.04,63.93,406.17,3956,2.54,0
2026-06-03 08:33:00,order,53.02,61.2,376.26,3741,3.56,0
2026-06-03 08:36:00,notification,61.53,67.69,480.3,5075,4.76,0
2026-06-03 08:36:00,payment,51.43,53.04,364.53,3824,5.28,1
2026-06-03 08:36:00,order,53.16,59.75,366.35,4305,5.95,1
2026-06-03 08:39:00,notification,53.72,65.88,560.36,4712,4.49,1
2026-06-03 08:39:00,payment,44.41,58.69,366.84,3466,4.37,0
2026-06-03 08:39:00,order,52.78,58.33,421.49,4812,3.75,0
2026-06-03 08:42:00,notification,48.65,60.98,519.42,4801,4.24,0
2026-06-03 08:42:00,payment,59.3,64.74,446.41,4231,5.35,0
2026-06-03 08:42:00,order,53.88,66.33,559.62,4376,5.91,0
2026-06-03 08:45:00,notification,56.28,59.47,453.52,4894,3.74,0
2026-06-03 08:45:00,order,58.74,64.24,507.14,4857,4.58,0
2026-06-03 08:45:00,payment,45.95,54.54,431.24,4415,3.33,0
2026-06-03 08:48:00,order,55.44,66.19,516.41,5037,4.71,1
2026-06-03 08:48:00,notification,50.24,60.75,349.68,3985,4.67,0
2026-06-03 08:48:00,payment,65.91,62.93,443.79,4239,4.33,1
2026-06-03 08:51:00,order,54.12,65.58,527.73,4612,6.06,1
2026-06-03 08:51:00,notification,51.59,59.87,431.79,4036,3.42,0
2026-06-03 08:51:00,payment,56.08,65.38,461.65,4777,2.87,1
2026-06-03 08:54:00,order,42.25,65.64,623.84,4612,6.49,0
2026-06-03 08:54:00,notification,57.16,51.36,408.13,4979,2.03,1
2026-06-03 08:54:00,payment,50.14,63.21,442.77,4021,6.24,1
2026-06-03 08:57:00,order,65.93,60.12,539.5,5190,5.54,0
2026-06-03 08:57:00,notification,54.7,63.48,454.83,3647,4.16,0
2026-06-03 08:57:00,payment,67.84,64.19,507.55,5063,5.08,1
2026-06-03 09:00:00,notification,56.53,58.74,543.15,4400,3.85,0
2026-06-03 09:00:00,payment,57.87,55.74,530.67,4833,2.83,0
2026-06-03 09:00:00,order,67.36,58.65,517.66,4728,2.96,0
2026-06-03 09:03:00,payment,74.21,68.96,550.37,5757,7.96,1
2026-06-03 09:03:00,order,64.38,63.81,646.58,4739,6.95,1
2026-06-03 09:03:00,notification,47.62,56.22,488.4,4596,2.73,0
2026-06-03 09:06:00,payment,63.43,58.11,468.2,3940,3.93,1
2026-06-03 09:06:00,order,54.55,66.08,558.52,4468,6.29,0
2026-06-03 09:06:00,notification,52.79,65.19,321.34,4215,3.89,1
2026-06-03 09:09:00,payment,46.49,58.21,307.48,4321,2.83,0
2026-06-03 09:09:00,order,50.92,65.22,508.08,5005,4.58,0
2026-06-03 09:09:00,notification,44.41,59.76,531.47,3945,5.62,1
2026-06-03 09:12:00,order,55.1,68.36,740.3,5263,7.87,1
2026-06-03 09:12:00,notification,49.6,58.21,453.61,4519,1.12,0
2026-06-03 09:12:00,payment,50.48,60.82,290.18,4211,1.21,0
2026-06-03 09:15:00,notification,52.28,59.6,462.43,5055,2.55,0
2026-06-03 09:15:00,payment,52.93,60.6,341.18,3895,3.9,0
2026-06-03 09:15:00,order,71.17,71.81,734.3,5988,9.66,1
2026-06-03 09:18:00,notification,57.12,60.2,480.76,4564,3.41,0
2026-06-03 09:18:00,payment,64.18,61.38,371.91,4120,4.64,1
2026-06-03 09:18:00,order,74.05,63.78,724.34,5133,7.09,0
2026-06-03 09:21:00,notification,56.99,60.91,516.29,3817,6.37,1
2026-06-03 09:21:00,payment,59.49,64.41,518.5,4036,4.5,1
2026-06-03 09:21:00,order,63.83,63.92,543.64,5233,5.67,1
2026-06-03 09:24:00,notification,49.42,64.45,367.69,3881,1.55,1
2026-06-03 09:24:00,payment,57.28,64.09,456.76,3862,3.87,1
2026-06-03 09:24:00,order,62.15,64.66,594.16,4292,4.25,0
2026-06-03 09:27:00,payment,58.15,70.77,592.87,4436,8.48,1
2026-06-03 09:27:00,order,61.87,59.0,665.28,5417,2.62,0
2026-06-03 09:27:00,notification,47.39,49.36,436.89,4356,4.93,0
2026-06-03 09:30:00,order,57.91,66.7,620.17,5227,6.83,1
2026-06-03 09:30:00,notification,40.46,68.66,345.46,3402,3.88,1
2026-06-03 09:30:00,payment,61.74,65.41,590.26,4525,4.81,0
2026-06-03 09:33:00,order,69.18,66.74,693.4,4745,7.75,1
2026-06-03 09:33:00,notification,58.99,67.88,452.92,4449,4.21,0
2026-06-03 09:33:00,payment,69.98,66.49,595.67,5678,5.43,1
2026-06-03 09:36:00,order,63.84,61.72,555.8,4983,5.64,0
2026-06-03 09:36:00,notification,44.91,53.59,355.94,3954,1.57,1
2026-06-03 09:36:00,payment,64.31,72.14,794.47,4669,7.95,1
2026-06-03 09:39:00,order,52.89,66.25,542.06,5175,5.74,0
2026-06-03 09:39:00,notification,43.8,52.57,327.68,2853,1.91,0
2026-06-03 09:39:00,payment,61.96,65.06,585.88,5333,5.9,0
2026-06-03 09:42:00,order,62.57,63.06,576.05,4428,6.05,1
2026-06-03 09:42:00,payment,58.83,59.04,698.75,5220,5.01,0
2026-06-03 09:42:00,notification,45.17,54.69,431.64,3753,3.1,1
2026-06-03 09:45:00,payment,60.38,69.45,763.95,5349,8.23,1
2026-06-03 09:45:00,order,57.62,56.59,446.46,4322,4.94,1
2026-06-03 09:45:00,notification,53.93,59.7,370.79,3821,2.87,0
2026-06-03 09:48:00,payment,55.05,65.75,703.53,5358,7.51,0
2026-06-03 09:48:00,order,62.24,69.65,656.51,4336,5.03,1
2026-06-03 09:48:00,notification,53.56,57.63,388.81,3675,6.48,1
2026-06-03 09:51:00,payment,58.49,60.34,624.02,5508,7.18,1
2026-06-03 09:51:00,order,67.67,65.82,588.34,5822,7.67,1
2026-06-03 09:51:00,notification,50.2,61.13,317.12,3701,6.05,1
2026-06-03 09:54:00,payment,75.42,71.79,833.55,5322,8.18,1
2026-06-03 09:54:00,order,68.25,62.18,676.45,4762,9.38,1
2026-06-03 09:54:00,notification,60.08,67.23,460.4,4366,5.87,1
2026-06-03 09:57:00,order,70.47,71.9,610.01,5341,7.87,1
2026-06-03 09:57:00,notification,50.72,53.19,658.06,4424,5.9,0
2026-06-03 09:57:00,payment,57.93,70.3,520.19,4753,4.44,1
2026-06-03 10:00:00,notification,59.78,63.4,591.2,4957,6.5,1
2026-06-03 10:00:00,payment,59.93,52.06,412.38,4227,3.92,1
2026-06-03 10:00:00,order,60.44,62.6,609.62,4713,7.15,1
2026-06-03 10:03:00,notification,44.9,67.49,561.76,5009,7.78,1
2026-06-03 10:03:00,payment,38.5,63.35,379.69,4615,3.51,0
2026-06-03 10:03:00,order,66.33,64.56,612.53,5844,7.52,1
2026-06-03 10:06:00,notification,65.42,65.24,647.03,5391,8.84,1
2026-06-03 10:06:00,payment,56.96,45.7,372.54,4952,4.66,0
2026-06-03 10:06:00,order,57.11,68.75,697.19,5779,7.47,1
2026-06-03 10:09:00,notification,61.16,58.5,594.02,5303,5.84,0
2026-06-03 10:09:00,order,62.02,66.1,606.94,5261,6.38,1
2026-06-03 10:09:00,payment,53.03,56.77,359.64,3683,4.27,0
2026-06-03 10:12:00,order,59.98,61.28,545.84,5297,5.91,1
2026-06-03 10:12:00,notification,61.52,66.52,613.13,5427,7.91,1
2026-06-03 10:12:00,payment,48.25,65.55,423.91,3040,1.95,1
2026-06-03 10:15:00,order,68.67,61.29,595.65,5061,6.17,1
2026-06-03 10:15:00,notification,70.54,63.92,628.38,5404,6.97,1
2026-06-03 10:15:00,payment,51.17,53.81,290.61,3967,3.77,0
2026-06-03 10:18:00,order,56.87,57.35,489.15,4134,5.28,1
2026-06-03 10:18:00,notification,59.84,65.4,648.35,5686,8.31,1
2026-06-03 10:18:00,payment,46.55,55.43,324.84,4107,0.69,0
2026-06-03 10:21:00,order,54.51,55.14,427.16,3714,3.25,0
2026-06-03 10:21:00,notification,60.93,68.19,713.32,5009,7.49,1
2026-06-03 10:21:00,payment,44.95,65.71,415.45,5341,4.42,0
2026-06-03 10:24:00,notification,55.22,58.93,555.28,5687,6.45,0
2026-06-03 10:24:00,payment,68.48,57.75,644.28,5419,5.22,1
2026-06-03 10:24:00,order,67.04,61.93,461.52,4961,5.45,1
2026-06-03 10:27:00,payment,63.13,65.62,537.01,5545,5.09,1
2026-06-03 10:27:00,order,59.56,62.92,675.31,4633,7.33,1
2026-06-03 10:27:00,notification,69.57,70.27,881.17,6603,8.64,1
2026-06-03 10:30:00,payment,58.84,64.78,509.69,5549,8.1,0
2026-06-03 10:30:00,order,60.47,59.74,600.22,6172,7.0,0
2026-06-03 10:30:00,notification,71.71,70.72,1027.41,6614,10.66,1
2026-06-03 10:33:00,payment,52.1,71.38,500.65,5167,3.11,1
2026-06-03 10:33:00,order,50.06,63.52,520.4,4504,6.3,0
2026-06-03 10:33:00,notification,72.81,64.59,702.74,5110,9.42,1
2026-06-03 10:36:00,payment,44.71,52.2,469.84,4463,2.66,0
2026-06-03 10:36:00,order,59.97,61.71,639.8,5349,6.07,0
2026-06-03 10:36:00,notification,67.22,72.67,843.88,6282,7.85,1
2026-06-03 10:39:00,payment,55.84,57.28,453.84,3702,4.51,0
2026-06-03 10:39:00,notification,72.81,66.59,933.53,6287,8.13,1
2026-06-03 10:39:00,order,56.5,66.99,518.42,5548,6.93,0
2026-06-03 10:42:00,notification,70.32,72.7,794.12,5999,9.05,1
2026-06-03 10:42:00,payment,62.72,53.32,426.51,4054,2.95,0
2026-06-03 10:42:00,order,64.68,70.89,813.88,4937,7.43,1
2026-06-03 10:45:00,notification,65.4,70.99,653.53,4827,6.52,1
2026-06-03 10:45:00,payment,55.41,53.76,412.86,4302,4.0,1
2026-06-03 10:45:00,order,69.42,77.31,736.24,5486,8.47,1
2026-06-03 10:48:00,notification,69.25,71.8,880.97,5297,7.03,1
2026-06-03 10:48:00,payment,42.95,62.07,339.22,3824,4.8,1
2026-06-03 10:48:00,order,63.02,75.15,854.86,5742,8.24,1
2026-06-03 10:51:00,notification,70.85,75.79,838.22,6230,6.51,1
2026-06-03 10:51:00,payment,52.28,56.31,400.72,3815,3.8,0
2026-06-03 10:51:00,order,63.69,65.71,759.77,7130,8.59,1
2026-06-03 10:54:00,payment,52.73,55.18,362.29,4685,2.96,1
2026-06-03 10:54:00,order,55.32,57.14,701.77,5239,4.94,0
2026-06-03 10:54:00,notification,65.47,76.8,617.54,4785,6.41,1
2026-06-03 10:57:00,order,57.85,57.02,554.25,4450,5.89,1
2026-06-03 10:57:00,notification,65.62,66.38,712.13,4424,6.17,0
2026-06-03 10:57:00,payment,60.61,57.39,498.36,4012,3.99,0
2026-06-03 11:00:00,order,54.72,61.66,512.45,5045,6.42,0
2026-06-03 11:00:00,notification,72.62,61.43,495.53,4054,6.51,1
2026-06-03 11:00:00,payment,61.23,58.99,573.87,4868,5.42,0
2026-06-03 11:03:00,order,75.42,57.97,535.17,4664,6.36,1
2026-06-03 11:03:00,notification,55.62,71.13,703.58,4275,5.45,0
2026-06-03 11:03:00,payment,37.02,57.19,386.61,4388,4.77,1
2026-06-03 11:06:00,notification,64.99,55.76,604.61,5010,5.4,0
2026-06-03 11:06:00,payment,61.61,56.12,476.54,4285,5.03,0
2026-06-03 11:06:00,order,70.32,61.86,563.52,4922,7.1,1
2026-06-03 11:09:00,payment,50.92,59.97,451.15,4047,5.02,1
2026-06-03 11:09:00,order,71.07,66.56,673.24,4951,8.22,0
2026-06-03 11:09:00,notification,58.27,74.18,495.2,5002,5.65,0
2026-06-03 11:12:00,payment,50.97,61.62,459.85,4072,5.81,0
2026-06-03 11:12:00,order,53.18,61.84,627.13,5117,5.85,1
2026-06-03 11:12:00,notification,52.62,57.09,423.3,4005,2.07,0
2026-06-03 11:15:00,payment,58.87,60.06,533.1,5002,5.44,0
2026-06-03 11:15:00,order,58.54,64.91,507.64,4540,4.22,1
2026-06-03 11:15:00,notification,58.98,60.57,407.63,4151,2.86,0
2026-06-03 11:18:00,payment,59.37,62.0,560.99,4448,3.84,1
2026-06-03 11:18:00,order,56.58,64.02,624.48,4938,8.22,1
2026-06-03 11:18:00,notification,57.23,52.58,563.66,4912,4.48,0
2026-06-03 11:21:00,order,76.77,64.87,714.86,5854,8.73,1
2026-06-03 11:21:00,notification,53.74,68.54,519.83,5424,5.89,0
2026-06-03 11:21:00,payment,47.19,62.53,423.29,4157,5.5,0
2026-06-03 11:24:00,notification,55.82,63.58,610.02,4320,5.83,1
2026-06-03 11:24:00,payment,63.15,60.15,612.64,3941,5.55,1
2026-06-03 11:24:00,order,69.54,76.24,690.08,5414,7.74,1
2026-06-03 11:27:00,notification,62.35,62.26,568.82,4767,5.3,0
2026-06-03 11:27:00,payment,65.77,64.13,567.19,5109,3.46,1
2026-06-03 11:27:00,order,55.91,65.56,621.77,5058,5.69,1
2026-06-03 11:30:00,notification,53.53,59.2,504.42,4662,3.73,1
2026-06-03 11:30:00,payment,61.45,75.63,719.42,4864,4.96,1
2026-06-03 11:30:00,order,67.1,68.54,673.78,4563,7.78,1
2026-06-03 11:33:00,notification,50.77,57.21,435.58,4400,4.26,1
2026-06-03 11:33:00,order,58.07,73.96,742.87,5806,7.81,1
2026-06-03 11:33:00,payment,60.3,79.11,678.18,5115,7.01,1
2026-06-03 11:36:00,order,67.31,75.11,785.44,5494,7.81,1
2026-06-03 11:36:00,notification,57.48,59.57,483.7,4919,5.38,0
2026-06-03 11:36:00,payment,61.97,65.22,784.93,5267,8.33,1
2026-06-03 11:39:00,order,65.95,67.94,621.14,5673,8.63,1
2026-06-03 11:39:00,notification,50.09,54.68,477.96,5270,6.63,1
2026-06-03 11:39:00,payment,72.72,64.83,697.39,5418,9.46,1
2026-06-03 11:42:00,order,68.11,72.18,639.35,4465,5.69,1
2026-06-03 11:42:00,notification,50.55,60.73,507.83,3474,4.86,0
2026-06-03 11:42:00,payment,59.03,65.4,760.41,5867,12.52,1
2026-06-03 11:45:00,order,69.59,64.7,710.3,5312,7.76,1
2026-06-03 11:45:00,notification,71.46,71.63,559.33,4882,5.66,1
2026-06-03 11:45:00,payment,78.87,79.7,1034.94,6020,7.8,1
2026-06-03 11:48:00,notification,57.72,66.67,635.38,4975,6.64,0
2026-06-03 11:48:00,payment,75.31,75.65,1129.05,6087,13.13,1
2026-06-03 11:48:00,order,67.48,75.16,861.27,5677,8.7,1
2026-06-03 11:51:00,payment,70.69,74.57,972.09,5997,10.23,1
2026-06-03 11:51:00,order,63.15,61.48,758.67,5199,7.04,1
2026-06-03 11:51:00,notification,65.44,62.41,657.48,5048,8.18,1
2026-06-03 11:54:00,payment,57.52,80.41,712.15,6063,8.32,1
2026-06-03 11:54:00,order,45.14,66.16,695.26,4943,7.15,1
2026-06-03 11:54:00,notification,61.72,71.13,689.76,5833,6.49,1
2026-06-03 11:57:00,payment,70.21,73.18,943.44,6017,10.71,1
2026-06-03 11:57:00,order,78.11,72.36,751.85,6215,7.68,1
2026-06-03 11:57:00,notification,69.51,55.44,747.39,5318,7.69,1
2026-06-03 12:00:00,order,63.32,71.8,741.8,5291,7.1,0
2026-06-03 12:00:00,notification,63.38,76.57,739.02,5050,5.39,1
2026-06-03 12:00:00,payment,70.98,73.56,717.46,5621,8.51,1
2026-06-03 12:03:00,notification,66.78,62.77,511.69,5345,6.25,1
2026-06-03 12:03:00,payment,55.39,69.33,575.65,5044,6.33,1
2026-06-03 12:03:00,order,67.1,65.12,703.88,5870,10.06,1
2026-06-03 12:06:00,notification,62.65,70.3,655.33,4795,6.62,1
2026-06-03 12:06:00,payment,65.27,62.83,637.82,4697,6.38,1
2026-06-03 12:06:00,order,76.2,57.84,549.47,5511,6.3,0
2026-06-03 12:09:00,notification,57.7,63.99,525.81,4582,7.32,1
2026-06-03 12:09:00,payment,64.22,72.26,677.81,4835,7.53,0
2026-06-03 12:09:00,order,57.36,69.98,632.63,4962,5.48,1
2026-06-03 12:12:00,notification,60.69,68.11,529.29,4642,7.47,1
2026-06-03 12:12:00,payment,59.67,62.59,662.79,4523,7.36,1
2026-06-03 12:12:00,order,62.72,65.0,588.58,5385,7.56,1
2026-06-03 12:15:00,payment,67.11,72.23,658.29,5494,6.46,0
2026-06-03 12:15:00,order,61.81,60.91,447.1,4510,3.94,0
2026-06-03 12:15:00,notification,63.41,78.36,663.8,5850,9.19,1
2026-06-03 12:18:00,order,63.77,69.76,546.37,4762,5.36,0
2026-06-03 12:18:00,notification,61.48,53.25,580.64,4878,5.24,1
2026-06-03 12:18:00,payment,47.4,61.43,630.02,5059,5.06,0
2026-06-03 12:21:00,order,58.87,61.42,568.07,4310,6.94,1
2026-06-03 12:21:00,notification,59.81,68.51,751.59,4682,7.27,1
2026-06-03 12:21:00,payment,61.44,60.92,632.62,4772,8.72,1
2026-06-03 12:24:00,order,62.68,57.56,449.9,4290,3.94,1
2026-06-03 12:24:00,notification,53.53,64.36,581.32,4792,5.13,1
2026-06-03 12:24:00,payment,67.59,56.6,435.15,4696,5.3,1
2026-06-03 12:27:00,order,50.89,49.25,426.1,4125,4.99,0
2026-06-03 12:27:00,notification,47.85,58.85,451.02,3961,5.98,1
2026-06-03 12:27:00,payment,73.47,63.31,788.34,5463,8.23,0
2026-06-03 12:30:00,order,59.8,55.51,492.72,4423,5.35,1
2026-06-03 12:30:00,payment,67.93,66.44,834.54,5116,7.01,1
2026-06-03 12:30:00,notification,53.98,58.03,479.37,4652,4.72,0
2026-06-03 12:33:00,payment,65.97,58.27,769.31,5515,8.77,1
2026-06-03 12:33:00,order,60.08,66.19,455.74,4701,6.67,0
2026-06-03 12:33:00,notification,50.3,69.01,679.56,4320,4.55,1
2026-06-03 12:36:00,payment,62.25,67.81,636.35,5271,8.03,0
2026-06-03 12:36:00,order,55.76,57.09,576.71,4086,5.1,0
2026-06-03 12:36:00,notification,49.88,61.6,529.21,3931,2.73,0
2026-06-03 12:39:00,payment,63.59,65.88,632.97,6394,5.25,0
2026-06-03 12:39:00,order,58.7,64.25,433.41,4237,3.9,0
2026-06-03 12:39:00,notification,59.08,64.3,644.46,5151,7.24,1
2026-06-03 12:42:00,payment,66.75,70.74,630.44,5590,5.93,0
2026-06-03 12:42:00,order,57.26,59.5,529.87,5363,3.93,1
2026-06-03 12:42:00,notification,66.83,65.15,568.79,4914,7.12,1
2026-06-03 12:45:00,order,64.42,64.76,750.59,5311,6.92,1
2026-06-03 12:45:00,notification,60.52,65.21,536.01,5585,6.67,1
2026-06-03 12:45:00,payment,51.97,63.27,601.67,4531,3.66,0
2026-06-03 12:48:00,notification,75.21,69.66,626.7,4275,8.55,1
2026-06-03 12:48:00,payment,59.01,55.62,427.67,4757,3.16,0
2026-06-03 12:48:00,order,58.03,64.24,760.46,5228,7.08,1
2026-06-03 12:51:00,notification,68.38,72.24,810.74,5745,8.2,1
2026-06-03 12:51:00,payment,64.14,54.23,324.34,4371,1.82,0
2026-06-03 12:51:00,order,65.12,72.81,772.91,5307,9.73,1
2026-06-03 12:54:00,notification,71.53,68.69,972.39,5721,7.91,1
2026-06-03 12:54:00,payment,47.19,52.15,250.85,2915,2.36,0
2026-06-03 12:54:00,order,74.51,69.29,862.88,5451,9.95,1
2026-06-03 12:57:00,payment,39.02,60.35,204.71,3327,3.89,0
2026-06-03 12:57:00,order,65.21,60.57,646.0,4686,5.18,0
2026-06-03 12:57:00,notification,61.4,69.26,759.14,5983,7.22,1
2026-06-03 13:00:00,order,59.83,65.71,460.11,4882,6.37,1
2026-06-03 13:00:00,notification,69.06,73.65,752.71,5239,8.34,1
2026-06-03 13:00:00,payment,45.18,54.02,452.72,4073,3.72,0
2026-06-03 13:03:00,order,47.11,63.53,442.5,4272,3.58,0
2026-06-03 13:03:00,notification,68.56,76.57,731.37,5601,8.28,1
2026-06-03 13:03:00,payment,59.58,55.95,431.36,4505,2.59,1
2026-06-03 13:06:00,order,55.8,60.37,422.88,3715,2.73,0
2026-06-03 13:06:00,notification,56.62,74.22,554.58,4945,9.04,1
2026-06-03 13:06:00,payment,59.47,58.05,682.45,4699,4.25,1
2026-06-03 13:09:00,order,55.92,62.19,473.35,4327,2.73,1
2026-06-03 13:09:00,notification,66.24,76.96,683.41,5493,7.89,1
2026-06-03 13:09:00,payment,66.97,57.88,645.15,4952,5.68,0
2026-06-03 13:12:00,notification,76.35,70.91,764.86,6104,10.57,1
2026-06-03 13:12:00,payment,61.08,69.0,731.46,5083,5.4,1
2026-06-03 13:12:00,order,59.44,56.37,539.41,3841,4.78,1
2026-06-03 13:15:00,payment,67.08,66.63,603.69,5452,6.64,1
2026-06-03 13:15:00,order,66.98,69.03,577.1,4323,4.42,1
2026-06-03 13:15:00,notification,68.45,74.84,685.54,5571,6.85,1
2026-06-03 13:18:00,payment,62.99,73.59,606.14,4654,8.59,1
2026-06-03 13:18:00,order,58.38,64.04,489.27,5438,7.4,1
2026-06-03 13:18:00,notification,74.66,73.77,1002.8,5586,8.5,1
2026-06-03 13:21:00,payment,61.65,74.17,683.41,5288,7.11,1
2026-06-03 13:21:00,order,61.41,67.98,642.74,4728,5.63,1
2026-06-03 13:21:00,notification,68.91,69.41,835.17,5603,8.73,1
2026-06-03 13:24:00,payment,62.04,79.6,604.59,4549,7.25,1
2026-06-03 13:24:00,order,66.7,66.77,518.72,4878,6.83,1
2026-06-03 13:24:00,notification,62.11,73.93,932.71,6363,11.15,1
2026-06-03 13:27:00,payment,58.86,68.59,790.38,5046,7.29,0
2026-06-03 13:27:00,notification,75.88,73.81,995.32,6656,12.52,1
2026-06-03 13:27:00,order,59.55,61.8,736.41,6031,5.21,0
2026-06-03 13:30:00,notification,74.59,81.62,1084.91,6748,12.21,1
2026-06-03 13:30:00,payment,79.36,68.83,756.6,5734,7.63,1
2026-06-03 13:30:00,order,61.54,74.19,530.09,5017,7.13,1
2026-06-03 13:33:00,notification,71.91,76.68,919.0,6630,8.7,1
2026-06-03 13:33:00,payment,65.12,62.16,781.99,5555,7.89,1
2026-06-03 13:33:00,order,51.55,66.7,671.65,4983,6.95,0
2026-06-03 13:36:00,notification,71.35,72.69,842.59,6117,10.88,1
2026-06-03 13:36:00,payment,66.61,69.65,644.76,4977,5.71,1
2026-06-03 13:36:00,order,65.15,69.93,724.05,4766,8.55,0
2026-06-03 13:39:00,notification,69.6,74.82,941.48,6124,11.61,1
2026-06-03 13:39:00,payment,56.85,64.5,545.37,5264,4.6,0
2026-06-03 13:39:00,order,76.48,69.1,701.29,5805,8.49,1
2026-06-03 13:42:00,payment,54.79,68.04,520.63,5468,3.98,0
2026-06-03 13:42:00,order,69.72,76.12,713.69,5330,8.01,1
2026-06-03 13:42:00,notification,72.54,70.73,948.62,6662,11.44,1
2026-06-03 13:45:00,order,74.25,77.29,811.82,5983,9.61,1
2026-06-03 13:45:00,notification,65.86,70.39,800.23,5310,9.36,1
2026-06-03 13:45:00,payment,61.21,60.36,651.01,5061,6.54,1
2026-06-03 13:48:00,order,70.1,68.33,718.14,5006,9.3,1
2026-06-03 13:48:00,notification,61.9,70.16,757.5,5355,8.64,1
2026-06-03 13:48:00,payment,67.59,66.43,574.35,5013,7.16,1
2026-06-03 13:51:00,order,68.05,56.48,591.8,4913,4.27,1
2026-06-03 13:51:00,notification,72.39,72.0,740.55,5668,11.02,0
2026-06-03 13:51:00,payment,58.6,66.33,662.14,4812,6.99,0
2026-06-03 13:54:00,order,59.92,64.72,535.8,5601,5.83,1
2026-06-03 13:54:00,payment,58.55,67.74,623.8,5465,8.69,0
2026-06-03 13:54:00,notification,65.11,73.03,824.05,5494,8.44,1
2026-06-03 13:57:00,payment,66.57,65.2,760.12,4937,6.83,1
2026-06-03 13:57:00,order,71.58,68.53,750.77,5714,7.02,1
2026-06-03 13:57:00,notification,68.6,67.86,761.46,6045,9.88,1
2026-06-03 14:00:00,payment,72.65,77.96,952.63,6565,10.4,1
2026-06-03 14:00:00,order,76.15,63.84,691.3,4566,4.67,1
2026-06-03 14:00:00,notification,66.51,71.43,866.86,5909,11.37,1
2026-06-03 14:03:00,payment,82.21,84.55,966.06,6593,9.36,1
2026-06-03 14:03:00,order,62.97,61.57,678.47,5179,4.82,1
2026-06-03 14:03:00,notification,80.82,73.58,920.09,6538,11.92,1
2026-06-03 14:06:00,payment,70.84,65.67,869.59,5267,9.81,1
2026-06-03 14:06:00,order,56.7,59.99,670.26,5690,6.35,0
2026-06-03 14:06:00,notification,76.52,77.87,1063.27,6465,10.07,1
2026-06-03 14:09:00,order,59.58,73.87,651.45,4539,6.19,1
2026-06-03 14:09:00,notification,66.53,71.93,1076.79,6911,11.3,1
2026-06-03 14:09:00,payment,76.48,78.12,993.6,5850,12.78,1
2026-06-03 14:12:00,notification,70.85,65.67,949.91,5266,9.43,1
2026-06-03 14:12:00,payment,74.48,58.06,985.62,6070,10.22,1
2026-06-03 14:12:00,order,65.43,69.77,642.39,5764,8.17,1
2026-06-03 14:15:00,notification,66.7,63.83,766.34,5702,8.0,1
2026-06-03 14:15:00,payment,65.26,77.49,965.65,5983,12.59,0
2026-06-03 14:15:00,order,54.67,67.95,776.48,5364,8.42,1
2026-06-03 14:18:00,notification,60.72,65.5,624.34,4868,5.12,0
2026-06-03 14:18:00,payment,65.57,64.1,955.45,6247,9.47,1
2026-06-03 14:18:00,order,60.48,64.87,807.03,5582,6.41,1
2026-06-03 14:21:00,notification,56.15,66.05,548.04,4841,4.94,0
2026-06-03 14:21:00,payment,62.89,69.17,843.05,5675,9.1,1
2026-06-03 14:21:00,order,63.43,70.22,754.5,5252,8.47,0
2026-06-03 14:24:00,notification,50.09,55.94,434.68,4008,5.72,1
2026-06-03 14:24:00,order,63.52,67.28,643.16,5133,5.59,0
2026-06-03 14:24:00,payment,56.11,60.75,629.9,5859,5.93,1
2026-06-03 14:27:00,order,73.94,64.52,646.91,4790,6.56,1
2026-06-03 14:27:00,notification,64.45,55.16,494.94,4462,5.47,1
2026-06-03 14:27:00,payment,68.63,66.03,596.57,5226,6.97,1
2026-06-03 14:30:00,order,66.59,67.88,633.14,5692,6.8,1
2026-06-03 14:30:00,notification,53.4,55.79,561.79,3887,3.54,1
2026-06-03 14:30:00,payment,61.78,68.07,638.05,5779,5.88,1
2026-06-03 14:33:00,order,55.33,68.11,628.24,5741,8.78,1
2026-06-03 14:33:00,notification,53.57,56.92,614.05,3987,5.22,1
2026-06-03 14:33:00,payment,63.83,57.4,593.87,5410,6.77,1
2026-06-03 14:36:00,order,84.31,68.22,559.95,5785,6.25,1
2026-06-03 14:36:00,notification,42.36,56.26,442.43,3754,3.49,1
2026-06-03 14:36:00,payment,52.05,68.48,830.25,5086,7.89,0
2026-06-03 14:39:00,notification,52.49,50.92,372.81,3358,5.45,0
2026-06-03 14:39:00,payment,77.53,65.67,734.3,6201,6.87,1
2026-06-03 14:39:00,order,61.58,60.82,724.64,4281,4.35,1
2026-06-03 14:42:00,payment,60.63,76.83,789.39,5893,8.2,0
2026-06-03 14:42:00,order,49.88,65.97,512.71,4935,6.43,0
2026-06-03 14:42:00,notification,49.33,62.17,525.55,4645,3.28,0
2026-06-03 14:45:00,payment,76.32,69.4,642.8,5391,6.8,0
2026-06-03 14:45:00,order,54.57,70.41,660.27,5066,7.18,1
2026-06-03 14:45:00,notification,74.74,67.72,558.29,4574,5.3,1
2026-06-03 14:48:00,payment,53.87,60.13,584.26,5342,5.07,0
2026-06-03 14:48:00,order,54.33,65.77,443.21,4581,6.79,0
2026-06-03 14:48:00,notification,55.25,59.92,700.19,5143,5.91,0
2026-06-03 14:51:00,order,50.72,73.88,513.69,4828,3.97,1
2026-06-03 14:51:00,notification,59.01,61.74,637.8,5309,4.52,1
2026-06-03 14:51:00,payment,60.11,65.71,725.69,4868,5.1,0
2026-06-03 14:54:00,notification,78.07,67.64,626.9,5279,5.08,1
2026-06-03 14:54:00,payment,51.71,75.79,683.52,4616,6.63,0
2026-06-03 14:54:00,order,57.79,58.47,411.75,3663,4.1,0
2026-06-03 14:57:00,notification,76.27,68.08,774.97,6119,9.78,1
2026-06-03 14:57:00,payment,71.66,75.45,774.56,5812,7.64,1
2026-06-03 14:57:00,order,42.74,54.2,542.25,5261,5.12,0
2026-06-03 15:00:00,notification,58.15,72.51,965.23,5591,8.25,1
2026-06-03 15:00:00,payment,60.98,65.67,901.26,6176,7.45,1
2026-06-03 15:00:00,order,67.54,61.0,583.96,4371,8.24,1
2026-06-03 15:03:00,notification,64.66,72.65,628.06,5267,7.51,1
2026-06-03 15:03:00,payment,63.38,70.82,812.22,6023,8.95,1
2026-06-03 15:03:00,order,64.97,60.57,646.36,4916,6.31,1
2026-06-03 15:06:00,payment,61.13,70.59,784.52,6499,9.07,1
2026-06-03 15:06:00,order,59.87,68.84,618.19,5403,8.52,1
2026-06-03 15:06:00,notification,64.81,65.69,712.28,4959,4.83,1
2026-06-03 15:09:00,order,65.8,68.27,507.55,4601,4.8,1
2026-06-03 15:09:00,notification,55.72,56.72,646.2,5348,4.75,0
2026-06-03 15:09:00,payment,75.45,70.28,878.95,6497,9.11,1
2026-06-03 15:12:00,order,53.66,64.71,508.92,5380,5.36,1
2026-06-03 15:12:00,notification,62.74,63.89,592.05,4161,4.73,1
2026-06-03 15:12:00,payment,73.03,62.71,898.93,5759,11.6,1
2026-06-03 15:15:00,order,54.5,64.93,520.99,4029,4.75,0
2026-06-03 15:15:00,notification,49.49,60.49,450.4,4736,3.14,0
2026-06-03 15:15:00,payment,78.94,67.28,670.62,6149,7.15,0
2026-06-03 15:18:00,order,62.94,73.12,595.09,4756,6.6,1
2026-06-03 15:18:00,notification,55.92,71.74,715.21,6078,7.5,0
2026-06-03 15:18:00,payment,63.18,76.96,845.7,6202,9.78,1
2026-06-03 15:21:00,order,60.85,61.47,673.0,4360,7.65,1
2026-06-03 15:21:00,payment,66.07,65.97,641.49,5288,7.09,1
2026-06-03 15:21:00,notification,68.96,78.25,593.82,5339,6.33,1
2026-06-03 15:24:00,payment,58.76,68.83,765.82,5421,7.2,1
2026-06-03 15:24:00,order,57.72,64.73,528.87,4657,6.52,0
2026-06-03 15:24:00,notification,65.53,60.86,678.7,4788,5.81,1
2026-06-03 15:27:00,payment,65.92,71.26,755.79,5718,9.31,1
2026-06-03 15:27:00,order,60.41,62.51,542.47,4727,6.03,0
2026-06-03 15:27:00,notification,80.74,68.42,945.67,5979,7.77,1
2026-06-03 15:30:00,payment,65.89,82.55,951.41,4812,8.54,1
2026-06-03 15:30:00,order,71.49,61.0,596.85,4970,7.32,1
2026-06-03 15:30:00,notification,69.71,74.08,876.98,5654,11.13,1
2026-06-03 15:33:00,payment,75.14,74.34,957.2,6250,9.71,1
2026-06-03 15:33:00,order,71.58,57.03,653.4,5736,5.29,1
2026-06-03 15:33:00,notification,79.66,76.93,1006.89,6347,8.25,1
2026-06-03 15:36:00,order,65.04,72.43,686.87,4605,5.92,1
2026-06-03 15:36:00,notification,67.39,83.19,909.8,6143,9.71,1
2026-06-03 15:36:00,payment,81.07,81.98,1005.65,6707,14.18,1
2026-06-03 15:39:00,notification,77.11,70.43,863.14,5969,9.46,1
2026-06-03 15:39:00,payment,78.38,71.38,934.76,6204,8.09,1
2026-06-03 15:39:00,order,61.29,62.92,666.66,4554,6.37,0
2026-06-03 15:42:00,notification,79.25,66.36,807.98,6234,8.72,1
2026-06-03 15:42:00,payment,67.17,72.89,950.42,6262,10.32,1
2026-06-03 15:42:00,order,69.3,67.82,772.75,5300,7.84,1
2026-06-03 15:45:00,notification,62.76,66.91,837.64,5720,7.1,0
2026-06-03 15:45:00,payment,75.43,71.9,857.59,5807,9.51,1
2026-06-03 15:45:00,order,63.49,73.33,865.49,5786,8.15,1
2026-06-03 15:48:00,payment,68.49,67.38,849.9,4951,10.66,1
2026-06-03 15:48:00,order,71.6,61.78,655.74,5503,6.2,1
2026-06-03 15:48:00,notification,58.26,69.32,744.99,5188,9.43,1
2026-06-03 15:51:00,order,66.95,60.73,517.77,5403,4.05,1
2026-06-03 15:51:00,notification,65.13,65.88,684.74,5237,6.09,1
2026-06-03 15:51:00,payment,64.59,68.36,751.17,6176,7.53,1
2026-06-03 15:54:00,order,75.89,67.38,647.11,4410,7.62,1
2026-06-03 15:54:00,notification,63.76,66.93,623.92,4969,7.1,0
2026-06-03 15:54:00,payment,66.17,77.1,797.92,5782,12.93,1
2026-06-03 15:57:00,order,58.73,64.66,709.3,5865,5.17,0
2026-06-03 15:57:00,notification,57.36,62.62,502.83,4609,6.09,1
2026-06-03 15:57:00,payment,67.08,68.68,860.89,5684,10.66,1
2026-06-03 16:00:00,order,52.37,55.71,544.07,4256,6.08,1
2026-06-03 16:00:00,notification,62.54,54.74,472.21,4649,4.59,0
2026-06-03 16:00:00,payment,79.39,71.41,866.09,6313,6.21,1
2026-06-03 16:03:00,notification,52.35,55.46,597.25,4984,4.57,0
2026-06-03 16:03:00,payment,73.16,76.97,872.15,6417,8.42,1
2026-06-03 16:03:00,order,60.27,64.31,489.01,4368,4.98,1
2026-06-03 16:06:00,payment,65.63,63.6,731.24,5410,7.5,0
2026-06-03 16:06:00,order,55.24,58.89,539.38,4481,5.63,0
2026-06-03 16:06:00,notification,57.87,62.17,526.37,4218,7.03,1
2026-06-03 16:09:00,payment,57.69,68.7,543.67,5035,3.93,1
2026-06-03 16:09:00,order,63.13,62.11,497.32,3631,3.57,1
2026-06-03 16:09:00,notification,54.04,58.96,459.79,4667,5.62,1
2026-06-03 16:12:00,payment,76.71,65.93,603.4,4564,6.91,1
2026-06-03 16:12:00,order,68.05,64.25,545.02,4650,7.83,0
2026-06-03 16:12:00,notification,62.05,54.37,385.22,3891,2.4,0
2026-06-03 16:15:00,payment,70.29,65.1,700.3,5040,5.86,0
2026-06-03 16:15:00,order,68.5,67.24,422.77,5019,7.66,1
2026-06-03 16:15:00,notification,55.03,60.16,328.75,3851,1.53,0
2026-06-03 16:18:00,payment,58.98,56.61,548.81,5682,5.29,1
2026-06-03 16:18:00,notification,45.0,58.08,322.67,3812,3.11,0
2026-06-03 16:18:00,order,61.89,66.92,679.15,5226,6.11,1
2026-06-03 16:21:00,notification,47.12,50.94,275.92,3358,1.78,0
2026-06-03 16:21:00,payment,58.28,61.91,518.55,4528,4.36,1
2026-06-03 16:21:00,order,67.89,61.74,627.11,4888,6.93,0
2026-06-03 16:24:00,notification,48.71,60.3,352.51,3210,1.43,0
2026-06-03 16:24:00,payment,59.13,66.06,646.23,4453,6.71,1
2026-06-03 16:24:00,order,56.32,69.17,518.78,4830,5.34,1
2026-06-03 16:27:00,notification,44.02,62.48,290.11,3895,3.35,0
2026-06-03 16:27:00,payment,66.98,77.73,847.25,5496,5.4,1
2026-06-03 16:27:00,order,60.51,60.81,534.28,4907,6.5,1
2026-06-03 16:30:00,notification,65.27,67.12,374.83,4809,2.74,1
2026-06-03 16:30:00,payment,63.64,73.33,930.79,5693,9.82,1
2026-06-03 16:30:00,order,60.82,60.74,681.64,4826,6.89,0
2026-06-03 16:33:00,payment,70.26,75.93,789.28,5887,9.76,1
2026-06-03 16:33:00,order,60.94,60.37,663.48,5174,3.96,0
2026-06-03 16:33:00,notification,57.61,71.83,561.32,4375,5.72,1
2026-06-03 16:36:00,order,73.77,54.52,617.53,4792,5.55,0
2026-06-03 16:36:00,notification,82.75,66.43,664.99,5800,7.4,1
2026-06-03 16:36:00,payment,74.55,62.74,756.76,4885,7.32,1
2026-06-03 16:39:00,order,53.31,61.96,626.11,4576,6.49,1
2026-06-03 16:39:00,notification,65.21,73.65,646.39,4662,6.36,1
2026-06-03 16:39:00,payment,56.54,66.96,735.06,4264,5.47,1
2026-06-03 16:42:00,order,63.05,68.43,719.9,5020,7.56,0
2026-06-03 16:42:00,notification,72.7,66.76,587.83,5441,7.87,1
2026-06-03 16:42:00,payment,51.93,68.85,603.87,5036,5.79,1
2026-06-03 16:45:00,notification,65.8,74.7,737.91,5158,6.72,1
2026-06-03 16:45:00,payment,57.13,59.43,580.6,4377,4.97,0
2026-06-03 16:45:00,order,62.36,58.76,637.61,4061,6.43,0
2026-06-03 16:48:00,payment,60.05,70.93,690.18,4851,4.67,1
2026-06-03 16:48:00,order,72.66,79.84,832.51,6033,6.96,1
2026-06-03 16:48:00,notification,64.44,64.88,605.49,5069,6.41,1
2026-06-03 16:51:00,payment,70.6,66.34,552.67,3784,7.39,1
2026-06-03 16:51:00,order,57.91,56.44,562.54,5324,7.84,0
2026-06-03 16:51:00,notification,60.85,66.79,674.08,5449,4.86,1
2026-06-03 16:54:00,payment,63.53,63.12,529.3,4949,3.7,0
2026-06-03 16:54:00,order,69.46,69.45,984.81,5930,12.33,1
2026-06-03 16:54:00,notification,51.14,60.48,629.76,5379,6.31,1
2026-06-03 16:57:00,payment,60.96,58.22,390.21,4441,2.34,0
2026-06-03 16:57:00,order,63.93,62.76,720.56,5934,5.66,1
2026-06-03 16:57:00,notification,68.87,57.82,573.92,5185,6.44,1
2026-06-03 17:00:00,order,56.57,76.97,756.55,6047,10.71,1
2026-06-03 17:00:00,notification,51.07,61.45,368.86,3610,2.15,0
2026-06-03 17:00:00,payment,52.3,53.74,394.27,4273,4.07,0
2026-06-03 17:03:00,notification,58.4,59.92,329.49,3325,3.59,1
2026-06-03 17:03:00,payment,53.61,68.77,414.67,4425,4.04,1
2026-06-03 17:03:00,order,78.08,76.5,796.4,6428,12.26,1
2026-06-03 17:06:00,notification,63.42,50.96,477.14,3582,2.31,1
2026-06-03 17:06:00,payment,42.27,59.37,282.82,3011,4.81,0
2026-06-03 17:06:00,order,58.62,68.81,728.94,6240,9.52,1
2026-06-03 17:09:00,notification,46.88,62.72,365.68,3505,4.05,0
2026-06-03 17:09:00,payment,58.97,60.71,323.58,3797,3.38,0
2026-06-03 17:09:00,order,58.62,63.71,835.57,5827,8.64,1
2026-06-03 17:12:00,notification,45.51,61.96,435.96,3950,5.0,1
2026-06-03 17:12:00,payment,60.39,59.62,470.58,4351,4.29,0
2026-06-03 17:12:00,order,71.74,62.98,805.67,5171,8.88,1
2026-06-03 17:15:00,notification,45.82,56.8,364.73,3961,2.75,1
2026-06-03 17:15:00,order,64.18,70.33,760.71,5764,7.76,0
2026-06-03 17:15:00,payment,65.21,61.92,481.58,4238,5.15,1
2026-06-03 17:18:00,order,64.15,65.51,837.08,5162,8.42,1
2026-06-03 17:18:00,notification,38.3,59.94,277.61,2948,3.4,0
2026-06-03 17:18:00,payment,50.47,57.68,375.47,3809,3.44,0
2026-06-03 17:21:00,order,62.77,64.8,662.67,4982,7.26,1
2026-06-03 17:21:00,notification,50.81,51.7,456.76,3144,2.97,0
2026-06-03 17:21:00,payment,49.83,57.96,381.82,3902,3.23,0
2026-06-03 17:24:00,order,69.39,65.97,628.53,5007,6.72,0
2026-06-03 17:24:00,notification,58.72,49.1,436.88,3751,4.16,0
2026-06-03 17:24:00,payment,56.59,63.77,462.89,4733,4.51,1
2026-06-03 17:27:00,order,60.34,64.88,551.19,5664,5.94,1
2026-06-03 17:27:00,notification,48.81,56.58,349.93,4195,3.61,0
2026-06-03 17:27:00,payment,54.63,50.86,306.76,3061,2.85,0
2026-06-03 17:30:00,notification,57.11,64.97,413.58,4810,4.63,1
2026-06-03 17:30:00,payment,41.41,48.25,285.04,3752,2.36,0
2026-06-03 17:30:00,order,64.58,55.95,553.71,5216,5.34,1
2026-06-03 17:33:00,payment,53.29,54.85,367.43,3893,3.57,0
2026-06-03 17:33:00,order,52.0,56.21,408.55,5037,7.12,1
2026-06-03 17:33:00,notification,56.86,68.66,622.26,4107,4.12,0
2026-06-03 17:36:00,payment,52.73,49.06,385.93,3668,3.04,0
2026-06-03 17:36:00,order,63.7,58.77,527.39,5042,5.4,1
2026-06-03 17:36:00,notification,55.37,55.13,516.23,4217,5.85,0
2026-06-03 17:39:00,payment,46.03,55.78,356.14,3909,4.32,1
2026-06-03 17:39:00,order,68.2,62.56,675.71,5335,4.18,0
2026-06-03 17:39:00,notification,52.25,51.41,271.51,4491,2.07,0
2026-06-03 17:42:00,payment,42.25,56.87,422.11,4430,5.63,0
2026-06-03 17:42:00,notification,59.24,57.07,449.39,4288,4.11,1
2026-06-03 17:42:00,order,67.59,63.59,437.96,4957,9.49,1
2026-06-03 17:45:00,notification,48.69,47.83,337.65,4275,2.62,0
2026-06-03 17:45:00,payment,56.37,63.93,445.98,4509,3.84,0
2026-06-03 17:45:00,order,47.56,61.43,386.46,4193,4.03,0
2026-06-03 17:48:00,notification,52.41,54.32,470.37,3777,3.8,0
2026-06-03 17:48:00,payment,71.23,75.91,599.26,5351,9.33,1
2026-06-03 17:48:00,order,50.15,62.95,267.58,4173,2.92,1
2026-06-03 17:51:00,notification,52.06,62.59,484.92,4217,5.13,1
2026-06-03 17:51:00,payment,71.83,55.63,575.74,5037,5.31,1
2026-06-03 17:51:00,order,65.24,53.13,500.0,4337,3.73,1
2026-06-03 17:54:00,notification,60.43,48.54,533.97,4980,6.07,0
2026-06-03 17:54:00,payment,64.75,77.43,615.87,4964,5.62,1
2026-06-03 17:54:00,order,63.75,63.87,613.55,4453,4.99,1
2026-06-03 17:57:00,payment,70.25,61.39,561.0,4174,5.7,0
2026-06-03 17:57:00,order,54.57,56.33,451.63,4208,3.33,0
2026-06-03 17:57:00,notification,53.89,62.97,498.85,4615,4.71,1
2026-06-03 18:00:00,order,58.21,72.19,570.91,4391,6.75,1
2026-06-03 18:00:00,notification,63.55,69.32,552.39,4286,6.68,1
2026-06-03 18:00:00,payment,61.63,67.19,637.03,5110,6.73,1
2026-06-03 18:03:00,order,65.48,66.44,594.49,5093,6.63,1
2026-06-03 18:03:00,notification,61.82,71.72,663.57,5490,8.35,0
2026-06-03 18:03:00,payment,65.43,56.52,646.22,4816,5.54,1
2026-06-03 18:06:00,order,56.96,60.36,613.96,4718,4.03,0
2026-06-03 18:06:00,notification,58.28,70.73,738.34,5049,8.01,0
2026-06-03 18:06:00,payment,55.65,67.44,591.34,4233,6.0,0
2026-06-03 18:09:00,order,61.05,63.32,460.96,4832,1.39,0
2026-06-03 18:09:00,notification,66.46,70.95,826.92,5924,7.79,1
2026-06-03 18:09:00,payment,55.5,62.86,641.89,4888,5.39,0
2026-06-03 18:12:00,order,57.01,59.81,457.98,4772,5.09,1
2026-06-03 18:12:00,payment,50.7,59.11,466.84,4750,6.44,0
2026-06-03 18:12:00,notification,67.4,76.16,804.11,5492,6.94,1
2026-06-03 18:15:00,payment,43.79,50.9,497.7,4129,4.29,1
2026-06-03 18:15:00,order,50.74,59.77,494.13,4758,4.2,1
2026-06-03 18:15:00,notification,65.31,73.35,725.57,5310,9.58,1
2026-06-03 18:18:00,payment,66.96,63.57,511.89,4434,4.27,1
2026-06-03 18:18:00,order,54.62,64.75,383.81,4591,5.22,1
2026-06-03 18:18:00,notification,58.0,68.97,839.2,5951,8.12,1
2026-06-03 18:21:00,payment,56.24,68.15,612.99,4511,4.91,1
2026-06-03 18:21:00,order,54.14,68.75,428.93,3670,3.45,0
2026-06-03 18:21:00,notification,65.37,73.73,801.37,5274,8.99,1
2026-06-03 18:24:00,payment,51.09,59.2,419.89,3694,4.85,1
2026-06-03 18:24:00,order,56.35,66.65,517.16,5547,4.98,0
2026-06-03 18:24:00,notification,61.34,57.34,697.39,4748,6.9,1
2026-06-03 18:27:00,order,58.31,60.3,366.95,4168,4.48,0
2026-06-03 18:27:00,notification,59.3,65.08,442.3,3646,4.0,0
2026-06-03 18:27:00,payment,49.05,66.45,376.46,5193,4.93,0
2026-06-03 18:30:00,notification,65.01,65.69,610.36,4203,5.21,0
2026-06-03 18:30:00,payment,57.34,68.3,615.53,4473,5.33,0
2026-06-03 18:30:00,order,57.15,69.4,480.94,4113,5.43,0
2026-06-03 18:33:00,notification,65.12,66.64,695.8,5478,6.25,0
2026-06-03 18:33:00,payment,64.38,55.4,337.24,3796,2.69,0
2026-06-03 18:33:00,order,52.96,63.95,406.99,5019,4.88,1
2026-06-03 18:36:00,notification,64.13,66.14,684.07,5095,8.03,1
2026-06-03 18:36:00,payment,64.39,64.9,397.25,3476,4.55,1
2026-06-03 18:36:00,order,64.03,54.96,493.66,3934,2.96,0
2026-06-03 18:39:00,payment,45.23,60.01,390.3,4135,6.41,0
2026-06-03 18:39:00,order,55.27,60.09,362.36,4443,6.98,1
2026-06-03 18:39:00,notification,62.24,71.27,540.39,5121,4.72,1
2026-06-03 18:42:00,order,64.18,58.87,474.2,4126,4.66,1
2026-06-03 18:42:00,notification,55.98,68.74,489.91,4682,6.12,1
2026-06-03 18:42:00,payment,54.34,61.11,540.25,4149,4.48,1
2026-06-03 18:45:00,order,64.8,57.89,514.21,4292,3.22,1
2026-06-03 18:45:00,notification,65.89,70.95,551.29,4849,5.73,1
2026-06-03 18:45:00,payment,51.7,62.57,583.17,5157,7.05,1
2026-06-03 18:48:00,order,51.76,63.82,502.46,4624,5.17,1
2026-06-03 18:48:00,notification,54.64,62.14,373.79,4926,5.91,0
2026-06-03 18:48:00,payment,68.8,66.62,672.03,4617,7.6,1
2026-06-03 18:51:00,order,56.76,54.2,548.59,4298,5.92,0
2026-06-03 18:51:00,notification,58.39,69.2,458.39,4908,4.6,0
2026-06-03 18:51:00,payment,65.17,53.62,732.0,4564,9.44,1
2026-06-03 18:54:00,notification,54.14,67.47,650.26,5621,4.85,1
2026-06-03 18:54:00,payment,60.6,66.66,686.4,5504,7.72,1
2026-06-03 18:54:00,order,53.13,68.16,542.13,4287,4.79,1
2026-06-03 18:57:00,payment,71.0,65.97,1019.83,5902,9.97,1
2026-06-03 18:57:00,order,61.59,66.66,506.37,5186,5.89,1
2026-06-03 18:57:00,notification,61.02,61.76,468.78,4431,2.76,1
2026-06-03 19:00:00,payment,65.3,78.89,848.81,5598,9.72,1
2026-06-03 19:00:00,order,64.0,54.34,519.7,4739,5.72,1
2026-06-03 19:00:00,notification,60.16,66.22,394.38,4488,5.14,0
2026-06-03 19:03:00,payment,74.28,75.66,636.96,5525,6.7,1
2026-06-03 19:03:00,order,59.44,65.63,562.22,6051,6.18,0
2026-06-03 19:03:00,notification,61.73,60.21,499.31,4188,4.97,1
2026-06-03 19:06:00,payment,68.0,72.1,699.02,5370,7.75,1
2026-06-03 19:06:00,notification,52.42,70.37,629.48,5089,5.53,1
2026-06-03 19:06:00,order,52.82,62.79,489.93,4427,5.22,0
2026-06-03 19:09:00,notification,63.14,56.81,568.57,4303,6.25,1
2026-06-03 19:09:00,payment,68.86,66.75,689.3,5309,8.91,1
2026-06-03 19:09:00,order,71.48,72.5,588.98,4497,6.98,1
2026-06-03 19:12:00,notification,54.48,58.85,392.1,4986,6.01,0
2026-06-03 19:12:00,payment,46.41,60.84,612.12,4504,7.37,1
2026-06-03 19:12:00,order,64.5,78.5,697.42,5367,6.13,1
2026-06-03 19:15:00,notification,50.18,56.7,415.3,3660,3.25,0
2026-06-03 19:15:00,payment,58.61,59.72,435.89,4033,5.19,0
2026-06-03 19:15:00,order,75.01,82.25,944.1,5171,7.73,1
2026-06-03 19:18:00,notification,50.35,69.73,422.63,4049,3.26,0
2026-06-03 19:18:00,payment,77.29,77.62,720.36,5043,7.54,1
2026-06-03 19:18:00,order,68.7,70.01,755.02,6199,8.1,1
2026-06-03 19:21:00,payment,72.49,64.22,606.18,4862,8.1,0
2026-06-03 19:21:00,order,67.7,73.4,938.2,6321,8.38,1
2026-06-03 19:21:00,notification,51.37,57.45,522.4,4157,2.36,0
2026-06-03 19:24:00,order,74.39,70.2,806.29,6258,8.79,1
2026-06-03 19:24:00,notification,58.15,60.35,491.84,4482,4.43,0
2026-06-03 19:24:00,payment,50.46,53.37,451.33,5081,6.95,0
2026-06-03 19:27:00,order,77.0,75.29,723.67,5305,7.3,1
2026-06-03 19:27:00,notification,50.6,47.82,452.16,3757,2.79,0
2026-06-03 19:27:00,payment,61.38,71.76,631.1,4439,7.61,1
2026-06-03 19:30:00,order,69.37,59.42,803.95,5270,8.72,1
2026-06-03 19:30:00,notification,51.37,65.56,361.87,4005,2.71,0
2026-06-03 19:30:00,payment,54.84,73.08,571.52,4848,6.66,1
2026-06-03 19:33:00,order,63.6,63.0,784.07,5805,6.96,0
2026-06-03 19:33:00,payment,70.88,72.66,525.83,4804,4.77,1
2026-06-03 19:33:00,notification,48.59,52.54,386.33,4027,2.93,0
2026-06-03 19:36:00,payment,62.97,70.31,415.51,4953,5.26,0
2026-06-03 19:36:00,order,78.94,70.19,809.61,5682,6.68,1
2026-06-03 19:36:00,notification,50.6,64.07,374.66,4080,3.68,0
2026-06-03 19:39:00,payment,52.81,67.66,444.23,4688,5.28,1
2026-06-03 19:39:00,order,74.74,73.51,1030.47,5732,8.77,1
2026-06-03 19:39:00,notification,41.02,48.37,230.91,4189,2.03,0
2026-06-03 19:42:00,payment,58.4,62.58,504.21,4482,5.96,1
2026-06-03 19:42:00,order,70.15,72.39,856.11,5402,8.41,1
2026-06-03 19:42:00,notification,34.02,47.22,161.86,3273,4.39,1
2026-06-03 19:45:00,payment,47.25,55.92,603.07,4852,7.41,1
2026-06-03 19:45:00,order,77.35,79.68,892.75,6759,9.79,1
2026-06-03 19:45:00,notification,64.24,58.11,252.9,3419,2.3,0
2026-06-03 19:48:00,order,70.87,68.16,852.89,5584,10.13,1
2026-06-03 19:48:00,notification,52.98,50.01,345.91,3937,1.72,0
2026-06-03 19:48:00,payment,56.6,66.62,670.61,5640,5.84,1
2026-06-03 19:51:00,notification,69.58,59.15,451.82,3337,2.3,0
2026-06-03 19:51:00,payment,61.31,67.87,673.95,4796,5.74,1
2026-06-03 19:51:00,order,80.34,62.12,794.4,5743,8.14,1
2026-06-03 19:54:00,notification,52.23,53.87,381.43,4390,4.12,1
2026-06-03 19:54:00,payment,64.08,62.33,566.22,5268,3.81,0
2026-06-03 19:54:00,order,63.43,64.8,752.72,5395,4.36,1
2026-06-03 19:57:00,notification,58.99,73.97,489.24,4315,6.03,1
2026-06-03 19:57:00,payment,45.82,60.8,558.31,4405,3.07,1
2026-06-03 19:57:00,order,69.57,63.07,646.14,4755,8.23,1
2026-06-03 20:00:00,notification,57.47,72.26,529.62,5136,5.23,1
2026-06-03 20:00:00,payment,54.27,56.11,541.13,4429,4.57,0
2026-06-03 20:00:00,order,62.24,66.27,473.88,4779,5.17,0
2026-06-03 20:03:00,notification,56.93,64.78,419.65,3751,3.59,1
2026-06-03 20:03:00,order,60.28,69.48,425.58,4154,4.88,1
2026-06-03 20:03:00,payment,61.49,54.97,387.3,4260,5.78,0
2026-06-03 20:06:00,order,51.4,65.58,322.36,4694,3.8,0
2026-06-03 20:06:00,notification,55.85,71.54,418.51,3620,4.27,1
2026-06-03 20:06:00,payment,49.11,71.19,531.73,4665,4.97,1
2026-06-03 20:09:00,order,49.56,62.27,329.96,3549,2.17,0
2026-06-03 20:09:00,notification,47.7,57.23,421.96,3379,4.99,1
2026-06-03 20:09:00,payment,54.32,67.25,453.72,3880,5.78,0
2026-06-03 20:12:00,order,55.82,54.94,394.1,4183,4.14,1
2026-06-03 20:12:00,notification,48.16,63.16,404.05,4558,3.8,0
2026-06-03 20:12:00,payment,55.93,60.05,424.62,4365,3.98,0
2026-06-03 20:15:00,order,50.68,59.56,471.94,4167,1.94,0
2026-06-03 20:15:00,notification,44.29,52.07,379.32,4408,1.6,1
2026-06-03 20:15:00,payment,64.77,60.59,379.65,4825,3.93,0
2026-06-03 20:18:00,notification,54.81,63.36,410.26,4322,2.9,0
2026-06-03 20:18:00,payment,54.16,55.17,482.72,4746,2.99,0
2026-06-03 20:18:00,order,54.68,64.39,580.71,4236,6.55,1
2026-06-03 20:21:00,payment,51.48,60.72,295.92,4422,2.97,0
2026-06-03 20:21:00,order,58.85,58.94,404.51,5105,5.37,1
2026-06-03 20:21:00,notification,48.07,54.75,257.37,3004,1.46,1
2026-06-03 20:24:00,payment,61.42,69.51,403.19,3871,2.97,0
2026-06-03 20:24:00,order,61.62,55.53,419.77,3972,4.25,1
2026-06-03 20:24:00,notification,47.75,46.85,239.05,2943,0.75,0
2026-06-03 20:27:00,payment,51.32,55.59,502.25,4258,3.46,0
2026-06-03 20:27:00,order,52.49,58.95,402.22,3214,3.89,0
2026-06-03 20:27:00,notification,42.92,52.84,307.15,3244,0.72,0
2026-06-03 20:30:00,order,52.25,50.14,203.21,4101,2.7,0
2026-06-03 20:30:00,notification,39.13,52.93,250.58,3705,2.43,0
2026-06-03 20:30:00,payment,59.73,67.06,616.48,5008,4.5,1
2026-06-03 20:33:00,notification,54.08,53.49,321.95,3321,2.12,0
2026-06-03 20:33:00,payment,53.38,63.25,477.29,4697,4.44,1
2026-06-03 20:33:00,order,48.39,64.86,460.0,3958,5.48,0
2026-06-03 20:36:00,notification,46.21,60.21,346.25,2599,2.6,0
2026-06-03 20:36:00,payment,57.15,64.78,571.3,4382,4.01,0
2026-06-03 20:36:00,order,63.39,56.1,563.42,4139,2.69,1
2026-06-03 20:39:00,notification,51.2,48.23,229.12,3128,4.36,0
2026-06-03 20:39:00,payment,63.54,70.75,465.82,4362,4.45,0
2026-06-03 20:39:00,order,56.82,58.24,385.19,4092,1.64,0
2026-06-03 20:42:00,notification,61.93,57.34,453.43,4475,5.22,1
2026-06-03 20:42:00,payment,56.93,68.62,349.47,4676,4.15,1
2026-06-03 20:42:00,order,61.83,60.24,446.18,4359,4.08,1
2026-06-03 20:45:00,payment,100.0,100.0,3046.45,10574,40.09,1
2026-06-03 20:45:00,order,43.78,63.77,368.28,4355,1.73,1
2026-06-03 20:45:00,notification,41.14,43.54,310.13,4583,4.36,0
2026-06-03 20:48:00,order,51.86,44.53,344.83,3184,2.07,0
2026-06-03 20:48:00,notification,54.86,62.65,414.84,4468,2.06,1
2026-06-03 20:48:00,payment,80.52,83.88,1193.13,7352,14.85,1
2026-06-03 20:51:00,order,45.29,62.46,445.27,4309,3.32,0
2026-06-03 20:51:00,notification,92.57,89.92,1639.48,7255,19.48,1
2026-06-03 20:51:00,payment,75.73,70.01,722.84,5361,9.13,1
2026-06-03 20:54:00,order,55.8,62.57,337.17,3738,3.95,0
2026-06-03 20:54:00,notification,68.14,81.51,1110.7,6472,12.28,1
2026-06-03 20:54:00,payment,50.97,57.26,349.16,4164,5.42,1
2026-06-03 20:57:00,order,52.13,56.96,410.85,3181,2.8,0
2026-06-03 20:57:00,notification,60.27,69.72,731.02,5975,9.59,0
2026-06-03 20:57:00,payment,57.19,62.09,486.6,4791,5.02,1
2026-06-03 21:00:00,order,53.77,58.54,375.75,2819,1.86,0
2026-06-03 21:00:00,payment,58.53,66.94,645.42,4669,5.38,0
2026-06-03 21:00:00,notification,55.47,62.27,657.18,5046,4.83,0
2026-06-03 21:03:00,payment,61.51,66.53,550.78,4766,5.45,1
2026-06-03 21:03:00,order,44.31,57.19,407.84,3458,2.11,0
2026-06-03 21:03:00,notification,50.62,57.81,491.18,4146,6.48,1
2026-06-03 21:06:00,payment,43.31,53.6,458.48,3699,3.43,0
2026-06-03 21:06:00,order,41.7,49.14,363.8,3194,1.58,0
2026-06-03 21:06:00,notification,63.16,66.52,488.74,4506,4.71,0
2026-06-03 21:09:00,payment,60.7,54.96,375.74,3767,5.3,0
2026-06-03 21:09:00,order,44.74,54.46,321.07,3269,2.39,0
2026-06-03 21:09:00,notification,58.37,57.5,533.65,3220,3.43,0
2026-06-03 21:12:00,payment,47.24,54.7,266.21,4283,3.56,0
2026-06-03 21:12:00,order,45.76,54.68,242.64,3208,0.93,0
2026-06-03 21:12:00,notification,52.36,55.48,542.55,4922,7.9,1
2026-06-03 21:15:00,order,46.25,44.5,275.6,4171,1.16,0
2026-06-03 21:15:00,notification,45.81,66.48,471.33,4999,4.6,1
2026-06-03 21:15:00,payment,53.6,49.01,236.27,2851,2.16,0
2026-06-03 21:18:00,notification,51.46,59.29,476.88,5043,4.32,0
2026-06-03 21:18:00,payment,44.71,55.63,249.82,3814,3.16,0
2026-06-03 21:18:00,order,46.37,53.38,307.45,2815,0.5,0
2026-06-03 21:21:00,notification,61.97,61.06,439.32,4311,3.5,0
2026-06-03 21:21:00,payment,48.53,59.4,361.16,3692,3.39,0
2026-06-03 21:21:00,order,37.39,50.35,194.43,3071,0.0,0
2026-06-03 21:24:00,notification,50.14,44.7,573.35,4166,4.26,0
2026-06-03 21:24:00,payment,56.73,59.82,350.48,3587,2.96,0
2026-06-03 21:24:00,order,47.41,56.36,296.91,3228,3.58,0
2026-06-03 21:27:00,notification,41.79,57.32,297.93,3910,2.83,0
2026-06-03 21:27:00,order,58.0,48.71,317.02,3296,3.58,0
2026-06-03 21:27:00,payment,56.69,51.71,460.27,3750,2.67,0
2026-06-03 21:30:00,order,52.21,51.85,259.08,3347,1.38,0
2026-06-03 21:30:00,notification,54.07,58.69,397.3,4353,3.74,1
2026-06-03 21:30:00,payment,49.79,51.26,223.08,3485,2.0,0
2026-06-03 21:33:00,order,48.4,45.04,280.15,3959,2.81,0
2026-06-03 21:33:00,notification,47.88,69.43,466.16,4826,3.94,0
2026-06-03 21:33:00,payment,51.86,60.87,258.5,3324,3.45,0
2026-06-03 21:36:00,order,47.73,44.39,164.35,3231,1.95,0
2026-06-03 21:36:00,notification,67.79,61.05,443.64,4749,4.57,0
2026-06-03 21:36:00,payment,50.08,56.1,316.92,3748,0.88,0
2026-06-03 21:39:00,order,42.64,55.91,235.0,3192,0.42,0
2026-06-03 21:39:00,notification,57.63,46.41,446.9,3840,3.32,0
2026-06-03 21:39:00,payment,50.33,55.86,266.58,3543,3.46,0
2026-06-03 21:42:00,notification,53.09,59.23,512.42,4689,4.24,1
2026-06-03 21:42:00,payment,47.79,56.0,375.31,4447,2.63,0
2026-06-03 21:42:00,order,56.0,49.23,309.86,3048,0.8,0
2026-06-03 21:45:00,payment,52.27,58.38,280.16,3400,0.0,0
2026-06-03 21:45:00,order,52.1,52.04,344.92,3753,2.62,1
2026-06-03 21:45:00,notification,50.78,58.44,356.6,3345,3.89,0
2026-06-03 21:48:00,payment,48.2,63.24,272.95,3934,2.18,0
2026-06-03 21:48:00,order,56.41,65.37,455.8,4051,5.02,1
2026-06-03 21:48:00,notification,47.98,63.8,427.05,4036,4.15,0
2026-06-03 21:51:00,payment,62.66,64.13,412.22,3877,3.65,1
2026-06-03 21:51:00,order,60.45,59.02,417.41,5184,5.12,1
2026-06-03 21:51:00,notification,43.15,52.39,197.85,4047,3.38,0
2026-06-03 21:54:00,payment,50.99,57.95,320.26,3877,3.6,0
2026-06-03 21:54:00,order,59.8,63.72,482.8,4278,3.16,1
2026-06-03 21:54:00,notification,60.83,50.61,405.51,2748,1.73,0
2026-06-03 21:57:00,payment,54.22,54.49,419.21,3915,4.67,0
2026-06-03 21:57:00,notification,51.32,51.41,310.4,3267,2.38,0
2026-06-03 21:57:00,order,49.36,55.92,428.2,4522,5.1,1
2026-06-03 22:00:00,notification,45.18,67.69,326.99,3390,3.03,1
2026-06-03 22:00:00,payment,54.5,64.96,410.62,4030,3.76,1
2026-06-03 22:00:00,order,54.75,57.38,467.86,4252,3.68,1
2026-06-03 22:03:00,notification,46.49,54.49,240.75,3280,1.24,0
2026-06-03 22:03:00,payment,53.29,62.32,425.87,3767,1.69,1
2026-06-03 22:03:00,order,60.45,48.35,361.25,3935,1.33,0
2026-06-03 22:06:00,notification,42.32,51.73,291.06,3782,2.46,0
2026-06-03 22:06:00,payment,50.14,54.73,383.64,3039,3.7,0
2026-06-03 22:06:00,order,54.27,53.33,149.39,3111,2.9,0
2026-06-03 22:09:00,notification,52.93,58.6,454.05,3194,2.63,0
2026-06-03 22:09:00,payment,51.01,63.51,326.58,3882,3.95,0
2026-06-03 22:09:00,order,38.46,45.13,150.23,2366,1.23,0
2026-06-03 22:12:00,payment,55.16,52.54,335.75,3597,3.02,1
2026-06-03 22:12:00,order,44.17,50.41,152.55,2697,1.74,0
2026-06-03 22:12:00,notification,22.31,43.69,160.1,3268,0.0,0
2026-06-03 22:15:00,order,38.96,48.46,211.96,3069,0.0,0
2026-06-03 22:15:00,notification,40.09,46.71,208.54,3018,1.67,0
2026-06-03 22:15:00,payment,44.39,61.06,339.73,3320,3.07,0
2026-06-03 22:18:00,order,40.3,35.65,108.22,2930,0.32,0
2026-06-03 22:18:00,notification,40.07,50.32,269.68,3499,2.36,0
2026-06-03 22:18:00,payment,49.7,63.16,371.93,4144,0.59,0
2026-06-03 22:21:00,order,35.0,43.7,90.56,2497,1.89,0
2026-06-03 22:21:00,notification,54.53,46.18,348.44,3181,1.93,1
2026-06-03 22:21:00,payment,51.13,51.68,350.01,2752,1.86,0
2026-06-03 22:24:00,notification,46.68,58.71,337.26,3919,3.39,0
2026-06-03 22:24:00,payment,57.79,60.5,399.94,4641,5.05,1
2026-06-03 22:24:00,order,33.03,35.76,139.81,2301,0.39,0
2026-06-03 22:27:00,payment,51.58,61.14,299.14,4387,2.97,1
2026-06-03 22:27:00,order,34.1,46.67,125.9,2798,0.62,0
2026-06-03 22:27:00,notification,32.56,46.28,268.81,3166,3.73,0
2026-06-03 22:30:00,payment,64.01,71.13,354.4,3819,6.21,0
2026-06-03 22:30:00,order,47.35,47.38,146.95,1264,0.0,0
2026-06-03 22:30:00,notification,45.98,54.22,232.36,3733,2.71,0
2026-06-03 22:33:00,payment,50.61,52.99,407.97,3717,1.62,1
2026-06-03 22:33:00,order,38.87,51.7,259.53,2877,1.6,0
2026-06-03 22:33:00,notification,47.86,51.68,366.88,4091,1.17,0
2026-06-03 22:36:00,payment,55.63,68.52,537.26,4692,6.49,1
2026-06-03 22:36:00,order,50.22,49.16,130.49,2783,0.3,0
2026-06-03 22:36:00,notification,54.3,54.34,323.99,3262,1.84,0
2026-06-03 22:39:00,order,45.88,45.93,300.83,3588,2.92,0
2026-06-03 22:39:00,notification,45.32,61.23,254.89,3086,0.7,0
2026-06-03 22:39:00,payment,50.83,57.04,377.1,4142,2.49,0
2026-06-03 22:42:00,notification,44.09,49.84,224.17,2551,4.33,0
2026-06-03 22:42:00,payment,46.87,53.21,522.11,3990,5.0,0
2026-06-03 22:42:00,order,44.15,54.26,254.3,3595,1.09,0
2026-06-03 22:45:00,notification,47.43,51.52,324.82,3634,1.79,0
2026-06-03 22:45:00,payment,51.28,61.14,528.04,3892,4.4,1
2026-06-03 22:45:00,order,55.62,60.2,402.58,4582,3.33,1
2026-06-03 22:48:00,notification,32.58,46.71,277.54,4029,2.49,0
2026-06-03 22:48:00,payment,50.86,58.82,403.54,5012,3.91,0
2026-06-03 22:48:00,order,44.89,56.74,353.28,3466,5.32,0
2026-06-03 22:51:00,notification,37.7,48.77,233.89,3063,2.96,0
2026-06-03 22:51:00,order,54.77,56.47,279.48,3526,3.42,0
2026-06-03 22:51:00,payment,65.92,57.8,464.6,5093,5.97,1
2026-06-03 22:54:00,order,55.96,51.68,503.57,4105,4.12,0
2026-06-03 22:54:00,notification,26.57,36.6,183.72,2299,0.06,0
2026-06-03 22:54:00,payment,59.99,65.56,652.34,4890,4.87,1
2026-06-03 22:57:00,order,47.55,56.44,517.98,3579,4.02,0
2026-06-03 22:57:00,notification,49.75,53.85,121.56,2904,0.12,0
2026-06-03 22:57:00,payment,58.12,69.5,634.84,4988,6.86,1
2026-06-03 23:00:00,order,44.52,54.09,313.16,3087,1.75,0
2026-06-03 23:00:00,notification,34.03,42.0,168.71,1898,2.38,0
2026-06-03 23:00:00,payment,66.63,64.42,649.95,4977,4.99,0
2026-06-03 23:03:00,order,56.56,44.86,203.51,4018,0.62,0
2026-06-03 23:03:00,notification,39.46,39.28,217.24,2083,2.21,0
2026-06-03 23:03:00,payment,66.44,58.71,618.46,4795,4.85,0
2026-06-03 23:06:00,notification,34.85,47.93,255.0,2642,0.25,0
2026-06-03 23:06:00,payment,62.85,59.14,368.65,3468,0.94,0
2026-06-03 23:06:00,order,40.34,50.03,147.34,3060,0.77,0
2026-06-03 23:09:00,payment,50.21,59.87,368.94,4163,3.71,1
2026-06-03 23:09:00,order,35.92,41.39,203.54,1953,2.09,0
2026-06-03 23:09:00,notification,35.46,49.7,164.61,2926,0.0,0
2026-06-03 23:12:00,payment,54.97,63.19,336.61,4404,6.4,0
2026-06-03 23:12:00,order,45.04,47.9,129.8,2638,2.37,0
2026-06-03 23:12:00,notification,35.24,44.44,155.6,2603,1.64,0
2026-06-03 23:15:00,payment,67.87,66.85,540.08,4418,5.43,1
2026-06-03 23:15:00,order,32.59,47.36,237.39,2225,0.29,0
2026-06-03 23:15:00,notification,47.41,57.69,367.53,3033,2.61,0
2026-06-03 23:18:00,order,45.39,47.37,70.84,2563,0.65,0
2026-06-03 23:18:00,notification,41.64,47.86,184.45,2880,0.97,0
2026-06-03 23:18:00,payment,54.77,59.55,441.25,4396,4.65,1
2026-06-03 23:21:00,notification,39.19,46.56,283.92,3217,2.08,0
2026-06-03 23:21:00,payment,53.1,52.35,437.86,3521,4.01,0
2026-06-03 23:21:00,order,42.14,42.21,225.24,2599,1.95,0
2026-06-03 23:24:00,notification,34.97,54.02,386.82,3681,1.18,1
2026-06-03 23:24:00,payment,60.43,57.75,390.79,3850,6.35,0
2026-06-03 23:24:00,order,36.13,48.75,282.38,2521,4.67,0
2026-06-03 23:27:00,notification,60.26,53.12,240.25,3615,3.04,0
2026-06-03 23:27:00,payment,62.66,61.81,470.77,4170,4.83,0
2026-06-03 23:27:00,order,42.87,62.69,313.09,3076,1.75,1
2026-06-03 23:30:00,notification,44.68,59.73,313.06,3390,2.92,0
2026-06-03 23:30:00,payment,53.84,67.15,502.78,4574,3.89,0
2026-06-03 23:30:00,order,42.93,61.94,367.83,4229,4.36,1
2026-06-03 23:33:00,payment,56.48,66.24,489.26,4619,5.1,1
2026-06-03 23:33:00,order,53.94,62.48,420.67,3508,3.92,1
2026-06-03 23:33:00,notification,43.5,57.5,355.47,3877,0.25,0
2026-06-03 23:36:00,order,44.6,56.21,392.88,4100,3.69,0
2026-06-03 23:36:00,notification,40.17,48.74,210.19,3849,1.4,0
2026-06-03 23:36:00,payment,57.21,65.66,383.84,4561,4.29,0
2026-06-03 23:39:00,order,44.96,50.77,283.23,3995,4.1,0
2026-06-03 23:39:00,notification,48.26,39.64,210.28,3368,0.9,0
2026-06-03 23:39:00,payment,41.85,55.03,353.64,3488,3.31,0
2026-06-03 23:42:00,order,51.03,53.96,283.43,3492,2.86,0
2026-06-03 23:42:00,notification,36.25,51.55,122.41,3332,2.08,0
2026-06-03 23:42:00,payment,44.47,54.46,234.68,3459,1.27,0
2026-06-03 23:45:00,order,48.91,52.13,286.65,3885,2.49,0
2026-06-03 23:45:00,notification,39.17,43.39,206.96,3995,0.36,0
2026-06-03 23:45:00,payment,38.81,44.3,329.59,3530,2.27,0
2026-06-03 23:48:00,order,51.81,50.35,333.48,3227,1.53,0
2026-06-03 23:48:00,payment,39.69,53.81,298.05,3472,3.62,0
2026-06-03 23:48:00,notification,48.96,54.16,405.49,3370,3.93,0
2026-06-03 23:51:00,payment,41.36,45.55,175.92,3154,2.38,0
2026-06-03 23:51:00,order,50.6,42.75,258.89,2188,2.05,0
2026-06-03 23:51:00,notification,53.36,55.99,217.84,3215,2.34,0
2026-06-03 23:54:00,payment,40.32,44.46,240.99,2220,0.0,0
2026-06-03 23:54:00,order,43.46,54.31,264.54,2824,2.98,1
2026-06-03 23:54:00,notification,49.05,65.71,250.11,3245,4.17,0
2026-06-03 23:57:00,payment,33.77,58.43,215.02,1764,0.0,0
2026-06-03 23:57:00,order,50.45,39.79,279.4,3306,3.87,0
2026-06-03 23:57:00,notification,51.37,69.32,384.46,3915,1.72,1
2026-06-04 00:00:00,payment,36.47,48.74,216.78,2239,0.38,0
2026-06-04 00:00:00,order,35.98,54.95,291.55,3708,3.21,0
2026-06-04 00:00:00,notification,47.66,57.49,365.2,3221,3.07,0
2026-06-04 00:03:00,order,42.82,50.16,76.62,2347,0.43,0
2026-06-04 00:03:00,notification,45.22,44.34,298.03,4212,2.88,0
2026-06-04 00:03:00,payment,39.97,42.32,197.69,2756,0.2,1
2026-06-04 00:06:00,notification,58.89,48.76,304.33,3745,2.87,0
2026-06-04 00:06:00,payment,34.84,50.42,305.15,2818,0.0,0
2026-06-04 00:06:00,order,42.37,58.48,159.14,2559,0.45,1
2026-06-04 00:09:00,notification,38.99,50.58,301.31,3102,2.3,0
2026-06-04 00:09:00,payment,41.49,43.42,74.67,2371,3.29,0
2026-06-04 00:09:00,order,43.45,43.75,147.23,1944,0.0,0
2026-06-04 00:12:00,notification,45.86,49.21,324.23,2754,2.14,0
2026-06-04 00:12:00,payment,50.67,45.4,309.17,3337,0.62,0
2026-06-04 00:12:00,order,36.92,43.28,142.52,2495,1.19,0
2026-06-04 00:15:00,payment,43.5,60.8,207.47,3001,0.72,0
2026-06-04 00:15:00,order,39.93,48.98,186.23,2363,2.48,0
2026-06-04 00:15:00,notification,38.2,50.13,254.76,2476,0.0,0
2026-06-04 00:18:00,order,40.49,51.62,245.09,3329,0.75,0
2026-06-04 00:18:00,notification,45.14,50.2,280.17,2776,3.51,0
2026-06-04 00:18:00,payment,43.96,56.64,319.45,2846,0.0,0
2026-06-04 00:21:00,order,50.43,48.01,221.11,2681,1.16,0
2026-06-04 00:21:00,notification,41.36,43.24,223.59,3650,0.78,0
2026-06-04 00:21:00,payment,53.72,58.37,371.3,3783,4.18,0
2026-06-04 00:24:00,order,43.86,42.84,282.9,2410,2.2,0
2026-06-04 00:24:00,notification,43.59,53.2,193.54,3503,0.92,0
2026-06-04 00:24:00,payment,42.56,57.43,357.97,4568,3.85,0
2026-06-04 00:27:00,order,36.09,54.0,126.84,3689,1.48,0
2026-06-04 00:27:00,notification,41.55,44.14,126.74,3230,1.54,0
2026-06-04 00:27:00,payment,55.96,56.15,359.89,3616,3.02,0
2026-06-04 00:30:00,notification,32.27,48.11,106.69,1828,1.76,0
2026-06-04 00:30:00,payment,68.91,63.35,402.43,3846,2.51,1
2026-06-04 00:30:00,order,46.18,48.88,302.5,2380,1.21,0
2026-06-04 00:33:00,payment,48.18,56.0,302.93,3591,3.28,0
2026-06-04 00:33:00,order,42.08,46.0,210.05,3279,3.17,0
2026-06-04 00:33:00,notification,34.86,53.87,143.26,2265,0.0,0
2026-06-04 00:36:00,payment,49.18,39.88,296.29,3415,2.21,0
2026-06-04 00:36:00,order,49.03,40.93,294.9,2330,1.5,0
2026-06-04 00:36:00,notification,28.22,42.13,270.18,2625,0.0,0
2026-06-04 00:39:00,payment,53.59,66.75,281.79,3519,0.23,0
2026-06-04 00:39:00,order,47.93,63.24,221.5,3276,0.94,0
2026-06-04 00:39:00,notification,41.4,49.06,147.39,2546,3.11,0
2026-06-04 00:42:00,payment,57.59,54.37,333.19,2856,0.79,1
2026-06-04 00:42:00,order,48.41,51.9,218.32,3184,1.38,0
2026-06-04 00:42:00,notification,40.43,49.0,435.3,3213,1.43,0
2026-06-04 00:45:00,payment,57.2,58.24,466.54,3920,1.5,0
2026-06-04 00:45:00,notification,41.93,45.59,237.58,2810,2.17,0
2026-06-04 00:45:00,order,49.44,52.43,160.65,2740,2.09,0
2026-06-04 00:48:00,notification,43.64,51.79,190.77,2977,0.63,0
2026-06-04 00:48:00,payment,37.39,61.09,213.14,3219,3.21,0
2026-06-04 00:48:00,order,49.06,49.25,155.41,2551,4.61,0
2026-06-04 00:51:00,notification,43.85,46.6,210.42,2791,3.7,0
2026-06-04 00:51:00,payment,59.1,62.55,623.11,4775,5.35,0
2026-06-04 00:51:00,order,50.94,53.87,273.2,2639,3.54,0
2026-06-04 00:54:00,notification,28.42,54.34,229.28,2809,2.66,0
2026-06-04 00:54:00,payment,69.99,62.98,440.98,4184,5.67,0
2026-06-04 00:54:00,order,51.86,47.56,122.28,3382,6.03,0
2026-06-04 00:57:00,notification,41.02,54.38,329.98,1851,1.14,0
2026-06-04 00:57:00,payment,61.71,60.01,543.86,4360,2.93,0
2026-06-04 00:57:00,order,40.58,51.93,174.33,3935,0.53,0
2026-06-04 01:00:00,payment,50.23,55.29,462.83,4965,5.39,1
2026-06-04 01:00:00,order,38.06,52.3,295.82,3610,3.51,0
2026-06-04 01:00:00,notification,44.28,59.45,246.55,3139,3.56,0
2026-06-04 01:03:00,order,40.93,46.79,240.25,3758,3.87,0
2026-06-04 01:03:00,notification,54.96,56.99,208.46,3661,3.0,0
2026-06-04 01:03:00,payment,59.72,63.58,510.3,4182,4.17,1
2026-06-04 01:06:00,order,49.57,50.79,201.0,2784,1.92,0
2026-06-04 01:06:00,notification,64.53,59.29,450.61,3464,3.89,0
2026-06-04 01:06:00,payment,46.7,66.25,436.41,3903,7.37,1
2026-06-04 01:09:00,order,33.87,50.96,377.49,3869,1.77,0
2026-06-04 01:09:00,notification,63.68,47.65,363.29,4528,4.63,1
2026-06-04 01:09:00,payment,58.34,52.94,290.51,3100,4.67,0
2026-06-04 01:12:00,order,47.83,49.8,410.57,3901,3.26,1
2026-06-04 01:12:00,payment,45.69,52.95,314.65,4408,5.17,0
2026-06-04 01:12:00,notification,50.3,65.42,417.33,4050,3.92,0
2026-06-04 01:15:00,payment,53.66,64.21,470.63,4825,4.52,0
2026-06-04 01:15:00,order,44.56,49.43,268.9,3438,1.66,0
2026-06-04 01:15:00,notification,53.53,60.9,396.66,3426,5.36,0
2026-06-04 01:18:00,payment,47.11,55.01,286.59,3304,3.78,1
2026-06-04 01:18:00,order,56.77,46.37,401.37,3416,1.31,0
2026-06-04 01:18:00,notification,59.29,54.89,476.08,4581,5.86,0
2026-06-04 01:21:00,payment,44.72,51.64,325.91,3188,1.91,0
2026-06-04 01:21:00,order,49.69,61.04,434.03,4162,1.19,1
2026-06-04 01:21:00,notification,55.66,67.34,453.91,3847,5.67,0
2026-06-04 01:24:00,payment,53.1,48.59,216.72,3131,1.0,0
2026-06-04 01:24:00,order,45.35,61.14,291.11,3197,0.51,0
2026-06-04 01:24:00,notification,50.7,62.18,274.98,4068,0.55,0
2026-06-04 01:27:00,order,53.03,46.63,222.29,3469,2.15,0
2026-06-04 01:27:00,notification,49.93,56.08,423.26,3088,2.74,0
2026-06-04 01:27:00,payment,41.38,47.24,135.97,2528,0.28,0
2026-06-04 01:30:00,notification,49.17,57.61,236.22,3450,2.82,0
2026-06-04 01:30:00,payment,33.6,36.48,271.16,2313,1.57,0
2026-06-04 01:30:00,order,44.15,56.45,251.94,3007,2.61,0
2026-06-04 01:33:00,notification,37.17,51.05,246.64,2736,1.02,0
2026-06-04 01:33:00,payment,31.74,43.05,112.1,2457,2.86,0
2026-06-04 01:33:00,order,44.55,51.9,180.33,2913,0.86,1
2026-06-04 01:36:00,notification,44.55,51.35,264.26,2934,1.71,0
2026-06-04 01:36:00,payment,31.42,50.32,149.9,3102,1.06,0
2026-06-04 01:36:00,order,37.38,47.14,222.42,2525,1.76,0
2026-06-04 01:39:00,notification,35.34,49.14,269.48,2917,1.62,0
2026-06-04 01:39:00,payment,35.62,50.68,212.9,2606,0.69,0
2026-06-04 01:39:00,order,40.8,39.68,154.75,3343,1.61,0
2026-06-04 01:42:00,notification,56.07,55.71,206.4,3027,3.13,0
2026-06-04 01:42:00,order,36.64,42.98,172.96,2039,1.41,0
2026-06-04 01:42:00,payment,38.36,50.75,113.76,2481,0.0,0
2026-06-04 01:45:00,order,34.03,46.2,146.62,2619,1.56,1
2026-06-04 01:45:00,notification,43.67,45.24,347.62,3425,3.61,0
2026-06-04 01:45:00,payment,44.32,54.8,167.94,2039,1.27,0
2026-06-04 01:48:00,order,43.55,37.69,83.51,2434,0.91,0
2026-06-04 01:48:00,notification,49.2,53.61,278.89,3577,2.56,0
2026-06-04 01:48:00,payment,35.79,53.77,184.51,2397,2.52,0
2026-06-04 01:51:00,order,37.17,40.57,149.92,2243,2.42,0
2026-06-04 01:51:00,notification,44.83,58.11,322.69,2307,2.25,0
2026-06-04 01:51:00,payment,55.05,56.26,274.77,2565,3.49,1
2026-06-04 01:54:00,order,34.29,41.82,71.43,2107,1.58,0
2026-06-04 01:54:00,notification,44.47,51.27,174.54,3725,1.79,0
2026-06-04 01:54:00,payment,37.59,47.78,200.38,2696,3.04,0
2026-06-04 01:57:00,notification,52.1,58.7,425.79,3543,5.03,0
2026-06-04 01:57:00,payment,40.07,45.07,160.6,2585,1.83,0
2026-06-04 01:57:00,order,31.29,27.57,126.8,1859,0.0,0
2026-06-04 02:00:00,payment,40.13,52.6,314.82,3742,2.24,0
2026-06-04 02:00:00,order,36.18,44.32,68.71,2629,2.87,0
2026-06-04 02:00:00,notification,54.39,53.95,200.38,3337,2.91,0
2026-06-04 02:03:00,payment,53.63,56.35,287.44,3457,3.87,0
2026-06-04 02:03:00,order,32.73,46.8,92.24,1756,0.0,0
2026-06-04 02:03:00,notification,50.04,50.26,439.43,3872,4.91,0
2026-06-04 02:06:00,payment,61.48,58.56,285.58,3661,1.24,0
2026-06-04 02:06:00,order,31.45,43.38,30.0,855,0.55,0
2026-06-04 02:06:00,notification,51.86,58.03,262.01,3394,3.48,1
2026-06-04 02:09:00,order,34.2,51.05,151.14,2702,4.13,0
2026-06-04 02:09:00,notification,50.92,61.79,336.1,3627,3.23,0
2026-06-04 02:09:00,payment,38.19,57.45,401.69,3588,2.02,1
2026-06-04 02:12:00,notification,40.5,51.48,286.47,3446,0.73,0
2026-06-04 02:12:00,payment,47.13,54.11,313.62,2793,4.69,0
2026-06-04 02:12:00,order,46.03,48.8,277.9,2635,2.41,0
2026-06-04 02:15:00,notification,48.01,56.84,251.34,3781,3.95,0
2026-06-04 02:15:00,payment,58.34,59.96,415.32,3012,1.68,0
2026-06-04 02:15:00,order,35.97,59.19,244.08,3018,0.67,1
2026-06-04 02:18:00,notification,44.92,54.12,253.14,2735,0.09,0
2026-06-04 02:18:00,payment,39.26,59.95,372.08,3381,2.34,0
2026-06-04 02:18:00,order,43.68,43.72,264.18,2246,1.7,0
2026-06-04 02:21:00,notification,49.09,50.01,314.13,3383,1.78,0
2026-06-04 02:21:00,payment,53.34,59.73,411.58,3835,3.55,1
2026-06-04 02:21:00,order,40.88,49.32,181.46,2868,2.34,0
2026-06-04 02:24:00,payment,53.11,51.66,304.58,3182,2.08,0
2026-06-04 02:24:00,order,50.28,50.37,237.47,3325,2.26,0
2026-06-04 02:24:00,notification,44.74,53.72,221.56,2559,0.0,1
2026-06-04 02:27:00,order,53.78,57.05,407.07,3932,2.39,1
2026-06-04 02:27:00,notification,37.86,43.64,235.3,1665,2.07,0
2026-06-04 02:27:00,payment,47.15,48.41,277.37,3027,3.52,0
2026-06-04 02:30:00,order,56.34,59.02,449.82,4881,2.69,1
2026-06-04 02:30:00,notification,36.69,37.23,168.33,2535,0.16,0
2026-06-04 02:30:00,payment,50.36,48.61,279.72,3317,4.04,0
2026-06-04 02:33:00,order,54.08,54.03,328.33,3624,1.2,0
2026-06-04 02:33:00,notification,33.05,38.72,141.18,1698,1.29,0
2026-06-04 02:33:00,payment,55.88,48.01,241.14,3094,2.48,1
2026-06-04 02:36:00,order,60.93,53.33,492.99,3944,2.23,0
2026-06-04 02:36:00,payment,57.06,52.75,126.73,3544,3.58,0
2026-06-04 02:36:00,notification,29.98,40.87,228.95,2394,0.0,0
2026-06-04 02:39:00,payment,43.5,52.8,277.64,3359,0.56,0
2026-06-04 02:39:00,order,57.8,53.35,323.81,3655,4.4,0
2026-06-04 02:39:00,notification,41.42,38.71,160.92,2337,1.7,0
2026-06-04 02:42:00,payment,38.23,41.06,216.52,2586,1.13,0
2026-06-04 02:42:00,order,43.15,45.07,325.82,4209,1.57,0
2026-06-04 02:42:00,notification,36.57,38.51,66.11,1645,1.56,0
2026-06-04 02:45:00,payment,35.7,45.44,248.83,2765,4.18,0
2026-06-04 02:45:00,order,48.68,61.35,321.25,3527,3.52,0
2026-06-04 02:45:00,notification,49.55,39.66,95.24,2950,0.0,0
2026-06-04 02:48:00,payment,44.96,47.38,167.6,2667,3.37,0
2026-06-04 02:48:00,order,50.41,53.08,384.31,3912,5.26,0
2026-06-04 02:48:00,notification,37.48,44.37,285.18,2439,0.37,0
2026-06-04 02:51:00,order,58.68,57.04,496.6,4252,4.77,1
2026-06-04 02:51:00,notification,38.54,49.72,209.18,2631,3.06,0
2026-06-04 02:51:00,payment,32.78,43.28,236.59,2932,0.0,0
2026-06-04 02:54:00,notification,26.11,41.45,179.14,2153,1.38,0
2026-06-04 02:54:00,payment,37.29,48.08,88.83,3186,1.0,0
2026-06-04 02:54:00,order,48.97,51.87,411.06,3595,4.99,1
2026-06-04 02:57:00,notification,54.83,42.37,165.49,2463,2.33,1
2026-06-04 02:57:00,payment,42.4,46.9,136.21,2834,1.53,0
2026-06-04 02:57:00,order,45.39,57.18,398.76,4155,1.84,0
2026-06-04 03:00:00,notification,47.49,45.53,151.61,3289,0.0,0
2026-06-04 03:00:00,payment,36.38,42.79,30.0,3056,1.58,0
2026-06-04 03:00:00,order,47.08,53.92,385.71,4017,3.89,0
2026-06-04 03:03:00,payment,40.65,46.32,165.12,2078,2.56,0
2026-06-04 03:03:00,order,50.24,41.85,172.85,3073,3.86,1
2026-06-04 03:03:00,notification,50.36,51.05,383.49,2986,1.8,0
2026-06-04 03:06:00,order,56.79,59.31,432.42,4214,4.63,1
2026-06-04 03:06:00,notification,54.86,48.24,174.32,3335,3.05,0
2026-06-04 03:06:00,payment,53.85,47.58,121.42,2232,3.18,1
2026-06-04 03:09:00,order,42.74,51.66,341.96,4256,3.88,0
2026-06-04 03:09:00,notification,44.99,42.09,182.18,2905,0.86,0
2026-06-04 03:09:00,payment,42.37,45.3,169.58,2133,1.6,0
2026-06-04 03:12:00,order,45.41,53.99,308.17,3280,1.06,1
2026-06-04 03:12:00,notification,41.09,45.02,240.29,3620,1.16,0
2026-06-04 03:12:00,payment,41.85,49.49,263.22,3195,3.11,0
2026-06-04 03:15:00,order,36.33,57.6,367.47,4027,3.13,1
2026-06-04 03:15:00,notification,51.07,51.18,235.78,3117,1.98,0
2026-06-04 03:15:00,payment,50.32,52.84,214.07,3367,2.5,0
2026-06-04 03:18:00,notification,47.22,52.2,278.15,3514,1.62,0
2026-06-04 03:18:00,payment,47.31,48.08,178.47,2263,1.97,0
2026-06-04 03:18:00,order,29.17,44.97,213.15,3135,2.2,0
2026-06-04 03:21:00,payment,49.14,39.06,343.26,2783,0.0,1
2026-06-04 03:21:00,order,42.89,46.66,219.31,2732,0.96,0
2026-06-04 03:21:00,notification,34.91,51.32,308.1,3235,3.73,0
2026-06-04 03:24:00,payment,42.3,40.35,198.19,3036,2.53,0
2026-06-04 03:24:00,order,45.25,45.9,162.69,3494,0.87,0
2026-06-04 03:24:00,notification,57.52,61.85,377.14,3643,3.37,0
2026-06-04 03:27:00,payment,45.82,51.02,222.84,3660,2.99,0
2026-06-04 03:27:00,order,40.42,51.34,86.65,2669,1.61,0
2026-06-04 03:27:00,notification,42.32,55.68,315.79,3636,2.6,0
2026-06-04 03:30:00,payment,36.87,46.74,251.99,2990,2.78,0
2026-06-04 03:30:00,order,56.56,53.27,247.35,3568,1.02,0
2026-06-04 03:30:00,notification,44.64,45.18,339.49,3257,5.17,1
2026-06-04 03:33:00,payment,37.91,51.64,282.81,3784,1.14,0
2026-06-04 03:33:00,notification,52.9,50.62,251.44,4311,2.33,0
2026-06-04 03:33:00,order,36.7,52.53,259.83,3418,1.64,0
2026-06-04 03:36:00,notification,38.68,57.68,388.65,4083,3.61,0
2026-06-04 03:36:00,payment,37.92,62.81,305.5,3620,4.93,0
2026-06-04 03:36:00,order,31.61,44.18,270.61,2393,2.84,0
2026-06-04 03:39:00,notification,48.4,50.09,284.31,3878,1.3,0
2026-06-04 03:39:00,payment,53.24,49.3,431.96,4070,3.2,0
2026-06-04 03:39:00,order,38.87,55.42,194.49,3422,3.2,0
2026-06-04 03:42:00,notification,46.19,45.84,227.44,3639,1.79,0
2026-06-04 03:42:00,payment,36.99,49.88,248.8,3159,0.51,0
2026-06-04 03:42:00,order,26.69,50.81,268.42,2690,1.66,0
2026-06-04 03:45:00,notification,51.48,55.67,313.76,3125,2.74,0
2026-06-04 03:45:00,payment,48.6,58.49,308.71,2921,0.0,0
2026-06-04 03:45:00,order,36.0,42.82,123.12,2467,0.56,0
2026-06-04 03:48:00,payment,42.69,51.09,189.91,3368,2.28,0
2026-06-04 03:48:00,order,43.75,47.91,182.36,1661,0.0,0
2026-06-04 03:48:00,notification,47.17,47.75,147.46,3377,2.45,0
2026-06-04 03:51:00,order,39.77,48.16,163.66,2686,0.0,0
2026-06-04 03:51:00,notification,49.17,46.56,314.23,3723,0.78,0
2026-06-04 03:51:00,payment,39.88,46.22,226.42,2717,2.16,0
2026-06-04 03:54:00,order,43.89,56.09,178.26,2064,2.44,0
2026-06-04 03:54:00,notification,55.46,51.07,337.79,4320,1.31,0
2026-06-04 03:54:00,payment,40.57,50.9,322.06,3374,1.4,0
2026-06-04 03:57:00,order,45.35,51.52,251.12,2539,1.79,0
2026-06-04 03:57:00,notification,58.62,63.57,307.79,4097,2.91,0
2026-06-04 03:57:00,payment,48.79,53.35,323.61,3698,2.42,0
2026-06-04 04:00:00,notification,47.17,49.53,444.1,3646,3.31,0
2026-06-04 04:00:00,payment,35.54,55.71,267.64,2639,1.99,0
2026-06-04 04:00:00,order,41.8,50.5,375.37,2620,1.6,0
2026-06-04 04:03:00,payment,32.2,42.68,147.92,2000,1.11,0
2026-06-04 04:03:00,order,42.58,51.0,226.2,2488,2.17,0
2026-06-04 04:03:00,notification,47.66,57.36,461.4,4672,1.35,0
2026-06-04 04:06:00,payment,39.5,36.68,116.03,2102,0.0,0
2026-06-04 04:06:00,order,46.57,49.78,254.37,3263,2.5,0
2026-06-04 04:06:00,notification,48.01,57.69,312.1,3626,6.32,0
2026-06-04 04:09:00,payment,36.16,34.98,30.0,2584,1.74,0
2026-06-04 04:09:00,order,31.86,51.64,192.03,3708,0.04,0
2026-06-04 04:09:00,notification,59.21,63.37,512.26,4075,4.58,1
2026-06-04 04:12:00,payment,34.16,43.69,128.6,2692,1.71,0
2026-06-04 04:12:00,order,22.33,43.69,260.39,2571,0.73,0
2026-06-04 04:12:00,notification,51.81,54.25,447.08,3201,1.26,0
2026-06-04 04:15:00,order,38.28,48.15,170.49,2545,1.51,0
2026-06-04 04:15:00,notification,48.86,53.19,312.45,3911,3.93,0
2026-06-04 04:15:00,payment,40.13,36.74,212.03,2538,1.45,0
2026-06-04 04:18:00,notification,56.43,59.34,335.43,3575,0.91,1
2026-06-04 04:18:00,payment,40.85,45.28,247.93,1802,0.24,0
2026-06-04 04:18:00,order,36.26,34.86,147.61,2062,0.94,0
2026-06-04 04:21:00,notification,54.24,68.39,403.91,3641,1.8,1
2026-06-04 04:21:00,payment,47.26,46.58,245.32,2933,0.25,0
2026-06-04 04:21:00,order,42.95,44.79,34.75,2068,1.88,0
2026-06-04 04:24:00,notification,61.01,53.81,260.93,3825,3.76,0
2026-06-04 04:24:00,payment,40.05,56.49,352.34,2953,1.94,0
2026-06-04 04:24:00,order,34.56,43.51,77.58,1591,1.29,0
2026-06-04 04:27:00,notification,95.88,89.55,2009.91,8065,23.87,1
2026-06-04 04:27:00,payment,52.27,44.26,159.97,2655,2.24,0
2026-06-04 04:27:00,order,36.56,46.47,74.65,2396,0.0,0
2026-06-04 04:30:00,notification,90.11,98.87,1551.14,7955,18.42,1
2026-06-04 04:30:00,order,34.49,45.2,120.5,1778,0.0,0
2026-06-04 04:30:00,payment,39.2,51.18,175.13,3617,2.74,0
2026-06-04 04:33:00,order,31.65,45.95,99.13,2318,1.03,0
2026-06-04 04:33:00,notification,76.91,78.32,1221.09,6810,15.62,1
2026-06-04 04:33:00,payment,54.27,43.08,222.04,2753,2.54,0
2026-06-04 04:36:00,order,38.32,44.93,153.68,3108,0.0,0
2026-06-04 04:36:00,notification,62.32,74.86,1124.5,6304,12.0,1
2026-06-04 04:36:00,payment,45.09,52.85,202.74,4221,1.52,0
2026-06-04 04:39:00,order,42.7,38.73,128.27,2607,1.44,0
2026-06-04 04:39:00,notification,70.77,76.64,969.81,5785,11.02,1
2026-06-04 04:39:00,payment,53.93,48.59,355.97,3479,1.65,0
2026-06-04 04:42:00,order,37.96,44.09,113.47,2265,2.58,0
2026-06-04 04:42:00,notification,65.36,74.2,796.66,5458,9.27,1
2026-06-04 04:42:00,payment,50.35,49.82,282.89,2986,1.99,0
2026-06-04 04:45:00,notification,54.43,67.28,677.57,4712,8.51,1
2026-06-04 04:45:00,payment,58.42,67.74,401.77,4234,3.14,1
2026-06-04 04:45:00,order,45.68,47.33,167.87,2700,0.0,0
2026-06-04 04:48:00,payment,43.54,58.85,284.91,3948,3.84,0
2026-06-04 04:48:00,order,47.91,57.69,231.4,3292,3.03,0
2026-06-04 04:48:00,notification,58.45,66.51,504.94,4723,5.76,1
2026-06-04 04:51:00,payment,56.99,55.2,342.15,4048,2.35,0
2026-06-04 04:51:00,order,43.85,54.04,323.78,3508,3.69,0
2026-06-04 04:51:00,notification,61.85,53.8,446.13,5522,2.77,1
2026-06-04 04:54:00,payment,83.77,90.58,831.63,5867,10.38,1
2026-06-04 04:54:00,order,57.35,56.51,288.67,3150,3.3,1
2026-06-04 04:54:00,notification,49.84,56.51,309.21,4115,5.24,0
2026-06-04 04:57:00,payment,64.77,64.62,767.1,5689,10.38,1
2026-06-04 04:57:00,notification,52.86,61.28,323.6,4102,2.43,0
2026-06-04 04:57:00,order,55.05,55.66,274.6,3784,2.91,0
2026-06-04 05:00:00,notification,45.23,42.81,278.09,3934,2.44,0
2026-06-04 05:00:00,payment,67.55,75.89,783.02,5185,10.21,1
2026-06-04 05:00:00,order,48.32,55.89,283.12,3976,0.0,0
2026-06-04 05:03:00,notification,45.26,45.6,256.71,2672,0.9,0
2026-06-04 05:03:00,payment,60.51,59.27,597.03,4882,5.79,0
2026-06-04 05:03:00,order,51.4,58.49,145.69,3639,2.48,0
2026-06-04 05:06:00,notification,47.12,59.57,255.72,4273,2.43,0
2026-06-04 05:06:00,payment,61.35,65.53,650.32,5139,8.53,1
2026-06-04 05:06:00,order,54.78,52.12,519.49,3928,3.2,0
2026-06-04 05:09:00,notification,48.42,52.96,236.21,3470,2.38,0
2026-06-04 05:09:00,payment,71.99,58.57,592.46,4665,4.8,1
2026-06-04 05:09:00,order,49.68,61.0,415.98,4238,4.64,0
2026-06-04 05:12:00,payment,53.4,64.65,651.97,5167,4.84,0
2026-06-04 05:12:00,order,52.93,58.28,446.47,3367,5.04,1
2026-06-04 05:12:00,notification,53.17,51.89,354.93,4125,2.83,0
2026-06-04 05:15:00,order,45.88,59.73,329.84,3671,2.49,0
2026-06-04 05:15:00,notification,62.44,58.8,373.86,3555,5.39,1
2026-06-04 05:15:00,payment,55.68,65.25,533.45,4720,5.62,1
2026-06-04 05:18:00,order,51.07,65.02,393.44,3986,1.14,0
2026-06-04 05:18:00,notification,49.01,59.66,372.69,4105,2.02,0
2026-06-04 05:18:00,payment,68.49,61.32,550.51,4593,5.07,1
2026-06-04 05:21:00,order,56.62,45.21,271.12,3094,0.99,0
2026-06-04 05:21:00,notification,50.18,52.19,307.18,4167,2.96,0
2026-06-04 05:21:00,payment,56.46,63.14,323.66,3670,4.18,1
2026-06-04 05:24:00,order,55.72,62.03,377.74,3867,4.64,0
2026-06-04 05:24:00,notification,59.93,57.69,343.96,4037,1.04,1
2026-06-04 05:24:00,payment,62.81,52.62,303.66,4155,2.95,0
2026-06-04 05:27:00,order,55.48,56.6,276.14,3220,3.2,0
2026-06-04 05:27:00,payment,48.7,58.21,379.14,3615,3.86,0
2026-06-04 05:27:00,notification,50.76,51.88,374.46,3571,2.77,1
2026-06-04 05:30:00,payment,52.9,61.3,364.69,4418,2.81,0
2026-06-04 05:30:00,order,56.16,51.45,266.99,4050,1.16,0
2026-06-04 05:30:00,notification,54.95,62.79,371.62,3241,4.5,0
2026-06-04 05:33:00,payment,43.73,46.02,293.87,3909,2.78,0
2026-06-04 05:33:00,order,45.49,51.24,251.54,3571,0.74,0
2026-06-04 05:33:00,notification,43.9,44.98,231.3,3682,4.0,0
2026-06-04 05:36:00,payment,44.78,46.5,255.2,2897,1.77,0
2026-06-04 05:36:00,order,41.94,49.36,407.35,3544,2.87,0
2026-06-04 05:36:00,notification,50.95,53.54,320.85,3809,4.42,0
2026-06-04 05:39:00,payment,32.69,50.02,197.42,3025,0.0,0
2026-06-04 05:39:00,order,47.86,56.91,247.44,3906,2.7,0
2026-06-04 05:39:00,notification,56.02,61.42,394.44,3716,2.91,0
2026-06-04 05:42:00,order,48.9,49.68,343.83,3721,4.66,0
2026-06-04 05:42:00,notification,56.3,64.11,246.17,3891,2.12,1
2026-06-04 05:42:00,payment,47.53,52.97,281.25,2832,2.18,0
2026-06-04 05:45:00,notification,41.87,51.42,347.22,3124,0.94,0
2026-06-04 05:45:00,payment,42.82,54.77,176.79,2966,1.37,0
2026-06-04 05:45:00,order,55.28,62.44,235.18,4052,2.98,0
2026-06-04 05:48:00,notification,48.76,65.61,214.45,2885,1.76,0
2026-06-04 05:48:00,payment,40.34,46.42,186.85,2649,0.37,0
2026-06-04 05:48:00,order,57.57,62.65,429.03,4329,4.36,0
2026-06-04 05:51:00,notification,44.95,46.16,209.76,3447,3.4,0
2026-06-04 05:51:00,payment,37.92,45.57,209.48,2515,0.67,0
2026-06-04 05:51:00,order,61.7,61.29,557.21,3993,4.16,0
2026-06-04 05:54:00,payment,38.46,45.8,247.58,3084,1.18,0
2026-06-04 05:54:00,order,44.18,50.51,497.93,5033,5.37,0
2026-06-04 05:54:00,notification,34.82,53.81,208.32,2459,2.8,0
2026-06-04 05:57:00,order,49.36,52.28,295.24,4675,5.91,1
2026-06-04 05:57:00,notification,45.12,50.94,233.95,3690,1.96,0
2026-06-04 05:57:00,payment,51.34,54.47,320.87,2772,1.9,0
2026-06-04 06:00:00,order,52.2,57.31,392.52,4198,4.58,0
2026-06-04 06:00:00,notification,49.87,67.27,319.84,3520,3.47,1
2026-06-04 06:00:00,payment,40.15,51.51,304.65,3396,4.35,0
2026-06-04 06:03:00,order,56.54,58.36,381.47,4185,6.04,0
2026-06-04 06:03:00,notification,56.99,58.68,489.74,3737,3.53,0
2026-06-04 06:03:00,payment,49.8,51.25,306.38,3638,4.66,0
2026-06-04 06:06:00,order,64.9,62.06,454.95,4282,3.99,1
2026-06-04 06:06:00,notification,46.94,52.08,433.24,3810,2.65,0
2026-06-04 06:06:00,payment,60.2,53.01,275.72,3543,0.0,0
2026-06-04 06:09:00,notification,53.0,63.66,331.56,4274,3.65,0
2026-06-04 06:09:00,payment,55.06,54.88,204.68,3696,2.63,0
2026-06-04 06:09:00,order,47.48,43.65,396.28,4594,1.69,0
2026-06-04 06:12:00,payment,34.91,47.44,149.88,2927,2.83,0
2026-06-04 06:12:00,order,46.66,52.36,266.59,4591,2.02,0
2026-06-04 06:12:00,notification,49.44,52.65,362.48,2841,3.56,0
2026-06-04 06:15:00,payment,39.4,45.28,117.05,2752,1.23,0
2026-06-04 06:15:00,order,53.47,64.66,453.67,4161,5.3,1
2026-06-04 06:15:00,notification,53.01,48.14,280.97,3925,5.38,0
2026-06-04 06:18:00,payment,44.84,51.04,318.94,2455,2.56,0
2026-06-04 06:18:00,order,51.37,58.65,416.23,4778,3.98,0
2026-06-04 06:18:00,notification,48.03,54.54,291.78,4298,3.02,0
2026-06-04 06:21:00,payment,40.27,32.38,60.04,2565,3.21,0
2026-06-04 06:21:00,notification,43.82,62.72,374.08,4117,4.27,1
2026-06-04 06:21:00,order,50.22,57.75,321.6,4293,4.18,0
2026-06-04 06:24:00,notification,59.56,58.03,401.2,4089,2.55,0
2026-06-04 06:24:00,payment,34.38,46.25,290.97,3739,0.0,0
2026-06-04 06:24:00,order,54.01,50.48,400.23,3489,2.72,0
2026-06-04 06:27:00,notification,49.09,55.5,443.31,3983,3.5,0
2026-06-04 06:27:00,payment,48.35,46.28,217.89,3414,2.19,0
2026-06-04 06:27:00,order,64.33,67.81,520.85,4974,6.77,1
2026-06-04 06:30:00,notification,59.32,57.67,247.19,3447,3.25,0
2026-06-04 06:30:00,payment,42.75,55.32,291.03,2722,3.86,0
2026-06-04 06:30:00,order,54.93,56.52,443.98,4771,5.66,0
2026-06-04 06:33:00,notification,51.6,44.81,351.65,3892,3.99,0
2026-06-04 06:33:00,payment,55.76,48.34,108.2,2711,0.25,0
2026-06-04 06:33:00,order,46.91,62.61,436.99,4343,3.0,0
2026-06-04 06:36:00,payment,43.38,48.27,235.48,2542,1.7,0
2026-06-04 06:36:00,order,53.14,66.37,406.63,4128,3.58,0
2026-06-04 06:36:00,notification,54.48,73.13,553.57,4290,4.37,0
2026-06-04 06:39:00,order,48.42,65.91,340.74,4386,5.47,1
2026-06-04 06:39:00,notification,58.54,59.24,301.96,5724,4.83,1
2026-06-04 06:39:00,payment,53.92,52.53,368.39,3065,1.65,0
2026-06-04 06:42:00,order,58.73,57.62,341.29,4314,4.72,0
2026-06-04 06:42:00,notification,62.69,67.67,496.8,5194,5.0,0
2026-06-04 06:42:00,payment,40.11,50.47,337.41,3788,3.6,0
2026-06-04 06:45:00,order,60.2,54.12,360.77,4107,1.16,0
2026-06-04 06:45:00,notification,58.29,70.26,509.71,4604,4.73,0
2026-06-04 06:45:00,payment,38.5,48.86,225.91,2985,3.23,0
2026-06-04 06:48:00,notification,53.0,54.74,461.54,3932,2.76,0
2026-06-04 06:48:00,payment,46.93,49.61,100.4,2550,1.68,1
2026-06-04 06:48:00,order,41.25,53.32,424.02,4311,3.8,0
2026-06-04 06:51:00,payment,50.72,48.38,160.11,2768,1.76,0
2026-06-04 06:51:00,order,52.77,66.4,362.52,4257,3.71,0
2026-06-04 06:51:00,notification,51.78,50.7,419.52,4085,3.52,0
2026-06-04 06:54:00,payment,42.46,51.72,386.39,3797,0.37,0
2026-06-04 06:54:00,order,51.0,59.12,445.97,4109,4.44,0
2026-06-04 06:54:00,notification,41.76,65.53,395.16,3985,3.29,0
2026-06-04 06:57:00,payment,43.33,44.56,203.99,2963,3.27,1
2026-06-04 06:57:00,order,57.23,66.45,467.68,4479,3.51,1
2026-06-04 06:57:00,notification,52.49,48.4,371.04,3508,3.77,0
2026-06-04 07:00:00,payment,37.3,45.88,255.73,3004,1.53,0
2026-06-04 07:00:00,order,58.46,65.39,533.88,4495,4.18,0
2026-06-04 07:00:00,notification,41.37,50.47,252.51,2939,1.92,0
2026-06-04 07:03:00,order,48.95,59.25,599.93,4549,0.88,0
2026-06-04 07:03:00,notification,42.95,48.2,330.21,2635,1.38,1
2026-06-04 07:03:00,payment,48.76,55.56,349.61,3590,2.6,0
2026-06-04 07:06:00,notification,42.66,36.18,242.83,3350,2.54,1
2026-06-04 07:06:00,payment,55.01,56.91,257.16,4612,3.97,0
2026-06-04 07:06:00,order,65.07,60.73,500.07,3824,4.06,1
2026-06-04 07:09:00,notification,48.93,51.42,324.35,3176,0.5,0
2026-06-04 07:09:00,payment,49.35,49.9,398.16,4429,3.49,0
2026-06-04 07:09:00,order,52.23,63.96,382.19,4840,1.18,0
2026-06-04 07:12:00,notification,44.25,50.78,213.18,3187,2.2,0
2026-06-04 07:12:00,payment,48.9,59.52,317.85,4361,4.1,0
2026-06-04 07:12:00,order,50.88,58.67,412.28,3817,3.03,0
2026-06-04 07:15:00,notification,46.23,54.14,158.63,2459,0.69,0
2026-06-04 07:15:00,payment,43.83,59.72,364.61,3095,3.66,0
2026-06-04 07:15:00,order,54.73,56.52,376.53,3959,4.25,0
2026-06-04 07:18:00,notification,48.35,49.07,176.15,3655,0.44,0
2026-06-04 07:18:00,order,53.53,58.76,435.13,4706,3.74,1
2026-06-04 07:18:00,payment,43.01,57.63,246.25,3336,2.43,0
2026-06-04 07:21:00,order,61.0,67.23,514.24,4483,7.88,0
2026-06-04 07:21:00,notification,40.72,48.57,245.16,2742,2.11,0
2026-06-04 07:21:00,payment,52.43,50.01,113.22,2598,1.76,0
2026-06-04 07:24:00,order,49.23,61.48,524.22,4700,7.98,1
2026-06-04 07:24:00,notification,42.9,56.14,253.01,3824,0.0,0
2026-06-04 07:24:00,payment,46.62,55.34,243.77,3537,0.71,0
2026-06-04 07:27:00,order,43.1,64.48,562.04,4578,4.96,1
2026-06-04 07:27:00,notification,47.56,59.14,340.7,3615,3.32,0
2026-06-04 07:27:00,payment,38.83,61.95,287.25,3599,1.65,0
2026-06-04 07:30:00,order,48.95,72.15,503.62,4904,4.7,0
2026-06-04 07:30:00,notification,55.64,50.64,402.0,3778,3.21,0
2026-06-04 07:30:00,payment,43.22,49.74,276.35,3334,3.17,0
2026-06-04 07:33:00,notification,55.59,47.41,443.86,4050,2.63,0
2026-06-04 07:33:00,payment,33.34,44.17,223.28,2620,0.45,0
2026-06-04 07:33:00,order,50.79,61.35,349.16,4216,1.82,0
2026-06-04 07:36:00,payment,34.95,40.13,250.86,2500,0.41,0
2026-06-04 07:36:00,order,46.94,70.73,487.45,4374,4.96,1
2026-06-04 07:36:00,notification,58.03,70.06,470.68,4096,4.96,1
2026-06-04 07:39:00,payment,50.82,57.95,205.52,3187,0.44,0
2026-06-04 07:39:00,order,55.18,58.72,521.79,4159,3.27,0
2026-06-04 07:39:00,notification,57.16,70.51,593.18,4541,5.74,0
2026-06-04 07:42:00,payment,41.75,57.97,220.48,3222,1.67,0
2026-06-04 07:42:00,order,55.83,66.45,492.46,5559,3.16,0
2026-06-04 07:42:00,notification,65.02,59.58,575.97,4683,3.69,0
2026-06-04 07:45:00,order,60.19,70.59,654.47,4898,4.22,1
2026-06-04 07:45:00,notification,61.94,62.0,489.59,4589,6.21,0
2026-06-04 07:45:00,payment,56.81,46.92,229.38,3298,3.61,1
2026-06-04 07:48:00,notification,55.89,63.08,563.04,4867,5.97,0
2026-06-04 07:48:00,payment,47.54,50.15,358.78,3578,3.07,0
2026-06-04 07:48:00,order,60.86,68.35,535.2,4536,4.47,1
2026-06-04 07:51:00,notification,52.31,54.28,370.59,4663,3.2,0
2026-06-04 07:51:00,payment,49.82,53.79,353.57,3754,0.2,0
2026-06-04 07:51:00,order,65.33,66.06,461.63,3727,4.0,0
2026-06-04 07:54:00,notification,58.64,55.53,402.86,5146,3.43,0
2026-06-04 07:54:00,payment,55.32,62.75,330.46,3996,3.91,0
2026-06-04 07:54:00,order,59.05,60.95,476.9,4638,4.36,0
2026-06-04 07:57:00,notification,66.55,61.04,495.21,4940,6.73,1
2026-06-04 07:57:00,payment,40.16,54.19,376.82,4684,3.83,0
2026-06-04 07:57:00,order,48.42,63.49,329.8,3961,2.45,0
2026-06-04 08:00:00,payment,54.58,48.39,468.87,4343,4.21,1
2026-06-04 08:00:00,order,54.57,50.78,427.7,4380,3.06,1
2026-06-04 08:00:00,notification,48.13,55.37,373.26,4916,5.56,1
2026-06-04 08:03:00,order,56.95,62.19,343.95,3760,1.67,0
2026-06-04 08:03:00,notification,58.45,72.78,419.21,3636,3.08,0
2026-06-04 08:03:00,payment,53.3,69.26,362.97,4126,3.48,0
2026-06-04 08:06:00,order,45.69,52.66,407.4,4040,3.51,1
2026-06-04 08:06:00,notification,48.05,53.33,471.84,4495,4.96,1
2026-06-04 08:06:00,payment,65.81,62.78,487.12,4453,3.54,1
2026-06-04 08:09:00,order,45.61,63.34,330.11,3416,2.98,0
2026-06-04 08:09:00,notification,50.06,48.61,260.91,3948,2.08,0
2026-06-04 08:09:00,payment,65.86,66.18,704.12,4780,5.48,0
2026-06-04 08:12:00,order,44.7,63.33,360.73,4038,1.4,0
2026-06-04 08:12:00,notification,59.4,65.38,554.11,3827,5.1,1
2026-06-04 08:12:00,payment,49.0,59.27,505.06,4043,3.72,0
2026-06-04 08:15:00,order,47.63,61.43,384.53,3754,2.22,1
2026-06-04 08:15:00,payment,62.53,62.01,537.07,3960,4.42,1
2026-06-04 08:15:00,notification,55.99,57.77,452.62,4712,3.44,1
2026-06-04 08:18:00,payment,57.25,55.28,498.27,4898,4.1,1
2026-06-04 08:18:00,order,55.06,68.1,457.56,4084,4.12,1
2026-06-04 08:18:00,notification,51.04,62.41,466.57,3704,3.73,0
2026-06-04 08:21:00,payment,54.39,59.49,620.57,4502,4.14,1
2026-06-04 08:21:00,order,61.6,62.93,492.25,3233,4.44,1
2026-06-04 08:21:00,notification,50.74,58.13,464.29,3764,2.49,0
2026-06-04 08:24:00,payment,61.05,64.26,559.24,5119,6.38,0
2026-06-04 08:24:00,order,59.82,52.53,382.63,3848,2.41,0
2026-06-04 08:24:00,notification,60.02,57.12,468.89,3508,3.49,1
2026-06-04 08:27:00,payment,57.64,51.52,553.34,4664,6.5,1
2026-06-04 08:27:00,order,55.9,61.37,398.08,3918,2.74,0
2026-06-04 08:27:00,notification,49.03,53.57,352.17,3518,2.79,1
2026-06-04 08:30:00,order,55.69,50.52,322.42,4514,3.61,0
2026-06-04 08:30:00,notification,48.69,56.2,373.26,4045,1.76,1
2026-06-04 08:30:00,payment,66.81,60.29,620.73,4875,5.47,1
2026-06-04 08:33:00,notification,54.09,59.25,317.1,3022,1.49,0
2026-06-04 08:33:00,payment,60.31,60.56,499.75,4875,4.21,0
2026-06-04 08:33:00,order,56.65,58.57,275.5,3422,5.25,0
2026-06-04 08:36:00,notification,52.12,49.36,309.89,3244,2.39,0
2026-06-04 08:36:00,payment,58.7,60.19,497.68,4871,3.85,0
2026-06-04 08:36:00,order,57.24,57.12,459.86,4772,4.47,0
2026-06-04 08:39:00,notification,37.7,49.18,211.65,2974,0.78,0
2026-06-04 08:39:00,payment,62.75,58.84,439.4,4330,3.88,0
2026-06-04 08:39:00,order,62.08,62.18,371.07,4686,2.3,0
2026-06-04 08:42:00,notification,44.5,45.2,115.34,3246,0.96,0
2026-06-04 08:42:00,order,54.7,55.35,316.25,3852,4.57,1
2026-06-04 08:42:00,payment,64.13,56.81,552.57,4710,5.84,1
2026-06-04 08:45:00,order,57.54,56.47,391.15,5361,5.82,0
2026-06-04 08:45:00,notification,42.5,48.4,110.06,3093,0.88,0
2026-06-04 08:45:00,payment,60.52,51.2,423.83,4653,3.27,0
2026-06-04 08:48:00,order,52.51,62.08,458.23,4359,4.28,0
2026-06-04 08:48:00,notification,44.33,45.6,109.1,2561,0.52,0
2026-06-04 08:48:00,payment,66.02,62.45,558.8,3917,5.81,1
2026-06-04 08:51:00,order,55.77,65.56,463.64,4235,3.12,1
2026-06-04 08:51:00,notification,36.76,51.34,325.8,3286,2.06,0
2026-06-04 08:51:00,payment,68.79,66.69,608.62,6041,8.2,1
2026-06-04 08:54:00,order,54.47,60.49,363.64,4615,5.33,0
2026-06-04 08:54:00,notification,47.62,50.02,323.48,3671,3.9,0
2026-06-04 08:54:00,payment,60.46,56.5,579.61,5654,6.85,1
2026-06-04 08:57:00,notification,53.78,52.0,375.6,3795,3.38,0
2026-06-04 08:57:00,payment,67.53,64.24,525.09,5197,6.86,1
2026-06-04 08:57:00,order,50.52,73.48,575.38,4722,5.02,1
2026-06-04 09:00:00,payment,57.3,60.55,549.83,4898,5.51,0
2026-06-04 09:00:00,order,62.79,60.06,456.88,4590,4.47,1
2026-06-04 09:00:00,notification,47.92,54.66,440.32,3702,3.57,0
2026-06-04 09:03:00,payment,59.63,61.06,545.38,4981,3.6,0
2026-06-04 09:03:00,order,64.3,63.33,463.52,3875,5.2,1
2026-06-04 09:03:00,notification,53.91,48.96,544.19,4651,2.56,0
2026-06-04 09:06:00,payment,69.74,52.57,513.66,4615,6.09,0
2026-06-04 09:06:00,order,55.84,62.22,465.39,4209,4.32,0
2026-06-04 09:06:00,notification,48.03,57.04,541.6,4419,4.24,1
2026-06-04 09:09:00,payment,71.01,68.34,572.45,4901,6.12,1
2026-06-04 09:09:00,order,60.19,60.61,513.97,4756,5.06,0
2026-06-04 09:09:00,notification,60.27,57.89,475.03,3653,3.68,1
2026-06-04 09:12:00,payment,63.91,61.03,621.11,5619,6.52,0
2026-06-04 09:12:00,notification,62.57,60.63,445.95,4413,3.92,0
2026-06-04 09:12:00,order,59.98,66.02,378.27,4582,5.01,0
2026-06-04 09:15:00,notification,46.68,50.6,523.74,4693,3.49,0
2026-06-04 09:15:00,payment,60.98,67.29,714.7,4816,8.5,1
2026-06-04 09:15:00,order,51.13,52.62,372.8,4520,2.66,0
2026-06-04 09:18:00,notification,45.9,59.62,388.06,4422,6.93,0
2026-06-04 09:18:00,payment,74.72,64.83,669.43,5022,7.58,1
2026-06-04 09:18:00,order,52.46,46.12,377.04,3690,1.71,1
2026-06-04 09:21:00,notification,56.97,60.27,494.1,3722,3.26,0
2026-06-04 09:21:00,payment,63.62,60.9,514.42,4521,4.53,1
2026-06-04 09:21:00,order,50.69,56.44,362.32,3976,3.65,1
2026-06-04 09:24:00,notification,55.24,57.06,412.67,4980,4.66,0
2026-06-04 09:24:00,payment,64.91,72.16,665.35,5395,7.96,1
2026-06-04 09:24:00,order,44.07,51.87,294.79,3183,4.14,0
2026-06-04 09:27:00,payment,61.51,69.42,753.84,4832,6.29,0
2026-06-04 09:27:00,order,53.79,61.26,414.11,4239,0.22,1
2026-06-04 09:27:00,notification,56.14,59.09,400.1,4091,4.62,0
2026-06-04 09:30:00,order,54.58,50.41,336.32,3768,4.02,0
2026-06-04 09:30:00,notification,58.99,60.33,471.47,4554,4.73,1
2026-06-04 09:30:00,payment,67.64,74.28,722.96,5326,6.95,0
2026-06-04 09:33:00,order,52.14,55.13,315.43,3130,2.17,1
2026-06-04 09:33:00,notification,57.93,59.39,377.23,4338,4.64,0
2026-06-04 09:33:00,payment,61.44,66.83,589.19,4934,4.74,1
2026-06-04 09:36:00,order,45.66,53.74,248.86,3290,1.32,0
2026-06-04 09:36:00,notification,67.28,59.54,473.09,4447,8.28,0
2026-06-04 09:36:00,payment,55.15,65.09,554.94,4309,4.28,0
2026-06-04 09:39:00,notification,63.39,59.85,451.26,4508,2.88,0
2026-06-04 09:39:00,payment,60.39,54.62,426.68,3790,4.54,1
2026-06-04 09:39:00,order,39.82,54.48,368.46,2740,1.43,0
2026-06-04 09:42:00,payment,61.22,61.94,479.3,4356,6.17,0
2026-06-04 09:42:00,order,51.0,55.83,157.11,3338,2.83,0
2026-06-04 09:42:00,notification,67.67,54.99,493.58,4009,4.95,0
2026-06-04 09:45:00,payment,58.17,63.08,549.93,4957,4.47,1
2026-06-04 09:45:00,order,44.82,54.62,399.55,3524,3.46,0
2026-06-04 09:45:00,notification,68.99,49.52,510.43,4269,5.36,0
2026-06-04 09:48:00,payment,68.63,72.68,607.33,5347,4.46,1
2026-06-04 09:48:00,order,46.85,56.8,329.75,4984,1.87,0
2026-06-04 09:48:00,notification,53.28,57.92,541.91,4497,2.8,0
2026-06-04 09:51:00,payment,65.91,59.78,418.23,4809,5.32,1
2026-06-04 09:51:00,order,51.27,61.41,553.34,3964,4.25,1
2026-06-04 09:51:00,notification,63.48,58.29,607.36,4998,2.93,1
2026-06-04 09:54:00,order,42.22,57.14,414.48,3912,5.07,0
2026-06-04 09:54:00,notification,56.59,60.5,410.25,3754,5.64,0
2026-06-04 09:54:00,payment,66.87,66.06,640.69,5164,5.14,1
2026-06-04 09:57:00,notification,47.23,63.02,550.54,5090,5.48,1
2026-06-04 09:57:00,payment,59.33,65.81,603.22,4663,5.86,1
2026-06-04 09:57:00,order,53.62,52.78,487.92,4667,4.85,0
2026-06-04 10:00:00,notification,61.52,59.03,565.08,4945,3.66,1
2026-06-04 10:00:00,payment,64.94,69.98,580.27,4514,7.22,1
2026-06-04 10:00:00,order,57.78,56.77,408.15,4480,1.78,0
2026-06-04 10:03:00,notification,57.61,65.62,635.28,5246,7.66,1
2026-06-04 10:03:00,payment,57.1,60.32,434.74,4594,4.58,0
2026-06-04 10:03:00,order,51.96,57.95,469.67,4636,4.69,0
2026-06-04 10:06:00,notification,61.62,69.48,598.61,5261,5.89,1
2026-06-04 10:06:00,order,64.45,58.01,512.28,4310,2.93,0
2026-06-04 10:06:00,payment,51.15,66.77,528.81,4568,6.89,1
2026-06-04 10:09:00,order,64.58,59.66,474.78,4017,4.84,1
2026-06-04 10:09:00,notification,54.62,63.92,554.25,4513,7.18,1
2026-06-04 10:09:00,payment,56.69,49.1,418.65,4378,3.34,0
2026-06-04 10:12:00,order,64.98,64.44,597.54,5836,4.53,0
2026-06-04 10:12:00,notification,67.4,58.58,537.41,4199,7.44,1
2026-06-04 10:12:00,payment,56.47,52.05,436.35,4486,5.4,0
2026-06-04 10:15:00,order,48.62,62.67,365.63,5039,6.11,0
2026-06-04 10:15:00,notification,54.36,61.34,632.01,4052,5.23,1
2026-06-04 10:15:00,payment,68.11,46.13,412.46,4519,2.74,0
2026-06-04 10:18:00,order,67.79,67.43,501.14,4810,4.48,1
2026-06-04 10:18:00,notification,57.91,69.13,756.76,4902,4.04,0
2026-06-04 10:18:00,payment,62.74,62.7,368.72,3975,3.89,0
2026-06-04 10:21:00,notification,68.67,57.93,506.39,5125,5.25,1
2026-06-04 10:21:00,payment,59.06,62.81,439.93,4674,2.85,0
2026-06-04 10:21:00,order,60.28,69.64,608.66,5313,4.88,0
2026-06-04 10:24:00,payment,60.34,67.35,599.51,5496,4.19,1
2026-06-04 10:24:00,order,74.48,55.68,715.71,4761,7.52,1
2026-06-04 10:24:00,notification,63.94,68.82,625.02,4657,3.94,1
2026-06-04 10:27:00,payment,59.77,59.43,603.53,4698,4.88,1
2026-06-04 10:27:00,order,60.59,60.25,738.05,5078,7.21,0
2026-06-04 10:27:00,notification,77.16,66.21,639.81,5723,6.86,1
2026-06-04 10:30:00,payment,51.39,58.84,575.06,4729,3.13,0
2026-06-04 10:30:00,order,66.47,58.01,760.81,5177,9.32,1
2026-06-04 10:30:00,notification,67.88,71.16,587.53,5012,8.1,1
2026-06-04 10:33:00,payment,46.32,60.5,496.55,4086,4.72,0
2026-06-04 10:33:00,notification,66.59,64.91,575.13,4803,4.66,1
2026-06-04 10:33:00,order,66.41,67.44,706.77,5506,7.09,0
2026-06-04 10:36:00,notification,54.79,67.43,518.16,5162,4.57,0
2026-06-04 10:36:00,payment,55.6,71.77,585.37,5255,5.47,1
2026-06-04 10:36:00,order,59.34,66.34,753.84,4788,5.54,1
2026-06-04 10:39:00,notification,58.82,65.32,451.97,4455,6.38,1
2026-06-04 10:39:00,payment,62.11,74.35,600.03,5517,6.67,1
2026-06-04 10:39:00,order,54.78,68.41,757.58,5562,7.99,1
2026-06-04 10:42:00,notification,69.83,68.0,495.39,4206,4.94,1
2026-06-04 10:42:00,payment,48.72,68.96,489.14,4755,4.43,0
2026-06-04 10:42:00,order,49.42,71.28,711.99,5690,8.65,0
2026-06-04 10:45:00,notification,50.74,65.43,503.51,5133,4.95,1
2026-06-04 10:45:00,payment,57.59,66.23,503.48,5134,6.68,1
2026-06-04 10:45:00,order,80.47,65.96,627.83,5562,5.82,1
2026-06-04 10:48:00,payment,55.51,67.98,475.15,4596,6.64,1
2026-06-04 10:48:00,order,50.81,61.53,736.09,5072,6.41,1
2026-06-04 10:48:00,notification,56.91,56.15,456.2,4680,3.24,0
2026-06-04 10:51:00,order,48.54,62.53,526.33,4719,4.68,0
2026-06-04 10:51:00,notification,59.27,67.14,627.97,4343,6.97,1
2026-06-04 10:51:00,payment,57.52,61.56,523.77,4836,6.94,0
2026-06-04 10:54:00,order,62.79,60.83,557.25,4571,7.65,0
2026-06-04 10:54:00,notification,58.64,54.24,481.1,4393,4.63,0
2026-06-04 10:54:00,payment,50.81,57.48,518.55,4570,6.26,0
2026-06-04 10:57:00,order,54.41,58.96,740.69,5305,5.96,1
2026-06-04 10:57:00,notification,57.21,51.36,334.86,4078,4.35,0
2026-06-04 10:57:00,payment,55.86,61.43,586.3,4789,4.93,0
2026-06-04 11:00:00,order,55.37,72.89,795.81,5304,7.33,0
2026-06-04 11:00:00,notification,49.44,53.46,216.02,3100,0.76,0
2026-06-04 11:00:00,payment,69.29,58.06,492.59,4639,4.78,1
2026-06-04 11:03:00,order,48.44,70.78,767.06,4672,5.23,1
2026-06-04 11:03:00,payment,69.7,67.81,774.8,5757,8.26,0
2026-06-04 11:03:00,notification,63.64,62.53,312.11,4197,4.68,0
2026-06-04 11:06:00,payment,59.07,60.31,599.1,5513,6.11,1
2026-06-04 11:06:00,order,70.26,78.29,761.22,5477,10.75,1
2026-06-04 11:06:00,notification,41.23,59.04,434.18,3855,4.5,0
2026-06-04 11:09:00,payment,61.82,70.86,663.16,4826,4.24,1
2026-06-04 11:09:00,order,61.3,64.19,796.01,5955,7.87,1
2026-06-04 11:09:00,notification,37.58,54.2,439.44,4804,2.79,0
2026-06-04 11:12:00,payment,66.85,72.51,815.13,5563,9.2,1
2026-06-04 11:12:00,order,68.3,59.53,717.47,4835,8.71,1
2026-06-04 11:12:00,notification,56.35,64.8,548.25,4945,4.33,1
2026-06-04 11:15:00,payment,64.92,79.06,924.4,5126,9.04,1
2026-06-04 11:15:00,order,62.87,61.98,770.66,4707,5.92,1
2026-06-04 11:15:00,notification,66.11,59.89,575.23,4364,4.39,0
2026-06-04 11:18:00,order,63.66,68.5,825.23,5066,6.57,1
2026-06-04 11:18:00,notification,58.3,65.17,574.23,4295,5.59,1
2026-06-04 11:18:00,payment,62.15,61.42,728.92,5769,6.34,0
2026-06-04 11:21:00,notification,59.7,66.08,679.43,5099,6.45,1
2026-06-04 11:21:00,payment,72.88,79.12,821.08,6031,7.52,1
2026-06-04 11:21:00,order,59.11,69.69,574.84,4136,5.24,1
2026-06-04 11:24:00,notification,46.33,56.83,482.03,4000,6.72,0
2026-06-04 11:24:00,payment,63.78,61.32,631.39,5383,7.65,0
2026-06-04 11:24:00,order,61.98,68.36,713.83,5491,5.73,1
2026-06-04 11:27:00,notification,58.4,69.43,555.75,4759,3.18,1
2026-06-04 11:27:00,payment,60.03,63.44,831.0,5571,8.05,0
2026-06-04 11:27:00,order,60.67,69.67,686.53,5714,7.45,1
2026-06-04 11:30:00,payment,64.06,64.39,681.26,5184,7.14,1
2026-06-04 11:30:00,order,56.35,69.09,584.57,5310,5.77,0
2026-06-04 11:30:00,notification,52.72,51.84,422.25,4353,4.99,0
2026-06-04 11:33:00,order,54.56,62.51,539.57,5018,5.5,1
2026-06-04 11:33:00,notification,51.76,52.96,341.84,4176,1.49,0
2026-06-04 11:33:00,payment,64.68,73.74,672.26,5081,8.62,1
2026-06-04 11:36:00,order,63.04,64.02,515.79,3816,1.93,0
2026-06-04 11:36:00,notification,49.7,58.77,427.5,4178,5.94,0
2026-06-04 11:36:00,payment,47.93,64.78,432.69,4875,3.92,0
2026-06-04 11:39:00,order,52.81,69.7,457.11,3797,4.42,1
2026-06-04 11:39:00,notification,58.13,72.82,404.44,4494,5.54,1
2026-06-04 11:39:00,payment,60.46,63.23,556.76,4570,5.6,0
2026-06-04 11:42:00,order,42.62,55.32,484.06,4619,2.02,0
2026-06-04 11:42:00,notification,54.45,52.24,418.02,4873,4.56,0
2026-06-04 11:42:00,payment,67.55,61.86,706.56,4965,5.31,1
2026-06-04 11:45:00,notification,55.13,63.15,515.59,4981,6.12,0
2026-06-04 11:45:00,payment,64.68,58.64,589.38,4658,7.74,1
2026-06-04 11:45:00,order,63.53,64.25,617.85,5306,5.83,0
2026-06-04 11:48:00,payment,71.45,67.88,554.33,4835,4.25,1
2026-06-04 11:48:00,order,61.28,62.06,760.18,5018,5.93,1
2026-06-04 11:48:00,notification,60.66,52.26,701.34,4927,5.81,0
2026-06-04 11:51:00,payment,69.04,69.13,604.58,5068,5.66,1
2026-06-04 11:51:00,order,67.95,65.97,830.19,5191,9.81,1
2026-06-04 11:51:00,notification,59.83,62.79,574.21,4533,4.78,1
2026-06-04 11:54:00,payment,71.55,73.03,703.73,4942,7.81,1
2026-06-04 11:54:00,order,63.48,70.12,665.22,5348,8.89,1
2026-06-04 11:54:00,notification,54.35,61.75,634.85,4198,5.24,1
2026-06-04 11:57:00,payment,77.96,66.81,603.84,4947,7.53,1
2026-06-04 11:57:00,order,71.25,57.37,522.95,5110,7.06,1
2026-06-04 11:57:00,notification,63.77,65.05,569.8,5024,6.01,1
2026-06-04 12:00:00,payment,65.43,51.39,528.96,4814,7.62,1
2026-06-04 12:00:00,notification,54.71,72.58,489.77,4564,3.13,1
2026-06-04 12:00:00,order,57.44,59.73,474.57,5153,4.89,1
2026-06-04 12:03:00,notification,66.13,69.78,545.22,5089,7.89,1
2026-06-04 12:03:00,payment,58.47,55.5,500.57,4994,2.78,0
2026-06-04 12:03:00,order,69.28,72.82,588.2,5544,6.25,1
2026-06-04 12:06:00,notification,59.05,63.69,581.82,4139,8.36,1
2026-06-04 12:06:00,payment,61.69,62.66,554.11,4184,4.85,0
2026-06-04 12:06:00,order,66.27,66.66,627.55,4991,5.94,1
2026-06-04 12:09:00,notification,60.82,73.59,748.8,5141,8.16,1
2026-06-04 12:09:00,payment,52.37,58.38,485.15,4601,4.56,0
2026-06-04 12:09:00,order,53.16,68.84,548.88,5368,5.95,1
2026-06-04 12:12:00,notification,85.97,71.89,842.01,5505,10.95,1
2026-06-04 12:12:00,payment,60.88,61.25,560.22,4550,5.56,1
2026-06-04 12:12:00,order,60.61,56.94,606.35,4612,5.96,0
2026-06-04 12:15:00,payment,55.32,57.66,675.71,5047,5.37,0
2026-06-04 12:15:00,order,52.41,61.62,498.85,4357,5.07,1
2026-06-04 12:15:00,notification,70.31,66.62,904.29,7112,8.77,1
2026-06-04 12:18:00,order,51.71,72.41,424.07,5035,2.76,1
2026-06-04 12:18:00,notification,74.08,69.9,790.45,5339,7.83,1
2026-06-04 12:18:00,payment,64.06,70.0,676.04,5402,7.67,0
2026-06-04 12:21:00,order,52.98,60.72,542.08,5213,6.41,0
2026-06-04 12:21:00,notification,66.81,72.13,798.47,5409,8.54,1
2026-06-04 12:21:00,payment,56.8,66.73,629.18,5318,7.04,1
2026-06-04 12:24:00,order,60.02,57.25,313.4,4672,4.52,1
2026-06-04 12:24:00,notification,77.11,90.03,893.58,5822,9.8,1
2026-06-04 12:24:00,payment,57.83,68.0,633.24,5605,7.3,1
2026-06-04 12:27:00,order,69.01,60.96,329.63,3998,2.61,0
2026-06-04 12:27:00,payment,64.48,62.37,659.32,5139,6.49,1
2026-06-04 12:27:00,notification,73.27,77.74,912.7,6073,7.99,1
2026-06-04 12:30:00,payment,63.85,68.69,739.47,5806,9.98,1
2026-06-04 12:30:00,order,50.72,55.59,421.87,4357,3.02,0
2026-06-04 12:30:00,notification,65.36,73.21,709.86,5269,8.6,1
2026-06-04 12:33:00,payment,51.74,59.96,522.05,5813,6.24,0
2026-06-04 12:33:00,order,58.05,64.69,422.69,4111,4.6,0
2026-06-04 12:33:00,notification,68.01,56.6,644.27,4256,6.64,1
2026-06-04 12:36:00,payment,50.72,62.73,570.41,4299,3.43,1
2026-06-04 12:36:00,order,58.79,52.26,596.64,4836,4.79,0
2026-06-04 12:36:00,notification,68.58,65.89,626.6,4337,3.33,1
2026-06-04 12:39:00,payment,49.79,48.39,467.85,4208,4.19,0
2026-06-04 12:39:00,order,56.52,51.46,598.08,4538,4.12,0
2026-06-04 12:39:00,notification,61.07,73.9,675.03,5053,6.48,1
2026-06-04 12:42:00,order,65.18,62.65,459.19,3657,4.59,0
2026-06-04 12:42:00,notification,60.23,66.76,544.12,5448,5.38,1
2026-06-04 12:42:00,payment,51.23,53.07,444.11,3835,4.53,0
2026-06-04 12:45:00,notification,77.19,73.45,632.9,4901,6.5,1
2026-06-04 12:45:00,payment,57.04,57.62,416.9,4645,5.47,0
2026-06-04 12:45:00,order,69.6,55.92,557.12,4246,4.65,1
2026-06-04 12:48:00,notification,66.36,70.71,697.34,5671,6.71,0
2026-06-04 12:48:00,payment,58.5,73.34,396.51,3901,4.04,0
2026-06-04 12:48:00,order,55.47,60.22,478.12,4364,6.27,1
2026-06-04 12:51:00,notification,75.31,76.22,832.38,5530,9.48,1
2026-06-04 12:51:00,payment,63.55,52.44,380.85,3789,5.24,1
2026-06-04 12:51:00,order,68.68,66.77,496.64,3538,4.86,0
2026-06-04 12:54:00,notification,72.68,61.73,851.57,5557,6.59,1
2026-06-04 12:54:00,payment,69.04,61.46,763.8,4855,5.42,1
2026-06-04 12:54:00,order,56.83,67.06,615.23,4589,3.15,0
2026-06-04 12:57:00,notification,67.98,73.24,589.22,4496,7.33,1
2026-06-04 12:57:00,order,52.06,55.92,439.91,4892,5.17,0
2026-06-04 12:57:00,payment,66.53,65.01,591.43,4122,6.88,1
2026-06-04 13:00:00,order,56.0,63.76,522.37,4632,2.52,1
2026-06-04 13:00:00,notification,66.76,68.52,509.63,5040,5.65,1
2026-06-04 13:00:00,payment,65.04,73.87,453.81,5065,6.11,0
2026-06-04 13:03:00,order,58.67,56.81,422.29,4267,2.6,0
2026-06-04 13:03:00,notification,43.16,69.31,486.48,4982,6.87,1
2026-06-04 13:03:00,payment,60.28,64.03,501.15,4269,4.89,0
2026-06-04 13:06:00,order,49.25,57.36,368.39,4287,1.16,0
2026-06-04 13:06:00,notification,54.78,62.76,434.99,3909,4.12,1
2026-06-04 13:06:00,payment,65.27,66.24,579.57,3988,7.67,1
2026-06-04 13:09:00,order,55.37,56.08,461.34,3600,3.61,1
2026-06-04 13:09:00,notification,58.28,66.58,555.95,4480,6.73,0
2026-06-04 13:09:00,payment,65.55,62.18,545.11,4794,6.84,1
2026-06-04 13:12:00,notification,60.05,66.05,432.59,4572,5.65,0
2026-06-04 13:12:00,payment,57.03,56.87,508.24,4251,2.72,1
2026-06-04 13:12:00,order,55.62,51.48,449.61,3731,2.53,0
2026-06-04 13:15:00,payment,64.6,61.69,547.53,3733,4.46,1
2026-06-04 13:15:00,order,63.74,56.58,460.41,4533,5.4,1
2026-06-04 13:15:00,notification,50.11,59.06,398.27,4515,1.99,0
2026-06-04 13:18:00,payment,49.1,63.24,567.66,4863,9.95,1
2026-06-04 13:18:00,order,63.28,51.87,473.85,4960,4.19,1
2026-06-04 13:18:00,notification,54.37,55.64,533.45,5218,3.81,0
2026-06-04 13:21:00,payment,60.58,69.43,616.08,5027,8.73,1
2026-06-04 13:21:00,order,69.05,64.66,570.17,4286,3.09,1
2026-06-04 13:21:00,notification,50.96,57.01,509.9,4379,8.1,1
2026-06-04 13:24:00,order,50.03,61.75,413.92,4218,3.66,0
2026-06-04 13:24:00,notification,46.49,62.01,527.81,3581,6.11,1
2026-06-04 13:24:00,payment,61.62,58.74,630.43,5037,7.89,1
2026-06-04 13:27:00,notification,73.14,56.99,405.77,4251,3.28,1
2026-06-04 13:27:00,payment,73.33,73.72,663.91,5366,5.74,1
2026-06-04 13:27:00,order,56.39,58.3,492.69,4765,3.19,1
2026-06-04 13:30:00,notification,54.41,57.66,479.96,4619,4.03,0
2026-06-04 13:30:00,payment,75.26,68.98,641.94,5907,9.31,1
2026-06-04 13:30:00,order,55.97,59.86,432.59,4484,5.88,1
2026-06-04 13:33:00,notification,68.49,71.9,481.95,5087,6.82,1
2026-06-04 13:33:00,payment,55.56,66.38,632.89,6125,6.33,1
2026-06-04 13:33:00,order,52.6,57.05,532.35,4854,4.0,0
2026-06-04 13:36:00,notification,67.92,74.1,636.89,4995,6.84,1
2026-06-04 13:36:00,payment,66.99,54.38,484.5,4523,6.66,1
2026-06-04 13:36:00,order,46.89,64.15,334.35,3778,4.88,0
2026-06-04 13:39:00,payment,54.2,59.99,611.32,4411,5.1,0
2026-06-04 13:39:00,order,56.39,52.42,431.41,3604,3.42,0
2026-06-04 13:39:00,notification,61.6,65.54,599.15,4814,5.2,1
2026-06-04 13:42:00,order,61.62,60.29,438.2,4187,5.22,0
2026-06-04 13:42:00,notification,74.42,74.8,788.78,5520,5.37,1
2026-06-04 13:42:00,payment,54.73,71.17,666.39,4883,6.68,1
2026-06-04 13:45:00,order,60.99,57.62,461.68,5187,5.02,1
2026-06-04 13:45:00,notification,55.38,63.52,694.72,4923,6.65,1
2026-06-04 13:45:00,payment,58.12,62.4,579.49,4834,4.62,1
2026-06-04 13:48:00,order,66.8,65.39,552.4,5269,8.55,1
2026-06-04 13:48:00,notification,60.41,62.69,543.28,4994,5.5,0
2026-06-04 13:48:00,payment,58.84,65.87,626.2,4867,5.37,1
2026-06-04 13:51:00,order,54.45,69.94,617.62,4855,4.53,1
2026-06-04 13:51:00,payment,50.59,59.4,543.62,5045,6.28,1
2026-06-04 13:51:00,notification,67.57,68.99,574.48,4932,8.23,1
2026-06-04 13:54:00,payment,63.3,63.2,581.63,5628,3.77,1
2026-06-04 13:54:00,order,58.09,53.84,526.17,5459,2.03,0
2026-06-04 13:54:00,notification,58.37,58.57,485.1,4948,5.37,0
2026-06-04 13:57:00,payment,65.97,58.59,603.74,4326,9.05,1
2026-06-04 13:57:00,order,53.34,67.47,580.54,4788,6.0,1
2026-06-04 13:57:00,notification,53.0,57.04,314.14,4230,2.76,0
2026-06-04 14:00:00,payment,65.28,63.46,507.4,4492,3.97,1
2026-06-04 14:00:00,order,63.65,74.38,616.93,4905,5.31,1
2026-06-04 14:00:00,notification,40.87,64.28,363.69,3966,3.36,1
2026-06-04 14:03:00,payment,60.06,67.95,748.13,5710,5.18,1
2026-06-04 14:03:00,order,64.19,65.56,533.14,4379,6.23,0
2026-06-04 14:03:00,notification,56.92,58.99,325.45,4393,2.82,1
2026-06-04 14:06:00,order,68.26,60.65,600.02,4799,5.53,0
2026-06-04 14:06:00,notification,59.59,60.75,485.27,4029,4.13,0
2026-06-04 14:06:00,payment,59.21,64.98,406.88,4539,6.12,1
2026-06-04 14:09:00,notification,49.27,56.06,251.05,4315,2.22,0
2026-06-04 14:09:00,payment,58.45,58.17,413.31,4976,6.65,0
2026-06-04 14:09:00,order,49.83,61.03,443.61,4897,3.93,0
2026-06-04 14:12:00,notification,60.78,58.17,361.87,4055,2.25,1
2026-06-04 14:12:00,payment,74.79,66.08,716.12,5562,6.86,1
2026-06-04 14:12:00,order,62.1,61.0,579.97,5300,5.01,0
2026-06-04 14:15:00,notification,63.73,66.3,672.69,4590,6.13,1
2026-06-04 14:15:00,payment,50.71,73.06,773.3,6133,7.22,1
2026-06-04 14:15:00,order,68.49,73.56,470.17,5221,6.0,1
2026-06-04 14:18:00,payment,61.89,69.25,700.27,6394,7.37,1
2026-06-04 14:18:00,order,51.42,65.85,503.91,4730,4.3,0
2026-06-04 14:18:00,notification,67.57,68.52,548.56,4901,4.84,1
2026-06-04 14:21:00,order,53.35,69.0,619.21,5529,5.63,0
2026-06-04 14:21:00,notification,62.37,63.59,591.28,3733,5.94,0
2026-06-04 14:21:00,payment,64.89,66.52,635.92,5464,6.09,1
2026-06-04 14:24:00,order,52.36,75.65,614.83,4550,5.36,1
2026-06-04 14:24:00,notification,55.65,64.71,496.65,4668,4.44,1
2026-06-04 14:24:00,payment,57.06,76.39,605.29,4494,7.19,1
2026-06-04 14:27:00,order,63.52,70.38,608.66,5257,7.43,1
2026-06-04 14:27:00,notification,72.34,54.63,567.03,5193,5.78,1
2026-06-04 14:27:00,payment,62.49,62.51,728.15,4962,6.92,1
2026-06-04 14:30:00,order,58.44,65.61,677.0,5221,8.1,1
2026-06-04 14:30:00,notification,55.38,59.43,598.06,5850,5.34,0
2026-06-04 14:30:00,payment,63.59,72.93,756.41,6150,7.63,1
2026-06-04 14:33:00,notification,44.9,63.36,668.46,5544,6.82,0
2026-06-04 14:33:00,payment,60.32,61.68,779.7,4701,7.53,1
2026-06-04 14:33:00,order,65.03,65.8,638.04,5124,4.53,1
2026-06-04 14:36:00,payment,64.74,70.8,588.58,5475,8.11,1
2026-06-04 14:36:00,order,57.12,74.31,571.05,4068,5.04,0
2026-06-04 14:36:00,notification,46.67,68.04,613.3,5786,7.11,1
2026-06-04 14:39:00,payment,67.72,70.73,589.78,4227,6.47,0
2026-06-04 14:39:00,order,72.62,61.68,587.92,5139,5.2,1
2026-06-04 14:39:00,notification,66.07,68.55,645.18,5293,7.04,1
2026-06-04 14:42:00,payment,58.99,61.64,485.81,4311,4.8,0
2026-06-04 14:42:00,order,64.74,63.0,592.77,5270,4.06,1
2026-06-04 14:42:00,notification,56.49,75.62,941.14,6451,7.61,1
2026-06-04 14:45:00,payment,57.08,57.59,633.17,5140,5.67,0
2026-06-04 14:45:00,order,63.7,65.99,817.07,4873,5.03,1
2026-06-04 14:45:00,notification,64.24,68.92,754.71,5749,8.12,1
2026-06-04 14:48:00,payment,62.01,56.53,669.15,5145,6.54,1
2026-06-04 14:48:00,notification,74.04,70.57,785.82,6162,10.79,1
2026-06-04 14:48:00,order,64.92,60.45,868.55,5851,7.7,1
2026-06-04 14:51:00,notification,52.82,79.39,770.18,4793,9.04,1
2026-06-04 14:51:00,payment,100.0,100.0,2779.36,9775,38.38,1
2026-06-04 14:51:00,order,65.86,60.4,607.97,4015,5.64,1
2026-06-04 14:54:00,notification,72.26,75.61,1038.13,5838,10.83,1
2026-06-04 14:54:00,payment,75.22,88.19,1525.49,7245,17.81,1
2026-06-04 14:54:00,order,59.75,64.76,662.39,4904,9.48,1
2026-06-04 14:57:00,notification,73.92,66.71,1101.78,6207,11.11,1
2026-06-04 14:57:00,payment,75.19,68.97,948.78,5346,11.48,1
2026-06-04 14:57:00,order,72.83,65.57,741.17,5387,8.93,1
2026-06-04 15:00:00,notification,63.74,77.26,941.08,6559,12.68,1
2026-06-04 15:00:00,payment,64.61,70.52,708.92,5872,6.92,1
2026-06-04 15:00:00,order,64.67,72.13,682.64,6105,8.45,1
2026-06-04 15:03:00,payment,67.32,56.26,585.41,4667,4.94,1
2026-06-04 15:03:00,order,71.72,69.6,805.48,5496,9.03,1
2026-06-04 15:03:00,notification,71.85,78.5,818.01,6209,10.33,1
2026-06-04 15:06:00,order,61.75,71.37,686.66,5310,7.6,1
2026-06-04 15:06:00,notification,71.6,80.36,919.42,5806,9.37,1
2026-06-04 15:06:00,payment,67.94,66.4,674.02,4672,8.49,1
2026-06-04 15:09:00,order,54.33,62.46,460.13,4171,5.33,0
2026-06-04 15:09:00,notification,74.79,71.6,959.62,5436,12.46,1
2026-06-04 15:09:00,payment,72.83,63.03,656.47,5445,6.35,0
2026-06-04 15:12:00,order,59.42,67.74,597.54,5111,8.47,0
2026-06-04 15:12:00,notification,73.57,74.29,1021.03,6249,11.8,1
2026-06-04 15:12:00,payment,56.22,65.39,658.09,5286,7.6,1
2026-06-04 15:15:00,notification,68.64,77.42,916.8,5866,10.61,1
2026-06-04 15:15:00,payment,62.21,65.09,660.76,5204,5.46,0
2026-06-04 15:15:00,order,69.94,62.01,557.27,4737,3.87,0
2026-06-04 15:18:00,payment,55.04,60.01,643.3,5122,4.52,0
2026-06-04 15:18:00,order,62.71,77.37,633.35,5941,6.59,1
2026-06-04 15:18:00,notification,70.92,71.96,811.67,5587,10.74,0
2026-06-04 15:21:00,payment,57.12,61.7,590.23,4968,4.22,0
2026-06-04 15:21:00,order,84.25,66.61,676.75,5129,6.93,1
2026-06-04 15:21:00,notification,71.72,70.05,633.68,5138,7.22,1
2026-06-04 15:24:00,payment,70.21,61.46,688.85,4815,6.63,0
2026-06-04 15:24:00,order,66.86,73.46,702.21,5184,7.1,0
2026-06-04 15:24:00,notification,73.55,65.43,762.93,5281,8.0,1
2026-06-04 15:27:00,payment,70.66,58.74,621.42,5016,7.02,1
2026-06-04 15:27:00,order,59.31,61.67,723.2,5713,6.97,0
2026-06-04 15:27:00,notification,63.8,65.84,576.88,5216,3.79,1
2026-06-04 15:30:00,order,60.82,71.37,788.43,5821,11.65,0
2026-06-04 15:30:00,notification,68.79,64.42,776.02,5582,6.83,1
2026-06-04 15:30:00,payment,57.62,73.08,635.55,5587,8.74,1
2026-06-04 15:33:00,notification,56.03,62.75,558.36,4628,4.02,1
2026-06-04 15:33:00,payment,59.78,64.18,649.8,5493,7.89,1
2026-06-04 15:33:00,order,74.94,80.27,738.31,5665,9.51,1
2026-06-04 15:36:00,notification,54.08,54.76,468.95,4184,3.59,0
2026-06-04 15:36:00,payment,60.78,53.88,615.71,5257,7.01,0
2026-06-04 15:36:00,order,64.08,71.71,854.72,5546,8.94,1
2026-06-04 15:39:00,notification,59.4,56.9,447.6,4759,4.78,1
2026-06-04 15:39:00,payment,63.55,60.76,592.71,4541,4.56,1
2026-06-04 15:39:00,order,71.69,62.56,875.38,5280,8.0,1
2026-06-04 15:42:00,notification,61.47,56.66,521.88,4915,2.85,0
2026-06-04 15:42:00,payment,48.68,67.78,603.42,4980,4.29,1
2026-06-04 15:42:00,order,78.47,62.52,761.88,4474,7.05,1
2026-06-04 15:45:00,notification,63.74,56.06,558.77,5187,5.96,0
2026-06-04 15:45:00,order,65.77,73.34,611.47,5426,6.85,1
2026-06-04 15:45:00,payment,53.27,62.48,603.88,5304,7.51,1
2026-06-04 15:48:00,order,63.89,65.87,657.11,5055,6.71,1
2026-06-04 15:48:00,notification,71.08,61.2,699.28,5270,7.4,1
2026-06-04 15:48:00,payment,67.69,75.36,736.05,5035,8.99,1
2026-06-04 15:51:00,order,71.25,65.77,647.19,4716,7.46,1
2026-06-04 15:51:00,notification,62.58,68.73,623.72,5147,4.51,1
2026-06-04 15:51:00,payment,57.45,67.3,733.26,5606,7.91,1
2026-06-04 15:54:00,order,73.53,67.32,659.78,6056,11.73,1
2026-06-04 15:54:00,notification,56.04,69.2,671.83,5419,6.53,1
2026-06-04 15:54:00,payment,71.64,78.48,1015.91,6621,13.24,1
2026-06-04 15:57:00,order,65.74,73.53,951.25,7045,11.87,1
2026-06-04 15:57:00,notification,63.29,75.32,734.0,4980,7.1,0
2026-06-04 15:57:00,payment,71.1,77.6,853.98,6449,7.3,1
2026-06-04 16:00:00,notification,67.11,66.5,878.44,5187,8.35,0
2026-06-04 16:00:00,payment,71.91,74.07,933.02,5097,9.74,1
2026-06-04 16:00:00,order,75.15,76.97,742.63,6055,7.33,1
2026-06-04 16:03:00,payment,64.72,61.69,711.51,6063,7.48,1
2026-06-04 16:03:00,order,69.0,68.2,842.94,6639,8.36,1
2026-06-04 16:03:00,notification,63.48,61.12,689.73,6013,7.07,1
2026-06-04 16:06:00,payment,61.13,61.94,689.88,5631,6.48,0
2026-06-04 16:06:00,order,75.05,65.74,757.02,4941,8.71,0
2026-06-04 16:06:00,notification,52.75,65.7,478.28,5236,6.94,0
2026-06-04 16:09:00,payment,66.85,71.21,503.88,5079,6.2,1
2026-06-04 16:09:00,order,66.0,69.35,742.07,5226,7.51,1
2026-06-04 16:09:00,notification,63.72,67.1,683.09,5134,5.4,1
2026-06-04 16:12:00,payment,61.07,59.28,523.16,4642,4.31,0
2026-06-04 16:12:00,notification,58.37,65.52,653.11,4665,6.77,0
2026-06-04 16:12:00,order,68.72,59.97,605.5,5118,7.26,1
2026-06-04 16:15:00,notification,66.34,60.78,686.34,5375,5.54,0
2026-06-04 16:15:00,payment,53.41,66.44,441.7,4672,5.22,1
2026-06-04 16:15:00,order,58.86,59.35,506.39,4783,6.24,1
2026-06-04 16:18:00,notification,70.97,63.56,622.7,4232,6.21,1
2026-06-04 16:18:00,payment,58.12,59.91,655.7,4324,4.94,1
2026-06-04 16:18:00,order,48.72,62.04,493.7,4442,3.6,0
2026-06-04 16:21:00,notification,67.09,67.28,457.9,5008,5.18,1
2026-06-04 16:21:00,payment,57.9,60.83,412.4,4263,5.32,1
2026-06-04 16:21:00,order,55.91,57.68,423.89,2819,5.23,0
2026-06-04 16:24:00,notification,56.74,59.76,578.34,5075,7.19,0
2026-06-04 16:24:00,payment,69.31,56.07,539.42,4109,7.13,1
2026-06-04 16:24:00,order,63.68,57.96,498.58,5249,6.46,0
2026-06-04 16:27:00,payment,62.02,58.52,500.08,3820,4.84,0
2026-06-04 16:27:00,order,57.54,66.96,536.58,4256,5.38,0
2026-06-04 16:27:00,notification,59.96,57.77,727.9,5095,7.21,1
2026-06-04 16:30:00,order,59.88,65.87,622.1,5287,6.36,1
2026-06-04 16:30:00,notification,52.7,66.2,669.51,5439,7.6,1
2026-06-04 16:30:00,payment,72.82,64.15,624.33,6336,6.61,1
2026-06-04 16:33:00,order,45.51,52.96,461.23,4682,5.38,1
2026-06-04 16:33:00,notification,73.11,65.19,772.06,5857,7.83,1
2026-06-04 16:33:00,payment,60.37,68.39,642.92,5267,5.64,0
2026-06-04 16:36:00,order,61.62,69.91,578.55,5070,6.0,1
2026-06-04 16:36:00,notification,68.7,74.2,882.67,5964,7.48,0
2026-06-04 16:36:00,payment,60.97,67.8,701.17,5332,9.07,1
2026-06-04 16:39:00,order,54.86,62.99,650.71,4979,4.98,1
2026-06-04 16:39:00,notification,80.68,71.54,890.09,6625,10.8,1
2026-06-04 16:39:00,payment,59.21,66.68,582.82,4862,7.64,1
2026-06-04 16:42:00,order,63.95,68.6,536.82,4978,6.53,1
2026-06-04 16:42:00,payment,64.58,65.99,578.81,5062,8.62,1
2026-06-04 16:42:00,notification,68.42,62.64,765.88,5099,7.2,1
2026-06-04 16:45:00,payment,61.95,65.96,764.34,5545,8.7,1
2026-06-04 16:45:00,order,58.79,71.52,458.8,4717,2.74,0
2026-06-04 16:45:00,notification,59.94,66.75,606.49,4874,6.14,0
2026-06-04 16:48:00,payment,75.61,71.54,860.34,5707,9.62,1
2026-06-04 16:48:00,order,59.07,62.65,535.42,5078,4.5,1
2026-06-04 16:48:00,notification,54.27,67.81,804.86,5363,7.75,1
2026-06-04 16:51:00,payment,69.05,61.87,701.23,5132,8.46,1
2026-06-04 16:51:00,order,66.5,59.41,521.45,4602,7.13,1
2026-06-04 16:51:00,notification,63.0,64.64,561.59,5654,5.03,0
2026-06-04 16:54:00,payment,62.32,72.76,751.13,4954,6.31,1
2026-06-04 16:54:00,order,61.2,70.53,496.47,4298,5.96,1
2026-06-04 16:54:00,notification,72.7,58.48,492.73,4156,7.7,1
2026-06-04 16:57:00,order,61.66,60.08,594.28,4366,6.18,0
2026-06-04 16:57:00,notification,62.64,67.76,425.42,4328,6.02,0
2026-06-04 16:57:00,payment,64.88,64.14,529.61,5110,5.93,1
2026-06-04 17:00:00,notification,58.29,60.05,619.85,4459,5.68,0
2026-06-04 17:00:00,payment,66.41,66.51,782.51,5429,6.08,1
2026-06-04 17:00:00,order,64.27,75.29,570.31,5475,6.01,1
2026-06-04 17:03:00,notification,63.5,69.68,610.64,4837,5.35,1
2026-06-04 17:03:00,payment,71.12,71.91,756.91,5697,7.96,0
2026-06-04 17:03:00,order,59.31,63.91,737.65,5001,4.66,0
2026-06-04 17:06:00,notification,60.54,51.99,408.71,3935,4.4,1
2026-06-04 17:06:00,payment,58.33,68.88,842.32,5778,9.8,1
2026-06-04 17:06:00,order,67.78,62.26,586.87,4595,6.68,0
2026-06-04 17:09:00,payment,58.58,55.1,547.08,4681,6.66,1
2026-06-04 17:09:00,order,57.73,78.4,687.05,4858,7.29,1
2026-06-04 17:09:00,notification,68.95,69.29,556.32,4978,5.38,1
2026-06-04 17:12:00,order,67.96,70.25,760.37,5354,8.5,1
2026-06-04 17:12:00,notification,57.79,68.8,497.83,5806,7.18,1
2026-06-04 17:12:00,payment,56.97,56.27,370.27,4451,4.86,1
2026-06-04 17:15:00,order,76.14,79.42,804.71,5244,8.53,1
2026-06-04 17:15:00,notification,66.81,65.88,604.65,4765,6.55,0
2026-06-04 17:15:00,payment,63.58,69.0,607.84,5383,2.26,0
2026-06-04 17:18:00,order,58.61,67.75,638.4,5308,6.8,1
2026-06-04 17:18:00,notification,55.22,59.02,660.99,4909,9.01,0
2026-06-04 17:18:00,payment,59.56,67.08,627.04,4788,5.94,0
2026-06-04 17:21:00,order,59.06,69.38,813.42,6074,8.93,1
2026-06-04 17:21:00,notification,54.57,69.02,710.95,5483,9.43,1
2026-06-04 17:21:00,payment,51.01,60.53,712.1,4705,7.91,0
2026-06-04 17:24:00,notification,70.63,60.0,621.24,5865,8.22,1
2026-06-04 17:24:00,payment,54.76,66.67,507.73,5164,5.72,0
2026-06-04 17:24:00,order,55.8,50.97,532.23,4983,4.76,0
2026-06-04 17:27:00,payment,61.75,62.84,716.27,4783,6.32,1
2026-06-04 17:27:00,order,75.44,72.74,613.13,4588,8.17,1
2026-06-04 17:27:00,notification,68.24,62.17,492.9,4964,6.91,1
2026-06-04 17:30:00,payment,65.08,63.44,662.84,4882,7.55,0
2026-06-04 17:30:00,order,58.79,67.84,664.51,5417,6.21,0
2026-06-04 17:30:00,notification,65.77,72.61,837.36,5809,5.87,1
2026-06-04 17:33:00,payment,70.02,58.05,653.37,5152,4.88,1
2026-06-04 17:33:00,order,57.17,66.99,672.35,5722,7.48,1
2026-06-04 17:33:00,notification,69.01,70.9,918.95,6213,9.53,1
2026-06-04 17:36:00,payment,63.63,68.96,538.67,4763,5.58,1
2026-06-04 17:36:00,notification,69.12,68.75,774.57,5110,6.11,1
2026-06-04 17:36:00,order,69.89,73.31,745.89,6100,11.27,1
2026-06-04 17:39:00,notification,68.65,72.16,617.65,4936,6.27,1
2026-06-04 17:39:00,payment,61.52,54.89,533.09,4413,5.72,1
2026-06-04 17:39:00,order,50.86,70.14,742.78,5607,7.96,1
2026-06-04 17:42:00,notification,64.08,63.38,527.75,3866,4.16,0
2026-06-04 17:42:00,payment,60.09,59.9,647.81,5612,4.8,1
2026-06-04 17:42:00,order,60.47,64.37,692.67,6407,8.03,1
2026-06-04 17:45:00,notification,58.18,69.17,459.02,4610,5.46,0
2026-06-04 17:45:00,payment,62.23,60.72,447.91,3689,6.41,0
2026-06-04 17:45:00,order,73.67,70.05,839.92,5660,7.49,1
2026-06-04 17:48:00,notification,61.73,60.13,500.74,5401,4.88,0
2026-06-04 17:48:00,payment,52.03,67.99,447.86,4296,3.62,1
2026-06-04 17:48:00,order,57.61,65.72,715.11,6363,4.36,1
2026-06-04 17:51:00,order,64.34,72.55,681.95,5984,8.48,1
2026-06-04 17:51:00,notification,61.86,66.3,389.42,4241,4.13,1
2026-06-04 17:51:00,payment,54.69,62.83,373.77,3570,1.47,0
2026-06-04 17:54:00,order,66.63,66.56,680.64,5811,4.52,1
2026-06-04 17:54:00,notification,49.39,59.52,442.19,4232,3.83,0
2026-06-04 17:54:00,payment,49.41,56.18,432.74,4478,6.43,1
2026-06-04 17:57:00,order,60.36,60.31,560.45,4407,6.0,0
2026-06-04 17:57:00,notification,61.32,63.92,390.8,4321,2.3,0
2026-06-04 17:57:00,payment,63.71,67.43,468.78,4033,3.07,0
2026-06-04 18:00:00,order,58.0,62.14,534.78,4557,5.13,1
2026-06-04 18:00:00,notification,50.37,58.06,499.62,5198,5.99,0
2026-06-04 18:00:00,payment,57.21,52.72,357.49,4581,5.07,0
2026-06-04 18:03:00,order,66.53,62.18,617.98,5204,5.82,0
2026-06-04 18:03:00,payment,51.36,61.45,420.03,4327,3.38,1
2026-06-04 18:03:00,notification,67.32,65.78,609.16,5157,7.49,1
2026-06-04 18:06:00,payment,56.79,64.15,471.55,5075,5.43,1
2026-06-04 18:06:00,order,71.62,63.72,624.47,5047,6.54,1
2026-06-04 18:06:00,notification,65.66,65.87,542.44,4750,6.68,1
2026-06-04 18:09:00,payment,60.16,56.99,491.79,4323,4.57,0
2026-06-04 18:09:00,order,54.12,66.42,521.38,4645,4.12,0
2026-06-04 18:09:00,notification,65.23,68.55,714.3,4782,6.73,0
2026-06-04 18:12:00,payment,55.0,64.37,562.11,3788,5.65,1
2026-06-04 18:12:00,order,54.52,57.92,561.48,4478,4.59,1
2026-06-04 18:12:00,notification,68.81,63.53,856.94,5764,8.46,1
2026-06-04 18:15:00,payment,54.07,58.97,473.93,4609,4.43,1
2026-06-04 18:15:00,order,55.15,54.4,413.65,4274,2.93,0
2026-06-04 18:15:00,notification,75.9,76.56,858.51,5351,7.07,1
2026-06-04 18:18:00,order,61.12,65.19,476.47,4220,3.03,0
2026-06-04 18:18:00,notification,68.4,71.07,779.57,5494,7.64,1
2026-06-04 18:18:00,payment,48.76,61.13,347.01,3918,2.64,0
2026-06-04 18:21:00,notification,67.04,70.66,667.31,5457,4.81,1
2026-06-04 18:21:00,payment,57.03,50.41,603.29,3540,4.34,0
2026-06-04 18:21:00,order,52.77,56.87,393.07,4270,3.14,1
2026-06-04 18:24:00,notification,69.33,77.57,690.91,5252,5.78,0
2026-06-04 18:24:00,payment,53.55,61.88,428.64,3922,3.77,0
2026-06-04 18:24:00,order,53.98,63.24,528.04,3940,5.43,1
2026-06-04 18:27:00,notification,70.83,70.53,729.92,5554,9.96,0
2026-06-04 18:27:00,payment,53.67,58.73,459.26,4123,2.11,0
2026-06-04 18:27:00,order,46.36,59.07,448.51,4323,5.08,1
2026-06-04 18:30:00,notification,69.05,68.93,561.55,5420,8.18,1
2026-06-04 18:30:00,payment,51.33,69.04,522.62,5359,4.61,1
2026-06-04 18:30:00,order,52.78,60.63,678.29,4276,4.76,0
2026-06-04 18:33:00,notification,53.37,70.23,693.11,4880,5.87,1
2026-06-04 18:33:00,order,62.53,56.29,576.37,4995,5.82,1
2026-06-04 18:33:00,payment,54.74,58.78,405.9,4474,7.28,0
2026-06-04 18:36:00,order,56.09,57.5,526.22,4799,4.62,1
2026-06-04 18:36:00,notification,60.7,63.61,642.01,5591,6.59,1
2026-06-04 18:36:00,payment,48.8,61.54,338.07,3579,0.6,0
2026-06-04 18:39:00,order,52.72,55.06,489.66,3859,2.53,0
2026-06-04 18:39:00,notification,49.58,65.3,579.2,5201,5.55,1
2026-06-04 18:39:00,payment,50.06,59.6,429.43,4132,3.55,0
2026-06-04 18:42:00,order,52.9,59.56,515.97,4110,2.32,0
2026-06-04 18:42:00,notification,63.65,60.93,577.01,5081,7.39,1
2026-06-04 18:42:00,payment,54.21,57.3,419.76,3240,3.22,0
2026-06-04 18:45:00,order,71.75,61.36,486.53,4521,5.13,1
2026-06-04 18:45:00,notification,55.95,51.4,475.59,4976,5.75,0
2026-06-04 18:45:00,payment,58.83,63.0,488.61,3972,6.06,0
2026-06-04 18:48:00,notification,56.11,56.05,368.0,3406,4.84,0
2026-06-04 18:48:00,payment,58.01,62.57,474.87,4300,2.38,0
2026-06-04 18:48:00,order,55.64,57.56,599.69,4475,4.22,0
2026-06-04 18:51:00,payment,59.57,63.04,480.1,4470,4.5,1
2026-06-04 18:51:00,order,68.5,50.1,616.79,4646,5.54,0
2026-06-04 18:51:00,notification,46.94,49.8,390.73,4276,0.98,0
2026-06-04 18:54:00,payment,57.58,51.56,558.17,4486,6.05,0
2026-06-04 18:54:00,order,66.18,64.72,471.54,4803,3.77,1
2026-06-04 18:54:00,notification,46.92,49.41,345.15,4397,3.11,0
2026-06-04 18:57:00,payment,56.78,59.09,632.57,4812,5.39,1
2026-06-04 18:57:00,order,64.39,67.87,548.78,4772,6.36,0
2026-06-04 18:57:00,notification,49.8,53.87,362.59,4209,2.73,0
2026-06-04 19:00:00,order,50.34,64.8,445.85,4698,4.91,0
2026-06-04 19:00:00,notification,53.56,69.78,436.37,3505,5.17,0
2026-06-04 19:00:00,payment,52.96,70.11,474.06,4859,4.37,1
2026-06-04 19:03:00,notification,58.57,53.31,452.86,4393,3.23,1
2026-06-04 19:03:00,payment,50.02,52.13,557.31,4112,3.63,1
2026-06-04 19:03:00,order,59.09,57.55,454.51,4206,6.85,1
2026-06-04 19:06:00,notification,48.38,60.29,376.98,3619,3.16,1
2026-06-04 19:06:00,payment,56.36,65.08,436.61,4747,4.01,0
2026-06-04 19:06:00,order,52.88,64.94,453.59,4218,5.73,1
2026-06-04 19:09:00,notification,50.71,45.86,404.49,4002,0.55,0
2026-06-04 19:09:00,payment,54.95,67.1,531.41,4899,5.06,0
2026-06-04 19:09:00,order,62.58,58.63,349.63,3538,1.81,0
2026-06-04 19:12:00,notification,56.01,59.86,375.24,4360,3.84,0
2026-06-04 19:12:00,payment,61.64,61.12,516.99,5126,7.03,0
2026-06-04 19:12:00,order,59.93,64.51,519.13,4559,3.71,0
2026-06-04 19:15:00,payment,52.47,52.4,445.46,5306,5.47,0
2026-06-04 19:15:00,order,56.57,58.98,510.15,4683,5.28,0
2026-06-04 19:15:00,notification,52.65,63.46,394.25,4186,4.32,0
2026-06-04 19:18:00,order,68.79,61.56,471.66,4127,3.86,1
2026-06-04 19:18:00,notification,56.28,53.17,340.56,4262,3.41,0
2026-06-04 19:18:00,payment,49.94,60.92,617.07,5128,6.18,1
2026-06-04 19:21:00,order,51.0,67.18,544.26,4303,3.82,0
2026-06-04 19:21:00,notification,48.94,57.79,550.61,4577,6.05,1
2026-06-04 19:21:00,payment,66.68,75.73,745.34,5694,6.55,1
2026-06-04 19:24:00,order,58.67,68.3,459.75,5172,3.71,0
2026-06-04 19:24:00,notification,48.72,54.19,381.6,4689,3.82,0
2026-06-04 19:24:00,payment,62.3,63.88,673.87,5093,8.59,0
2026-06-04 19:27:00,order,62.14,61.85,586.01,4652,5.98,0
2026-06-04 19:27:00,notification,61.49,62.19,442.4,4479,3.31,1
2026-06-04 19:27:00,payment,56.65,61.29,627.23,4350,7.69,1
2026-06-04 19:30:00,order,59.36,62.5,518.23,4167,5.82,1
2026-06-04 19:30:00,payment,53.82,59.18,584.53,4792,5.33,1
2026-06-04 19:30:00,notification,42.58,61.85,573.58,3988,3.34,0
2026-06-04 19:33:00,payment,64.34,71.45,670.14,4911,7.15,1
2026-06-04 19:33:00,order,58.89,52.48,639.24,4640,5.02,1
2026-06-04 19:33:00,notification,52.39,63.09,378.15,3504,4.77,0
2026-06-04 19:36:00,payment,69.45,63.64,726.49,5520,4.4,1
2026-06-04 19:36:00,order,67.19,71.69,573.59,4910,4.1,0
2026-06-04 19:36:00,notification,56.44,59.66,468.88,4932,2.37,0
2026-06-04 19:39:00,payment,55.19,58.69,591.37,4098,2.08,1
2026-06-04 19:39:00,order,58.92,69.86,630.13,4831,7.71,0
2026-06-04 19:39:00,notification,54.16,49.96,395.21,3496,2.63,0
2026-06-04 19:42:00,payment,57.23,69.66,508.57,4617,7.26,1
2026-06-04 19:42:00,order,62.82,62.31,437.97,4681,3.62,1
2026-06-04 19:42:00,notification,54.85,52.46,401.21,3609,3.39,0
2026-06-04 19:45:00,order,51.49,55.07,364.64,3344,3.52,0
2026-06-04 19:45:00,notification,52.21,51.54,461.56,3930,3.15,0
2026-06-04 19:45:00,payment,66.14,66.5,585.13,4938,5.05,0
2026-06-04 19:48:00,notification,48.75,51.91,378.16,3667,2.95,0
2026-06-04 19:48:00,payment,48.56,58.76,583.55,4785,5.66,0
2026-06-04 19:48:00,order,66.06,62.51,526.59,4704,4.75,0
2026-06-04 19:51:00,notification,48.32,55.3,415.09,3470,4.97,0
2026-06-04 19:51:00,payment,71.3,57.3,546.7,4684,3.91,1
2026-06-04 19:51:00,order,64.24,69.45,494.01,5104,5.35,0
2026-06-04 19:54:00,notification,65.97,58.65,578.57,4477,4.18,0
2026-06-04 19:54:00,payment,72.97,68.2,451.53,4768,3.47,0
2026-06-04 19:54:00,order,61.19,63.87,421.48,5071,4.12,1
2026-06-04 19:57:00,notification,60.99,59.98,381.59,3920,3.22,1
2026-06-04 19:57:00,order,54.89,73.14,430.21,4725,2.81,0
2026-06-04 19:57:00,payment,45.54,65.44,561.57,5431,5.31,0
2026-06-04 20:00:00,order,60.44,62.67,389.4,3878,3.9,1
2026-06-04 20:00:00,notification,58.22,51.45,401.28,4585,6.29,0
2026-06-04 20:00:00,payment,57.95,54.86,592.07,5264,5.84,1
2026-06-04 20:03:00,order,60.62,56.87,542.73,5088,5.65,0
2026-06-04 20:03:00,notification,55.15,64.12,447.86,4528,3.86,0
2026-06-04 20:03:00,payment,52.26,52.03,550.08,4451,3.85,0
2026-06-04 20:06:00,order,41.53,62.5,496.59,5043,5.68,0
2026-06-04 20:06:00,notification,51.7,61.21,476.56,4741,4.62,1
2026-06-04 20:06:00,payment,54.85,55.25,459.4,4097,4.03,0
2026-06-04 20:09:00,order,57.18,62.06,587.25,5601,6.12,1
2026-06-04 20:09:00,notification,53.63,56.76,412.57,4338,5.52,0
2026-06-04 20:09:00,payment,56.05,56.43,539.56,5266,4.19,1
2026-06-04 20:12:00,notification,48.31,56.05,379.4,4433,2.93,0
2026-06-04 20:12:00,payment,59.04,48.68,492.05,3748,5.21,0
2026-06-04 20:12:00,order,63.5,70.24,584.52,5508,5.0,0
2026-06-04 20:15:00,payment,50.23,50.65,250.51,4544,4.05,0
2026-06-04 20:15:00,order,64.69,72.16,689.21,5258,7.23,1
2026-06-04 20:15:00,notification,61.77,55.72,482.61,3522,5.79,0
2026-06-04 20:18:00,payment,40.75,47.59,243.19,3861,1.48,0
2026-06-04 20:18:00,order,65.87,73.8,572.5,4885,6.81,1
2026-06-04 20:18:00,notification,52.69,60.23,557.66,4260,7.03,1
2026-06-04 20:21:00,payment,46.57,51.04,413.75,4068,3.14,1
2026-06-04 20:21:00,order,66.78,60.05,559.76,5482,4.62,0
2026-06-04 20:21:00,notification,49.36,63.35,445.91,4408,3.68,0
2026-06-04 20:24:00,payment,48.85,60.26,280.71,3548,1.69,0
2026-06-04 20:24:00,order,56.9,60.58,400.27,3382,2.43,0
2026-06-04 20:24:00,notification,71.85,57.92,514.92,4505,3.07,1
2026-06-04 20:27:00,payment,38.99,50.74,200.14,2464,1.63,0
2026-06-04 20:27:00,notification,48.67,56.33,301.69,3660,3.59,0
2026-06-04 20:27:00,order,44.47,67.69,514.2,4413,4.69,1
2026-06-04 20:30:00,notification,47.61,58.1,374.81,3923,5.2,0
2026-06-04 20:30:00,payment,39.19,53.76,325.37,3214,2.55,0
2026-06-04 20:30:00,order,57.71,68.65,540.14,3870,4.66,1
2026-06-04 20:33:00,notification,61.31,58.0,386.56,4687,5.51,1
2026-06-04 20:33:00,payment,60.15,56.4,364.11,3658,3.2,1
2026-06-04 20:33:00,order,64.73,55.52,423.7,4578,4.68,0
2026-06-04 20:36:00,notification,45.2,49.99,415.37,3309,3.51,1
2026-06-04 20:36:00,payment,45.84,53.94,177.07,3427,1.67,0
2026-06-04 20:36:00,order,58.17,64.83,482.63,4681,3.45,1
2026-06-04 20:39:00,notification,50.69,66.31,550.84,3844,4.63,1
2026-06-04 20:39:00,payment,48.76,57.03,338.26,3559,3.32,0
2026-06-04 20:39:00,order,58.89,55.91,526.89,4299,5.11,0
2026-06-04 20:42:00,payment,49.6,58.47,351.85,4189,6.26,1
2026-06-04 20:42:00,order,55.05,59.16,521.97,4366,5.1,0
2026-06-04 20:42:00,notification,60.83,63.51,575.06,4449,5.17,1
2026-06-04 20:45:00,order,64.9,56.64,462.41,4193,5.79,1
2026-06-04 20:45:00,notification,68.51,66.53,431.85,4352,4.59,0
2026-06-04 20:45:00,payment,56.79,58.96,307.19,4039,3.85,1
2026-06-04 20:48:00,order,54.26,57.68,512.38,4599,4.26,1
2026-06-04 20:48:00,notification,58.51,54.84,349.55,4174,2.81,0
2026-06-04 20:48:00,payment,62.37,70.68,374.05,3429,3.24,1
2026-06-04 20:51:00,order,62.6,55.79,538.95,4517,6.77,1
2026-06-04 20:51:00,notification,58.14,60.23,413.05,4244,4.69,0
2026-06-04 20:51:00,payment,55.06,61.27,357.77,4254,3.06,0
2026-06-04 20:54:00,notification,65.45,58.28,572.75,4651,4.31,1
2026-06-04 20:54:00,payment,45.46,53.85,427.68,4429,4.49,0
2026-06-04 20:54:00,order,58.86,54.79,476.0,4576,4.39,0
2026-06-04 20:57:00,payment,47.11,61.82,427.14,4214,2.21,0
2026-06-04 20:57:00,order,56.79,56.34,459.33,4217,6.12,0
2026-06-04 20:57:00,notification,58.38,67.18,575.82,4584,3.31,0
2026-06-04 21:00:00,payment,49.06,52.66,302.24,4171,5.17,0
2026-06-04 21:00:00,order,55.81,59.36,202.24,4142,3.75,0
2026-06-04 21:00:00,notification,51.54,71.96,617.81,5376,4.02,1
2026-06-04 21:03:00,payment,51.8,60.5,316.39,4135,4.79,0
2026-06-04 21:03:00,order,53.71,57.67,417.49,4296,1.99,0
2026-06-04 21:03:00,notification,57.23,72.63,641.53,4539,7.6,1
2026-06-04 21:06:00,payment,40.19,48.95,303.93,4319,2.15,0
2026-06-04 21:06:00,order,58.52,47.89,387.16,4014,4.0,1
2026-06-04 21:06:00,notification,63.61,60.1,514.95,4213,2.85,0
2026-06-04 21:09:00,order,55.28,70.13,333.67,3946,2.64,0
2026-06-04 21:09:00,notification,49.37,64.55,524.83,4442,4.58,1
2026-06-04 21:09:00,payment,59.46,53.69,480.02,4280,3.94,0
2026-06-04 21:12:00,notification,56.63,64.28,458.39,4789,6.28,0
2026-06-04 21:12:00,payment,50.42,62.97,497.74,5007,3.91,0
2026-06-04 21:12:00,order,59.6,55.79,313.67,4051,3.06,0
2026-06-04 21:15:00,notification,56.1,61.0,466.92,3985,4.48,0
2026-06-04 21:15:00,payment,66.0,66.33,482.15,3739,4.97,0
2026-06-04 21:15:00,order,48.86,51.66,372.45,4292,4.86,0
2026-06-04 21:18:00,notification,58.04,62.18,423.02,4288,6.93,1
2026-06-04 21:18:00,payment,67.69,63.63,417.35,4643,4.61,1
2026-06-04 21:18:00,order,53.44,65.41,579.56,4394,3.53,1
2026-06-04 21:21:00,notification,57.23,54.56,463.82,4534,3.54,1
2026-06-04 21:21:00,order,59.94,63.46,525.29,4682,3.3,0
2026-06-04 21:21:00,payment,54.08,64.37,429.1,4171,4.46,1
2026-06-04 21:24:00,order,62.37,57.99,508.08,4717,4.6,1
2026-06-04 21:24:00,notification,53.22,47.1,353.64,3652,1.67,0
2026-06-04 21:24:00,payment,59.47,63.04,525.52,4123,3.32,0
2026-06-04 21:27:00,order,59.98,63.09,460.29,5077,4.9,1
2026-06-04 21:27:00,notification,69.04,58.61,393.36,3932,1.36,0
2026-06-04 21:27:00,payment,47.77,60.62,472.67,4750,3.5,0
2026-06-04 21:30:00,order,52.55,58.0,505.62,4246,5.66,1
2026-06-04 21:30:00,notification,60.85,55.17,488.95,4249,2.16,1
2026-06-04 21:30:00,payment,59.05,57.36,416.95,4657,5.49,1
2026-06-04 21:33:00,order,62.8,60.77,433.66,4250,5.11,1
2026-06-04 21:33:00,notification,61.96,53.91,309.51,4083,5.43,1
2026-06-04 21:33:00,payment,54.07,65.43,330.1,3688,3.98,0
2026-06-04 21:36:00,notification,53.56,55.88,432.61,4062,2.22,1
2026-06-04 21:36:00,payment,48.29,64.58,393.88,4534,0.81,1
2026-06-04 21:36:00,order,50.19,66.06,403.44,4271,1.05,0
2026-06-04 21:39:00,payment,51.0,57.38,360.63,4263,3.26,1
2026-06-04 21:39:00,order,59.31,60.46,510.53,4781,2.94,0
2026-06-04 21:39:00,notification,61.48,62.45,249.58,3836,0.76,0
2026-06-04 21:42:00,payment,46.66,54.34,270.94,3382,5.58,1
2026-06-04 21:42:00,order,53.29,59.78,310.84,4224,1.65,1
2026-06-04 21:42:00,notification,45.68,55.32,281.1,3272,2.45,0
2026-06-04 21:45:00,payment,45.03,60.79,257.57,3071,3.22,0
2026-06-04 21:45:00,order,51.6,55.27,377.66,4057,1.23,0
2026-06-04 21:45:00,notification,54.94,49.95,380.92,3545,1.85,0
2026-06-04 21:48:00,order,52.35,60.86,514.81,4820,3.98,0
2026-06-04 21:48:00,notification,48.17,48.17,289.66,3653,1.75,0
2026-06-04 21:48:00,payment,48.58,49.26,269.78,2327,0.82,0
2026-06-04 21:51:00,notification,57.63,55.9,285.49,4230,4.74,0
2026-06-04 21:51:00,payment,41.32,52.4,264.69,3167,1.97,0
2026-06-04 21:51:00,order,56.49,56.35,499.32,3620,4.84,0
2026-06-04 21:54:00,notification,55.65,56.26,343.52,4246,3.61,1
2026-06-04 21:54:00,payment,61.9,59.07,423.66,3820,3.96,1
2026-06-04 21:54:00,order,49.46,50.43,343.54,4023,3.75,1
2026-06-04 21:57:00,notification,59.52,51.04,414.52,4479,4.26,0
2026-06-04 21:57:00,payment,47.17,59.23,350.89,4601,1.96,0
2026-06-04 21:57:00,order,38.35,48.78,268.87,3026,2.39,0
2026-06-04 22:00:00,notification,52.26,55.36,292.11,3651,5.39,0
2026-06-04 22:00:00,payment,59.95,51.5,322.03,3866,1.83,0
2026-06-04 22:00:00,order,50.64,49.4,305.5,3662,1.54,0
2026-06-04 22:03:00,payment,46.12,59.15,262.55,3545,3.79,1
2026-06-04 22:03:00,order,48.15,53.14,185.32,3187,2.59,0
2026-06-04 22:03:00,notification,50.95,48.18,425.23,3338,2.12,0
2026-06-04 22:06:00,order,49.38,53.38,305.56,3184,1.47,0
2026-06-04 22:06:00,notification,54.29,48.47,357.5,3506,2.71,0
2026-06-04 22:06:00,payment,55.67,60.0,428.58,4438,6.13,0
2026-06-04 22:09:00,order,49.61,42.0,266.65,3513,2.41,0
2026-06-04 22:09:00,notification,47.09,63.87,434.28,3295,1.59,0
2026-06-04 22:09:00,payment,50.78,67.75,347.75,4030,3.16,0
2026-06-04 22:12:00,order,48.38,64.92,296.55,3690,2.25,1
2026-06-04 22:12:00,notification,41.44,51.24,414.05,3297,5.11,0
2026-06-04 22:12:00,payment,51.43,62.28,482.45,3733,5.51,1
2026-06-04 22:15:00,order,51.12,58.88,258.91,4444,2.59,0
2026-06-04 22:15:00,notification,35.95,53.92,242.18,3376,2.36,0
2026-06-04 22:15:00,payment,52.61,50.55,320.66,2857,1.45,0
2026-06-04 22:18:00,order,50.68,62.35,326.75,4026,2.63,1
2026-06-04 22:18:00,payment,57.86,58.06,375.46,3857,0.0,0
2026-06-04 22:18:00,notification,56.26,53.32,240.03,3318,0.0,0
2026-06-04 22:21:00,payment,53.43,53.78,245.21,3508,2.96,0
2026-06-04 22:21:00,order,52.55,56.06,332.81,4014,1.56,0
2026-06-04 22:21:00,notification,46.76,60.38,279.81,2780,0.28,0
2026-06-04 22:24:00,payment,44.93,59.7,227.47,3669,2.92,0
2026-06-04 22:24:00,order,53.33,45.98,251.85,4087,3.1,1
2026-06-04 22:24:00,notification,47.88,58.72,202.29,3719,3.63,0
2026-06-04 22:27:00,payment,44.79,47.42,168.82,2759,2.53,0
2026-06-04 22:27:00,order,49.33,48.75,264.53,3527,3.0,0
2026-06-04 22:27:00,notification,44.82,55.98,311.31,3483,0.0,1
2026-06-04 22:30:00,payment,41.32,52.96,282.68,3370,2.86,0
2026-06-04 22:30:00,order,42.54,66.94,429.6,4015,4.6,1
2026-06-04 22:30:00,notification,46.62,45.46,309.8,3650,1.68,0
2026-06-04 22:33:00,order,59.58,51.29,376.97,4620,3.13,1
2026-06-04 22:33:00,notification,43.27,48.43,222.6,4152,2.88,0
2026-06-04 22:33:00,payment,43.29,54.24,429.99,3098,2.87,0
2026-06-04 22:36:00,notification,41.12,45.52,90.42,3176,1.97,0
2026-06-04 22:36:00,payment,40.38,53.35,311.62,3040,1.94,0
2026-06-04 22:36:00,order,55.08,50.44,421.74,4731,4.28,0
2026-06-04 22:39:00,notification,31.9,61.33,223.49,2746,4.56,0
2026-06-04 22:39:00,payment,42.01,46.42,223.19,3166,1.53,1
2026-06-04 22:39:00,order,55.05,56.73,462.94,4195,1.92,0
2026-06-04 22:42:00,notification,30.54,50.9,352.85,2425,1.28,1
2026-06-04 22:42:00,payment,41.25,49.59,170.52,2731,0.56,0
2026-06-04 22:42:00,order,49.76,54.22,635.12,4618,5.19,0
2026-06-04 22:45:00,payment,29.02,49.43,188.59,2055,0.72,0
2026-06-04 22:45:00,order,53.73,65.43,500.61,4034,5.94,1
2026-06-04 22:45:00,notification,35.36,49.29,221.38,2614,0.41,0
2026-06-04 22:48:00,order,55.67,66.87,550.62,5316,4.29,0
2026-06-04 22:48:00,notification,42.14,53.93,209.55,3483,1.19,0
2026-06-04 22:48:00,payment,40.01,53.6,309.68,2262,0.0,0
2026-06-04 22:51:00,order,50.7,61.01,376.11,3749,5.16,1
2026-06-04 22:51:00,notification,58.1,62.04,365.91,3536,4.17,0
2026-06-04 22:51:00,payment,46.68,44.83,232.9,2247,0.0,0
2026-06-04 22:54:00,order,51.52,56.09,356.35,3995,5.75,0
2026-06-04 22:54:00,notification,65.83,52.82,366.34,3378,0.0,0
2026-06-04 22:54:00,payment,47.21,45.27,205.92,3088,1.01,0
2026-06-04 22:57:00,order,48.22,61.32,420.54,4378,3.43,0
2026-06-04 22:57:00,notification,60.71,58.94,446.53,4376,3.99,0
2026-06-04 22:57:00,payment,37.07,51.36,198.09,2391,0.0,0
2026-06-04 23:00:00,notification,37.57,59.81,607.3,4646,6.46,1
2026-06-04 23:00:00,payment,30.64,42.13,191.76,2605,0.0,0
2026-06-04 23:00:00,order,69.96,70.26,439.82,4229,6.35,1
2026-06-04 23:03:00,payment,41.8,51.54,203.67,2649,0.64,0
2026-06-04 23:03:00,order,66.16,54.26,417.73,3724,2.6,1
2026-06-04 23:03:00,notification,70.09,59.72,473.37,4377,5.47,1
2026-06-04 23:06:00,payment,29.37,55.11,201.38,2906,1.43,0
2026-06-04 23:06:00,order,61.57,69.35,572.92,4303,5.35,1
2026-06-04 23:06:00,notification,53.97,59.38,512.41,4178,5.96,0
2026-06-04 23:09:00,payment,52.3,57.98,210.2,3368,1.58,0
2026-06-04 23:09:00,order,53.26,62.35,340.5,4142,0.48,0
2026-06-04 23:09:00,notification,47.68,63.06,484.74,3897,2.04,0
2026-06-04 23:12:00,payment,44.45,53.66,324.21,2733,0.0,0
2026-06-04 23:12:00,order,65.13,58.38,454.1,4778,4.92,0
2026-06-04 23:12:00,notification,69.2,63.37,528.58,4597,6.36,0
2026-06-04 23:15:00,payment,58.73,51.04,296.44,3225,4.21,0
2026-06-04 23:15:00,notification,53.97,67.72,429.75,4233,4.66,0
2026-06-04 23:15:00,order,64.29,60.07,479.95,4787,2.07,1
2026-06-04 23:18:00,notification,52.11,58.87,422.26,4967,4.21,0
2026-06-04 23:18:00,payment,34.45,51.54,305.22,3746,0.1,0
2026-06-04 23:18:00,order,51.53,62.22,408.89,4526,1.96,0
2026-06-04 23:21:00,notification,53.3,62.03,572.75,4422,3.82,0
2026-06-04 23:21:00,payment,50.92,53.4,356.15,3838,0.94,0
2026-06-04 23:21:00,order,60.3,57.96,614.31,4743,5.48,1
2026-06-04 23:24:00,notification,49.46,50.55,469.98,3570,5.21,0
2026-06-04 23:24:00,payment,45.61,49.38,301.08,3659,0.54,0
2026-06-04 23:24:00,order,53.82,51.38,460.74,4578,5.25,0
2026-06-04 23:27:00,notification,57.87,58.52,537.56,4184,2.81,0
2026-06-04 23:27:00,payment,43.29,58.05,276.71,3661,3.46,0
2026-06-04 23:27:00,order,56.2,66.53,500.72,5102,4.36,1
2026-06-04 23:30:00,payment,38.6,55.59,471.62,2657,2.67,0
2026-06-04 23:30:00,order,57.47,56.32,414.6,4688,5.21,1
2026-06-04 23:30:00,notification,52.95,49.07,323.81,3786,2.25,0
2026-06-04 23:33:00,order,55.88,55.33,368.07,4480,6.54,0
2026-06-04 23:33:00,notification,42.7,54.81,266.41,3047,4.06,0
2026-06-04 23:33:00,payment,48.53,46.65,262.82,2807,1.28,0
2026-06-04 23:36:00,order,54.02,55.14,484.29,4108,2.3,0
2026-06-04 23:36:00,notification,43.39,68.69,512.94,4205,4.4,0
2026-06-04 23:36:00,payment,50.77,62.02,212.55,3252,1.5,0
2026-06-04 23:39:00,order,53.82,58.94,464.25,4405,2.21,1
2026-06-04 23:39:00,notification,46.46,61.48,348.22,3313,3.65,1
2026-06-04 23:39:00,payment,59.02,54.44,288.06,4515,2.67,0
2026-06-04 23:42:00,order,61.17,55.04,481.51,3456,4.69,0
2026-06-04 23:42:00,payment,46.69,41.99,285.3,2597,0.0,0
2026-06-04 23:42:00,notification,53.79,55.34,339.44,4024,2.09,0
2026-06-04 23:45:00,payment,41.22,46.82,170.18,3466,2.27,0
2026-06-04 23:45:00,order,47.85,54.04,500.13,4027,3.7,0
2026-06-04 23:45:00,notification,44.47,59.24,339.44,3683,1.3,0
2026-06-04 23:48:00,payment,31.25,52.06,110.75,2512,0.2,0
2026-06-04 23:48:00,order,56.1,60.4,423.54,3922,4.58,0
2026-06-04 23:48:00,notification,48.43,45.85,217.9,3881,4.42,0
2026-06-04 23:51:00,payment,29.0,53.69,221.63,2495,1.47,0
2026-06-04 23:51:00,order,45.01,54.95,377.97,3130,1.58,0
2026-06-04 23:51:00,notification,45.77,53.92,153.18,3323,2.37,0
2026-06-04 23:54:00,payment,50.25,53.16,185.34,2796,1.9,0
2026-06-04 23:54:00,order,51.22,51.23,365.4,4076,0.62,0
2026-06-04 23:54:00,notification,50.28,62.47,368.82,2610,1.56,0
2026-06-04 23:57:00,order,58.86,59.56,345.72,4441,1.69,0
2026-06-04 23:57:00,notification,47.96,54.32,252.46,2086,1.66,0
2026-06-04 23:57:00,payment,36.81,54.77,195.89,2333,0.62,1
2026-06-05 00:00:00,notification,57.57,55.97,430.0,3526,3.14,1
2026-06-05 00:00:00,payment,47.42,51.77,233.04,1416,0.0,0
2026-06-05 00:00:00,order,59.67,60.97,481.83,3625,5.23,0
2026-06-05 00:03:00,notification,50.24,55.0,349.28,4017,2.21,1
2026-06-05 00:03:00,payment,40.15,47.17,110.25,2843,0.53,0
2026-06-05 00:03:00,order,50.89,57.89,435.42,3865,4.89,0
2026-06-05 00:06:00,notification,56.15,53.58,285.49,3809,2.53,0
2026-06-05 00:06:00,payment,43.18,49.58,110.91,2536,0.0,0
2026-06-05 00:06:00,order,53.81,59.38,422.47,3805,4.57,0
2026-06-05 00:09:00,notification,40.98,49.77,235.46,3080,0.83,0
2026-06-05 00:09:00,payment,35.25,47.16,70.77,1593,0.93,0
2026-06-05 00:09:00,order,63.8,57.98,406.44,3793,4.4,1
2026-06-05 00:12:00,notification,36.99,46.19,119.78,2534,0.89,0
2026-06-05 00:12:00,order,50.03,62.64,285.59,3815,5.16,0
2026-06-05 00:12:00,payment,45.49,51.89,237.96,2993,1.03,0
2026-06-05 00:15:00,order,52.47,47.46,227.7,3422,1.88,0
2026-06-05 00:15:00,notification,51.09,48.66,186.91,3068,2.09,0
2026-06-05 00:15:00,payment,42.11,45.08,227.31,3058,0.72,0
2026-06-05 00:18:00,order,56.8,62.44,383.27,4082,0.65,0
2026-06-05 00:18:00,notification,38.78,40.68,259.61,1952,3.16,0
2026-06-05 00:18:00,payment,37.6,50.43,141.02,2940,0.0,0
2026-06-05 00:21:00,order,46.49,49.81,283.47,4101,0.61,0
2026-06-05 00:21:00,notification,42.17,57.88,331.54,3598,4.0,0
2026-06-05 00:21:00,payment,43.54,53.67,107.95,3031,2.5,0
2026-06-05 00:24:00,order,59.45,46.39,357.76,3848,0.86,0
2026-06-05 00:24:00,notification,41.46,59.13,301.45,3766,1.63,0
2026-06-05 00:24:00,payment,36.97,44.06,145.17,2053,0.37,0
2026-06-05 00:27:00,notification,47.07,58.82,214.25,3415,2.55,0
2026-06-05 00:27:00,payment,36.64,46.57,268.92,2458,4.15,0
2026-06-05 00:27:00,order,58.56,48.16,195.32,2947,0.0,0
2026-06-05 00:30:00,payment,47.73,52.8,188.16,2971,1.75,0
2026-06-05 00:30:00,order,54.84,52.18,386.02,3861,0.81,0
2026-06-05 00:30:00,notification,47.52,52.8,350.09,4022,0.56,0
2026-06-05 00:33:00,payment,39.66,43.72,145.5,2987,1.57,0
2026-06-05 00:33:00,order,53.52,49.12,225.47,3643,1.08,0
2026-06-05 00:33:00,notification,51.14,55.96,283.43,4146,3.25,0
2026-06-05 00:36:00,payment,42.92,40.33,113.15,1811,1.19,0
2026-06-05 00:36:00,order,38.87,49.92,410.09,2475,3.37,0
2026-06-05 00:36:00,notification,52.05,55.16,252.64,3675,3.15,1
2026-06-05 00:39:00,order,40.36,58.99,211.41,4042,2.8,0
2026-06-05 00:39:00,notification,47.46,51.5,237.39,3585,2.24,0
2026-06-05 00:39:00,payment,36.01,51.59,148.66,2569,1.41,0
2026-06-05 00:42:00,notification,51.58,57.57,269.56,1894,3.5,0
2026-06-05 00:42:00,payment,36.02,47.44,246.43,3379,2.89,0
2026-06-05 00:42:00,order,46.27,48.3,315.17,3437,3.97,0
2026-06-05 00:45:00,notification,50.97,56.17,261.09,3427,1.29,1
2026-06-05 00:45:00,payment,50.66,47.23,314.51,3037,2.5,0
2026-06-05 00:45:00,order,43.86,42.24,240.36,3563,0.87,0
2026-06-05 00:48:00,notification,39.14,55.82,222.37,3543,1.88,1
2026-06-05 00:48:00,payment,54.63,48.4,269.52,3513,0.0,1
2026-06-05 00:48:00,order,48.57,49.25,247.79,2475,2.27,0
2026-06-05 00:51:00,notification,44.99,57.66,432.66,3772,1.57,0
2026-06-05 00:51:00,payment,50.73,57.9,254.4,3663,2.95,0
2026-06-05 00:51:00,order,32.65,65.39,395.14,4347,4.33,0
2026-06-05 00:54:00,payment,40.23,53.35,268.19,1830,2.07,0
2026-06-05 00:54:00,order,53.43,49.83,384.34,3835,2.13,0
2026-06-05 00:54:00,notification,48.54,48.8,360.78,4186,2.88,0
2026-06-05 00:57:00,order,46.69,48.98,245.72,3797,1.81,0
2026-06-05 00:57:00,notification,39.1,45.86,286.61,3999,2.65,0
2026-06-05 00:57:00,payment,39.56,46.88,242.86,3446,1.36,0
2026-06-05 01:00:00,order,43.24,50.4,237.6,2823,3.77,0
2026-06-05 01:00:00,notification,51.19,53.44,310.58,3822,3.65,0
2026-06-05 01:00:00,payment,48.32,41.05,150.36,2788,3.2,0
2026-06-05 01:03:00,order,57.95,60.15,180.26,3559,1.68,0
2026-06-05 01:03:00,notification,44.85,47.86,282.51,3514,1.57,0
2026-06-05 01:03:00,payment,35.53,43.2,297.69,2935,3.0,0
2026-06-05 01:06:00,order,47.21,52.79,210.74,3842,4.33,0
2026-06-05 01:06:00,payment,35.4,49.09,174.17,2097,2.14,0
2026-06-05 01:06:00,notification,52.49,48.8,258.61,2869,2.9,0
2026-06-05 01:09:00,payment,48.29,45.38,167.96,1635,0.18,0
2026-06-05 01:09:00,order,36.61,47.15,221.45,3271,0.3,0
2026-06-05 01:09:00,notification,49.38,43.41,159.86,2647,0.0,0
2026-06-05 01:12:00,payment,32.48,41.34,152.05,2588,0.0,0
2026-06-05 01:12:00,order,48.08,53.26,204.95,2711,3.85,0
2026-06-05 01:12:00,notification,40.97,43.43,159.63,2848,2.15,0
2026-06-05 01:15:00,payment,44.4,42.73,146.95,1614,1.48,0
2026-06-05 01:15:00,order,47.63,52.88,165.83,3204,3.42,1
2026-06-05 01:15:00,notification,50.16,40.26,269.79,2974,0.0,0
2026-06-05 01:18:00,payment,22.57,43.07,199.39,1555,2.04,0
2026-06-05 01:18:00,order,48.43,57.37,313.4,3291,1.54,0
2026-06-05 01:18:00,notification,44.08,44.19,256.49,3349,1.69,0
2026-06-05 01:21:00,order,65.68,51.4,363.9,3620,2.79,1
2026-06-05 01:21:00,notification,46.82,47.97,258.44,2725,3.08,0
2026-06-05 01:21:00,payment,34.39,39.33,74.3,1925,0.0,0
2026-06-05 01:24:00,notification,39.62,53.34,317.69,4324,2.91,0
2026-06-05 01:24:00,payment,43.57,41.68,155.91,2009,1.72,0
2026-06-05 01:24:00,order,56.15,56.7,435.31,4721,2.51,1
2026-06-05 01:27:00,notification,48.0,61.62,411.15,4004,4.54,0
2026-06-05 01:27:00,payment,31.3,34.47,118.66,2128,0.11,0
2026-06-05 01:27:00,order,59.74,64.1,360.98,4158,3.08,0
2026-06-05 01:30:00,notification,50.4,53.16,370.82,4145,1.45,0
2026-06-05 01:30:00,payment,36.98,58.48,227.88,2588,0.0,0
2026-06-05 01:30:00,order,58.18,62.71,432.46,4370,2.5,1
2026-06-05 01:33:00,notification,46.34,45.51,335.95,3406,2.56,0
2026-06-05 01:33:00,order,65.63,66.2,491.0,4123,2.77,1
2026-06-05 01:33:00,payment,32.83,45.37,169.96,2214,1.69,0
2026-06-05 01:36:00,order,56.04,61.91,559.48,4576,3.41,1
2026-06-05 01:36:00,notification,57.3,53.45,298.92,3149,1.69,0
2026-06-05 01:36:00,payment,47.9,49.13,180.6,3088,2.41,0
2026-06-05 01:39:00,order,51.87,67.65,475.41,4559,6.23,0
2026-06-05 01:39:00,notification,50.58,56.32,277.96,3067,4.22,0
2026-06-05 01:39:00,payment,32.86,47.63,201.83,2672,0.45,0
2026-06-05 01:42:00,order,59.47,60.97,335.02,3862,1.76,1
2026-06-05 01:42:00,notification,54.22,43.91,334.53,3528,1.87,0
2026-06-05 01:42:00,payment,36.5,42.39,175.35,1611,0.0,0
2026-06-05 01:45:00,order,60.09,59.79,497.93,5058,6.64,1
2026-06-05 01:45:00,notification,50.94,61.06,222.67,3267,1.52,0
2026-06-05 01:45:00,payment,31.56,46.09,123.99,3110,3.08,1
2026-06-05 01:48:00,notification,48.21,55.79,276.32,2897,3.9,0
2026-06-05 01:48:00,payment,46.7,44.67,237.45,1374,0.06,0
2026-06-05 01:48:00,order,60.59,64.03,431.15,4772,5.35,1
2026-06-05 01:51:00,payment,47.95,43.22,240.77,3177,2.66,0
2026-06-05 01:51:00,order,52.1,55.92,360.04,4045,5.83,0
2026-06-05 01:51:00,notification,49.58,57.24,288.69,3163,0.16,0
2026-06-05 01:54:00,payment,38.45,47.97,165.23,2253,0.0,0
2026-06-05 01:54:00,order,58.97,68.26,439.74,4545,4.75,0
2026-06-05 01:54:00,notification,57.77,55.16,232.3,3546,1.18,0
2026-06-05 01:57:00,payment,32.08,37.83,145.44,2828,1.53,0
2026-06-05 01:57:00,order,41.45,61.28,301.74,3098,5.01,1
2026-06-05 01:57:00,notification,31.52,48.12,344.95,3000,2.33,0
2026-06-05 02:00:00,payment,47.74,54.44,190.33,2699,1.45,0
2026-06-05 02:00:00,order,47.25,54.03,333.21,3871,1.11,0
2026-06-05 02:00:00,notification,40.25,51.85,194.37,3893,2.31,0
2026-06-05 02:03:00,payment,37.88,50.95,225.2,2647,2.2,0
2026-06-05 02:03:00,notification,45.06,48.39,188.2,3148,0.93,0
2026-06-05 02:03:00,order,45.81,54.49,361.38,4047,4.45,0
2026-06-05 02:06:00,notification,55.22,57.01,241.88,3290,2.06,0
2026-06-05 02:06:00,payment,32.67,49.53,81.16,2758,2.86,0
2026-06-05 02:06:00,order,52.11,55.32,287.41,3188,6.27,0
2026-06-05 02:09:00,notification,55.03,51.65,373.96,3644,4.99,1
2026-06-05 02:09:00,payment,29.03,37.9,202.71,2576,0.12,0
2026-06-05 02:09:00,order,45.66,53.31,340.05,3582,2.19,0
2026-06-05 02:12:00,notification,42.81,55.04,271.78,3782,1.08,0
2026-06-05 02:12:00,payment,36.07,42.92,223.27,2933,1.76,0
2026-06-05 02:12:00,order,43.83,63.73,357.4,4004,3.21,0
2026-06-05 02:15:00,notification,42.92,57.03,179.78,2675,1.86,0
2026-06-05 02:15:00,payment,30.22,52.98,31.85,3414,0.0,0
2026-06-05 02:15:00,order,45.6,51.85,301.38,4779,1.49,0
2026-06-05 02:18:00,payment,37.54,68.76,211.71,2254,0.0,0
2026-06-05 02:18:00,order,48.85,43.86,236.49,4252,1.97,0
2026-06-05 02:18:00,notification,55.67,57.41,387.64,3120,2.68,1
2026-06-05 02:21:00,order,44.64,48.89,222.65,3197,1.89,0
2026-06-05 02:21:00,notification,47.98,57.03,379.83,3985,4.33,0
2026-06-05 02:21:00,payment,47.07,55.1,258.8,1659,0.79,0
2026-06-05 02:24:00,order,41.65,55.86,185.78,3047,0.0,0
2026-06-05 02:24:00,notification,54.33,59.63,339.43,4097,1.9,0
2026-06-05 02:24:00,payment,40.64,54.56,255.83,2799,2.02,0
2026-06-05 02:27:00,order,53.33,59.02,194.97,3645,3.19,0
2026-06-05 02:27:00,notification,44.04,50.3,403.73,3765,1.57,0
2026-06-05 02:27:00,payment,44.39,51.45,260.55,2702,3.45,0
2026-06-05 02:30:00,notification,48.1,40.37,295.82,3200,1.45,0
2026-06-05 02:30:00,payment,40.56,46.83,229.88,3030,4.07,0
2026-06-05 02:30:00,order,58.93,55.57,394.08,4132,4.04,1
2026-06-05 02:33:00,payment,44.86,55.68,180.72,2764,1.34,0
2026-06-05 02:33:00,order,56.85,53.4,375.1,3211,2.06,0
2026-06-05 02:33:00,notification,49.68,46.87,297.01,3988,1.14,0
2026-06-05 02:36:00,payment,55.44,44.73,127.19,3424,2.04,0
2026-06-05 02:36:00,order,37.43,56.24,327.36,3031,2.58,0
2026-06-05 02:36:00,notification,28.76,47.11,212.27,3512,2.32,0
2026-06-05 02:39:00,payment,42.43,44.7,309.49,2588,2.91,0
2026-06-05 02:39:00,order,50.58,51.39,383.72,3181,3.64,1
2026-06-05 02:39:00,notification,53.28,50.66,152.26,2001,2.27,0
2026-06-05 02:42:00,payment,51.49,48.32,362.55,3822,3.55,0
2026-06-05 02:42:00,order,45.4,40.68,442.3,3631,0.95,0
2026-06-05 02:42:00,notification,55.21,45.54,318.02,2510,2.12,0
2026-06-05 02:45:00,order,30.74,45.17,131.83,3300,2.43,0
2026-06-05 02:45:00,notification,27.48,42.74,126.25,1872,0.0,0
2026-06-05 02:45:00,payment,35.85,56.24,324.9,3474,1.69,0
2026-06-05 02:48:00,notification,40.08,51.88,232.21,2841,0.89,0
2026-06-05 02:48:00,payment,56.51,52.89,245.66,3576,2.37,0
2026-06-05 02:48:00,order,35.11,51.89,218.11,3138,1.86,0
2026-06-05 02:51:00,notification,30.04,48.7,237.09,2711,0.79,0
2026-06-05 02:51:00,payment,39.43,49.37,261.23,3096,1.31,0
2026-06-05 02:51:00,order,50.21,50.15,297.38,3681,4.72,0
2026-06-05 02:54:00,notification,29.85,55.14,131.89,3621,0.08,0
2026-06-05 02:54:00,payment,49.76,49.77,138.55,3405,1.36,0
2026-06-05 02:54:00,order,47.27,50.59,171.17,3244,1.9,0
2026-06-05 02:57:00,notification,48.31,49.29,214.68,2729,0.51,0
2026-06-05 02:57:00,payment,47.24,48.05,246.99,3534,1.98,0
2026-06-05 02:57:00,order,46.72,57.74,178.68,3217,1.42,0
2026-06-05 03:00:00,notification,56.13,43.69,195.27,2860,3.98,0
2026-06-05 03:00:00,order,39.61,45.07,286.59,3185,1.91,0
2026-06-05 03:00:00,payment,52.67,51.19,324.74,3484,2.45,0
2026-06-05 03:03:00,order,57.14,51.6,344.45,4484,3.09,0
2026-06-05 03:03:00,notification,48.77,65.1,336.23,3714,3.5,0
2026-06-05 03:03:00,payment,53.08,51.48,357.84,3823,2.12,0
2026-06-05 03:06:00,order,40.48,55.23,255.5,3664,4.32,0
2026-06-05 03:06:00,notification,56.17,55.69,228.59,2973,0.67,0
2026-06-05 03:06:00,payment,44.48,45.99,386.63,3668,0.88,0
2026-06-05 03:09:00,order,42.63,50.1,200.4,3472,4.28,1
2026-06-05 03:09:00,notification,40.22,47.5,184.69,3003,2.46,0
2026-06-05 03:09:00,payment,53.71,50.46,270.94,3781,3.27,0
2026-06-05 03:12:00,order,48.44,52.09,361.61,3929,2.01,0
2026-06-05 03:12:00,notification,38.96,57.71,213.16,3848,2.98,0
2026-06-05 03:12:00,payment,41.85,46.94,221.0,2658,2.71,0
2026-06-05 03:15:00,notification,49.55,57.95,366.42,4245,2.26,0
2026-06-05 03:15:00,payment,49.05,53.52,186.83,3051,4.0,1
2026-06-05 03:15:00,order,40.73,63.03,249.2,4287,2.55,0
2026-06-05 03:18:00,payment,41.61,53.57,194.42,2653,2.13,0
2026-06-05 03:18:00,order,42.0,47.73,226.25,3294,1.42,0
2026-06-05 03:18:00,notification,49.72,65.21,322.96,4632,4.42,1
2026-06-05 03:21:00,payment,46.96,44.57,382.31,3402,1.33,0
2026-06-05 03:21:00,order,55.66,51.12,264.96,3474,1.61,0
2026-06-05 03:21:00,notification,49.76,54.15,373.58,2905,1.64,0
2026-06-05 03:24:00,payment,40.37,48.1,269.7,3282,0.81,0
2026-06-05 03:24:00,order,40.34,53.69,236.93,3046,0.0,0
2026-06-05 03:24:00,notification,55.2,52.15,297.19,3811,0.3,0
2026-06-05 03:27:00,payment,41.87,57.54,270.46,2713,1.4,0
2026-06-05 03:27:00,notification,39.02,53.32,313.25,3298,1.44,0
2026-06-05 03:27:00,order,54.81,55.25,271.86,4070,4.86,0
2026-06-05 03:30:00,notification,40.27,58.87,299.85,4505,1.14,0
2026-06-05 03:30:00,payment,32.37,41.02,157.19,2234,1.67,0
2026-06-05 03:30:00,order,54.16,48.82,285.21,3457,2.08,0
2026-06-05 03:33:00,notification,52.77,49.3,307.68,3749,1.53,0
2026-06-05 03:33:00,payment,42.51,49.92,196.79,3003,0.98,0
2026-06-05 03:33:00,order,48.15,63.6,376.75,3896,2.09,0
2026-06-05 03:36:00,notification,44.43,52.7,195.17,3359,2.7,0
2026-06-05 03:36:00,payment,43.58,50.26,268.7,2957,0.0,1
2026-06-05 03:36:00,order,36.62,47.29,263.13,2618,5.2,0
2026-06-05 03:39:00,notification,50.23,45.6,289.98,3664,2.53,0
2026-06-05 03:39:00,payment,41.21,56.16,212.64,3704,0.88,0
2026-06-05 03:39:00,order,42.78,47.73,215.29,2808,0.69,0
2026-06-05 03:42:00,payment,47.01,54.61,270.8,4153,2.29,0
2026-06-05 03:42:00,order,30.28,51.6,247.86,2947,1.31,0
2026-06-05 03:42:00,notification,39.27,52.89,165.8,3340,2.15,0
2026-06-05 03:45:00,order,45.3,64.91,244.3,4281,2.81,1
2026-06-05 03:45:00,notification,37.36,48.28,279.89,3098,1.65,0
2026-06-05 03:45:00,payment,48.32,51.13,250.8,3863,3.19,0
2026-06-05 03:48:00,order,50.33,52.38,336.63,3997,2.97,0
2026-06-05 03:48:00,notification,47.32,51.07,165.62,2984,0.0,0
2026-06-05 03:48:00,payment,44.77,54.42,280.83,3658,0.7,0
2026-06-05 03:51:00,order,54.73,50.37,352.03,3535,1.96,0
2026-06-05 03:51:00,notification,47.33,53.98,253.64,2762,0.49,0
2026-06-05 03:51:00,payment,48.28,54.99,321.09,4359,2.92,0
2026-06-05 03:54:00,order,49.25,58.01,277.19,3541,4.19,0
2026-06-05 03:54:00,notification,55.36,49.52,206.68,3255,3.58,0
2026-06-05 03:54:00,payment,42.5,53.69,259.59,3669,2.76,0
2026-06-05 03:57:00,order,52.23,70.8,494.44,4093,4.47,1
2026-06-05 03:57:00,payment,61.04,46.22,299.19,3212,1.65,0
2026-06-05 03:57:00,notification,47.12,54.94,348.45,3837,4.59,1
2026-06-05 04:00:00,payment,59.13,63.94,407.39,3759,2.74,1
2026-06-05 04:00:00,order,49.31,58.98,418.58,3652,3.75,0
2026-06-05 04:00:00,notification,55.23,54.38,186.87,3209,2.27,0
2026-06-05 04:03:00,payment,52.42,61.38,339.7,3534,2.1,1
2026-06-05 04:03:00,order,53.79,59.54,491.46,5087,3.67,1
2026-06-05 04:03:00,notification,49.18,49.19,176.02,3426,2.46,0
2026-06-05 04:06:00,payment,55.59,48.94,259.51,3572,2.67,0
2026-06-05 04:06:00,order,57.93,60.89,520.61,3879,3.66,0
2026-06-05 04:06:00,notification,41.31,40.99,232.17,2737,3.56,0
2026-06-05 04:09:00,payment,37.65,53.48,332.95,3864,4.05,0
2026-06-05 04:09:00,order,53.46,46.16,368.97,4565,4.28,0
2026-06-05 04:09:00,notification,34.03,53.85,229.25,2337,0.53,0
2026-06-05 04:12:00,order,50.45,52.8,291.14,3833,4.11,0
2026-06-05 04:12:00,notification,44.73,45.47,164.11,2919,1.43,0
2026-06-05 04:12:00,payment,34.54,54.16,303.07,3152,4.22,0
2026-06-05 04:15:00,notification,38.68,44.98,162.7,2691,0.37,0
2026-06-05 04:15:00,payment,43.5,46.13,267.67,3109,0.65,0
2026-06-05 04:15:00,order,53.7,46.19,341.86,3689,2.27,0
2026-06-05 04:18:00,notification,51.13,45.62,173.73,2501,0.0,0
2026-06-05 04:18:00,payment,40.82,45.28,384.62,3717,2.39,0
2026-06-05 04:18:00,order,51.06,54.47,356.42,3883,2.11,0
2026-06-05 04:21:00,notification,34.67,44.95,147.73,2394,0.0,0
2026-06-05 04:21:00,payment,47.23,50.89,235.68,3842,0.0,0
2026-06-05 04:21:00,order,36.51,48.18,177.41,3624,2.83,0
2026-06-05 04:24:00,payment,46.88,49.92,391.3,3251,2.09,0
2026-06-05 04:24:00,order,38.74,38.31,135.81,2894,2.28,0
2026-06-05 04:24:00,notification,31.96,38.66,177.92,1405,0.97,0
2026-06-05 04:27:00,order,47.84,51.4,235.77,3312,2.78,0
2026-06-05 04:27:00,notification,40.09,36.6,94.07,1335,0.0,0
2026-06-05 04:27:00,payment,54.6,47.4,314.18,3729,3.33,0
2026-06-05 04:30:00,order,34.67,52.48,277.83,2952,0.37,0
2026-06-05 04:30:00,notification,33.38,41.66,30.0,1909,1.11,0
2026-06-05 04:30:00,payment,43.72,56.73,370.52,3294,4.81,0
2026-06-05 04:33:00,order,38.04,46.23,245.61,2849,1.16,0
2026-06-05 04:33:00,notification,22.15,39.66,83.87,836,0.0,0
2026-06-05 04:33:00,payment,49.29,58.57,235.65,3031,0.04,0
2026-06-05 04:36:00,order,39.87,39.75,208.12,2631,2.27,0
2026-06-05 04:36:00,notification,20.71,40.66,55.76,2086,0.0,0
2026-06-05 04:36:00,payment,51.79,61.04,437.02,3889,1.88,1
2026-06-05 04:39:00,notification,27.05,37.39,192.5,1708,0.25,0
2026-06-05 04:39:00,payment,54.98,57.2,385.42,4247,3.65,0
2026-06-05 04:39:00,order,34.16,53.56,283.15,2548,0.33,0
2026-06-05 04:42:00,payment,49.07,48.03,354.63,4058,1.36,0
2026-06-05 04:42:00,order,30.44,56.79,200.44,2912,3.46,0
2026-06-05 04:42:00,notification,24.92,37.97,118.07,1655,0.0,0
2026-06-05 04:45:00,payment,64.06,63.83,421.4,4011,4.45,0
2026-06-05 04:45:00,order,30.34,46.71,145.1,1820,2.82,0
2026-06-05 04:45:00,notification,36.08,39.24,219.24,2232,0.83,0
2026-06-05 04:48:00,payment,54.46,60.42,424.41,4183,4.8,1
2026-06-05 04:48:00,order,28.45,44.57,189.15,3136,0.82,0
2026-06-05 04:48:00,notification,45.72,49.05,186.71,3430,1.07,0
2026-06-05 04:51:00,payment,64.68,60.92,442.38,4770,2.23,0
2026-06-05 04:51:00,notification,42.99,54.99,231.76,2994,2.17,0
2026-06-05 04:51:00,order,42.31,44.07,125.72,2550,0.76,0
2026-06-05 04:54:00,notification,58.28,47.11,291.79,2742,3.32,1
2026-06-05 04:54:00,payment,46.77,66.35,375.12,4111,3.31,0
2026-06-05 04:54:00,order,38.28,45.62,67.14,1992,1.12,0
2026-06-05 04:57:00,notification,32.19,44.78,143.89,2954,0.24,0
2026-06-05 04:57:00,payment,57.07,53.47,384.7,3947,1.96,0
2026-06-05 04:57:00,order,31.84,44.33,88.96,2413,0.98,0
2026-06-05 05:00:00,notification,45.97,43.24,217.15,3520,2.08,0
2026-06-05 05:00:00,payment,52.93,43.8,358.56,3674,5.23,0
2026-06-05 05:00:00,order,28.05,45.93,117.62,1972,2.22,0
2026-06-05 05:03:00,notification,47.85,51.01,231.42,2822,0.99,0
2026-06-05 05:03:00,payment,50.71,52.38,342.22,3733,3.67,0
2026-06-05 05:03:00,order,45.27,47.71,217.76,2498,0.0,0
2026-06-05 05:06:00,payment,53.87,57.88,309.3,3741,2.05,0
2026-06-05 05:06:00,order,41.07,41.9,80.58,2518,0.0,0
2026-06-05 05:06:00,notification,40.1,52.58,166.53,2638,1.5,0
2026-06-05 05:09:00,order,32.53,39.64,87.96,2754,1.09,0
2026-06-05 05:09:00,notification,47.06,50.31,315.72,2898,3.54,0
2026-06-05 05:09:00,payment,48.48,55.75,368.27,3870,1.38,0
2026-06-05 05:12:00,order,43.02,42.05,191.49,2323,1.33,0
2026-06-05 05:12:00,notification,55.71,57.01,224.04,3266,3.16,0
2026-06-05 05:12:00,payment,33.96,49.25,374.02,3949,3.26,0
2026-06-05 05:15:00,order,34.25,43.69,102.12,1497,0.51,0
2026-06-05 05:15:00,notification,52.07,46.44,208.32,3361,1.4,0
2026-06-05 05:15:00,payment,28.0,45.22,320.3,3495,3.72,0
2026-06-05 05:18:00,notification,53.55,49.67,285.24,3875,3.47,0
2026-06-05 05:18:00,payment,50.64,47.69,222.39,2829,0.62,0
2026-06-05 05:18:00,order,40.68,38.09,159.17,2754,2.08,0
2026-06-05 05:21:00,payment,52.83,45.31,280.96,3036,1.4,0
2026-06-05 05:21:00,order,37.51,48.96,210.5,3347,3.3,0
2026-06-05 05:21:00,notification,46.29,56.21,333.52,4109,3.58,0
2026-06-05 05:24:00,payment,50.63,48.94,166.83,3398,0.16,0
2026-06-05 05:24:00,order,39.23,53.79,421.18,2905,3.35,0
2026-06-05 05:24:00,notification,51.95,55.29,289.49,3664,2.73,0
2026-06-05 05:27:00,payment,41.3,46.06,97.04,2582,3.19,0
2026-06-05 05:27:00,order,37.58,50.41,316.3,2932,2.65,0
2026-06-05 05:27:00,notification,55.91,54.99,343.59,3945,3.36,1
2026-06-05 05:30:00,payment,33.67,44.99,188.86,2290,0.0,0
2026-06-05 05:30:00,order,63.3,63.07,365.79,4620,2.72,1
2026-06-05 05:30:00,notification,55.74,57.16,378.65,4030,2.9,0
2026-06-05 05:33:00,order,46.76,63.0,380.75,3783,3.29,0
2026-06-05 05:33:00,notification,38.25,53.65,246.1,2897,1.09,0
2026-06-05 05:33:00,payment,43.58,48.29,245.54,2655,3.58,0
2026-06-05 05:36:00,notification,47.59,57.55,178.75,3355,1.78,0
2026-06-05 05:36:00,payment,45.47,52.81,194.87,3094,1.47,1
2026-06-05 05:36:00,order,49.72,56.9,347.68,3535,1.02,0
2026-06-05 05:39:00,notification,45.09,49.9,251.37,2325,3.27,0
2026-06-05 05:39:00,payment,41.78,53.76,262.49,3872,2.27,0
2026-06-05 05:39:00,order,50.57,62.39,407.23,3481,0.93,0
2026-06-05 05:42:00,notification,52.66,50.29,226.38,3753,1.27,0
2026-06-05 05:42:00,payment,57.05,53.99,293.31,3193,1.82,0
2026-06-05 05:42:00,order,47.6,57.86,272.44,3229,3.85,0
2026-06-05 05:45:00,notification,41.32,51.38,238.74,3690,5.41,0
2026-06-05 05:45:00,payment,61.36,54.53,230.27,4098,2.67,1
2026-06-05 05:45:00,order,47.46,54.69,316.36,2847,4.57,0
2026-06-05 05:48:00,notification,38.24,42.4,316.66,2978,0.98,0
2026-06-05 05:48:00,order,48.58,52.69,330.51,3242,1.09,1
2026-06-05 05:48:00,payment,53.09,55.21,296.99,3751,1.98,0
2026-06-05 05:51:00,order,52.65,53.21,385.41,3450,3.41,0
2026-06-05 05:51:00,notification,40.24,45.06,259.13,3421,3.06,0
2026-06-05 05:51:00,payment,49.0,49.43,411.2,4074,3.88,0
2026-06-05 05:54:00,order,42.76,56.44,419.36,3421,0.76,0
2026-06-05 05:54:00,notification,49.68,57.75,235.07,3787,0.55,0
2026-06-05 05:54:00,payment,44.13,53.34,276.21,3631,4.55,0
2026-06-05 05:57:00,order,50.13,55.88,355.14,3722,5.43,0
2026-06-05 05:57:00,notification,54.95,50.97,282.33,4137,2.89,0
2026-06-05 05:57:00,payment,58.42,52.69,308.72,3341,1.44,0
2026-06-05 06:00:00,order,38.37,49.66,405.65,3370,3.29,0
2026-06-05 06:00:00,notification,43.92,48.1,218.46,3262,0.05,0
2026-06-05 06:00:00,payment,50.63,65.85,268.68,3785,3.64,0
2026-06-05 06:03:00,notification,49.58,55.73,244.01,3217,3.43,0
2026-06-05 06:03:00,payment,50.95,50.92,343.52,4213,3.0,0
2026-06-05 06:03:00,order,40.39,54.81,376.41,3678,6.18,0
2026-06-05 06:06:00,payment,57.05,56.82,408.28,4107,3.87,1
2026-06-05 06:06:00,order,43.15,61.31,269.76,4277,2.25,0
2026-06-05 06:06:00,notification,36.34,53.57,284.09,3774,2.56,0
2026-06-05 06:09:00,payment,55.19,63.24,468.29,4785,6.96,0
2026-06-05 06:09:00,order,55.8,43.09,406.64,3535,2.34,0
2026-06-05 06:09:00,notification,34.88,58.17,216.53,4009,3.52,0
2026-06-05 06:12:00,payment,56.5,58.62,487.07,4570,3.39,0
2026-06-05 06:12:00,order,45.6,60.06,380.35,3360,2.73,0
2026-06-05 06:12:00,notification,57.72,57.41,367.15,4287,2.55,0
2026-06-05 06:15:00,order,49.44,54.24,304.16,3797,2.98,0
2026-06-05 06:15:00,notification,54.01,62.8,396.33,4409,3.33,1
2026-06-05 06:15:00,payment,42.75,61.94,443.57,3313,4.23,1
2026-06-05 06:18:00,notification,56.89,55.83,391.27,4417,4.14,0
2026-06-05 06:18:00,payment,55.36,52.86,364.75,3469,3.11,0
2026-06-05 06:18:00,order,54.87,56.38,348.03,3731,4.37,1
2026-06-05 06:21:00,notification,41.45,63.4,430.6,4457,4.49,0
2026-06-05 06:21:00,payment,50.35,55.04,415.71,3628,2.79,1
2026-06-05 06:21:00,order,49.7,55.25,220.47,4752,3.59,0
2026-06-05 06:24:00,notification,61.62,58.26,431.82,4032,2.41,0
2026-06-05 06:24:00,payment,59.35,61.48,299.76,3800,3.8,0
2026-06-05 06:24:00,order,43.73,59.67,362.67,4021,2.4,0
2026-06-05 06:27:00,notification,50.02,54.15,289.13,3999,3.78,0
2026-06-05 06:27:00,payment,51.38,66.63,371.91,4172,3.7,0
2026-06-05 06:27:00,order,51.11,56.11,283.21,3832,4.13,0
2026-06-05 06:30:00,payment,48.77,62.07,355.78,3483,1.33,0
2026-06-05 06:30:00,order,55.02,63.08,346.8,4007,6.3,1
2026-06-05 06:30:00,notification,50.69,58.67,400.51,4885,3.23,0
2026-06-05 06:33:00,order,67.45,63.23,434.4,4724,4.79,1
2026-06-05 06:33:00,notification,57.79,59.13,497.87,3792,3.95,0
2026-06-05 06:33:00,payment,44.69,56.36,425.93,3139,2.52,0
2026-06-05 06:36:00,order,56.79,63.76,575.68,4407,4.19,1
2026-06-05 06:36:00,notification,52.59,56.68,474.04,4164,1.28,0
2026-06-05 06:36:00,payment,53.38,54.14,419.1,3509,1.3,0
2026-06-05 06:39:00,order,62.91,57.03,502.47,4474,5.58,0
2026-06-05 06:39:00,notification,62.08,53.09,327.37,4117,5.02,0
2026-06-05 06:39:00,payment,47.11,57.62,446.09,3559,3.02,0
2026-06-05 06:42:00,order,60.37,64.3,578.7,5570,3.58,0
2026-06-05 06:42:00,notification,54.74,62.9,285.69,3916,2.17,1
2026-06-05 06:42:00,payment,56.9,64.42,610.03,4986,7.1,1
2026-06-05 06:45:00,order,58.33,55.79,624.29,4931,7.28,1
2026-06-05 06:45:00,payment,59.69,59.35,710.91,5096,6.14,0
2026-06-05 06:45:00,notification,63.56,60.24,295.21,3762,4.43,1
2026-06-05 06:48:00,payment,60.89,68.67,571.18,3955,3.88,0
2026-06-05 06:48:00,order,70.3,70.37,650.96,5168,5.41,1
2026-06-05 06:48:00,notification,53.83,49.73,439.54,4444,3.01,1
2026-06-05 06:51:00,payment,47.55,63.0,487.09,4259,4.51,0
2026-06-05 06:51:00,order,74.66,64.55,630.35,4899,7.59,1
2026-06-05 06:51:00,notification,63.36,61.48,490.97,4165,2.31,0
2026-06-05 06:54:00,payment,50.97,57.16,392.4,4125,3.63,1
2026-06-05 06:54:00,order,64.37,63.14,541.22,4336,6.48,1
2026-06-05 06:54:00,notification,40.28,60.97,456.57,4492,4.46,0
2026-06-05 06:57:00,payment,55.67,49.79,297.8,3264,3.9,0
2026-06-05 06:57:00,order,56.29,67.45,615.45,5254,6.88,0
2026-06-05 06:57:00,notification,52.19,47.65,304.91,4123,4.21,0
2026-06-05 07:00:00,order,62.53,57.26,721.18,4760,5.51,1
2026-06-05 07:00:00,notification,43.16,52.87,342.13,4457,4.1,0
2026-06-05 07:00:00,payment,46.14,54.35,310.7,3872,1.69,0
2026-06-05 07:03:00,notification,52.07,61.09,322.78,4444,3.52,0
2026-06-05 07:03:00,payment,44.04,42.02,153.36,3653,0.43,0
2026-06-05 07:03:00,order,61.0,63.84,547.12,5163,7.02,1
2026-06-05 07:06:00,notification,48.53,54.01,219.53,3295,3.7,0
2026-06-05 07:06:00,payment,52.05,53.39,324.38,3782,2.98,0
2026-06-05 07:06:00,order,66.35,56.27,467.59,3991,4.2,1
2026-06-05 07:09:00,notification,52.63,53.56,238.34,3971,2.59,0
2026-06-05 07:09:00,payment,51.41,54.4,370.94,3654,3.98,0
2026-06-05 07:09:00,order,57.21,56.82,374.36,3859,4.77,1
2026-06-05 07:12:00,notification,46.58,45.2,296.58,2952,0.75,0
2026-06-05 07:12:00,order,49.62,61.22,362.78,4027,3.63,1
2026-06-05 07:12:00,payment,47.2,59.69,460.27,3171,3.89,0
2026-06-05 07:15:00,order,59.15,65.77,499.54,4166,2.62,1
2026-06-05 07:15:00,notification,40.15,46.48,267.13,3676,4.66,0
2026-06-05 07:15:00,payment,52.43,67.03,454.52,4342,2.36,0
2026-06-05 07:18:00,order,53.96,56.79,271.96,3334,0.98,0
2026-06-05 07:18:00,notification,47.95,49.17,364.25,3336,1.96,1
2026-06-05 07:18:00,payment,58.37,60.28,324.85,4790,5.46,1
2026-06-05 07:21:00,order,58.64,64.74,452.58,4210,2.15,0
2026-06-05 07:21:00,notification,51.58,46.24,416.39,4364,3.89,1
2026-06-05 07:21:00,payment,48.86,67.0,566.91,5005,3.96,1
2026-06-05 07:24:00,order,59.37,68.03,491.11,4467,4.63,0
2026-06-05 07:24:00,notification,47.56,43.79,350.27,3602,3.72,0
2026-06-05 07:24:00,payment,52.69,62.79,446.17,4184,4.25,0
2026-06-05 07:27:00,notification,58.43,66.87,345.19,3732,4.36,0
2026-06-05 07:27:00,payment,47.94,66.28,481.38,3964,3.58,0
2026-06-05 07:27:00,order,60.79,63.24,503.94,3823,4.04,0
2026-06-05 07:30:00,payment,61.11,69.29,351.99,4653,5.48,1
2026-06-05 07:30:00,order,57.79,50.52,437.99,4105,4.55,1
2026-06-05 07:30:00,notification,51.14,54.59,422.86,4025,3.49,0
2026-06-05 07:33:00,payment,53.89,55.48,388.95,4158,4.56,1
2026-06-05 07:33:00,order,53.34,58.3,365.77,4258,3.17,0
2026-06-05 07:33:00,notification,58.7,58.94,319.32,3765,3.79,1
2026-06-05 07:36:00,payment,45.72,52.1,414.22,4010,3.37,0
2026-06-05 07:36:00,order,58.71,56.62,467.52,4457,5.08,1
2026-06-05 07:36:00,notification,47.37,62.21,406.77,4429,2.37,0
2026-06-05 07:39:00,payment,46.84,55.59,281.26,3452,0.69,0
2026-06-05 07:39:00,order,55.37,74.83,604.13,5141,5.94,1
2026-06-05 07:39:00,notification,53.9,56.25,368.99,3064,3.53,0
2026-06-05 07:42:00,payment,39.69,52.75,287.67,3435,3.5,0
2026-06-05 07:42:00,notification,47.68,53.99,332.51,3821,1.04,0
2026-06-05 07:42:00,order,56.96,54.52,455.91,4354,4.53,0
2026-06-05 07:45:00,notification,60.77,60.36,363.21,4377,5.22,0
2026-06-05 07:45:00,payment,42.09,55.04,318.17,3957,3.36,0
2026-06-05 07:45:00,order,58.91,55.03,651.21,4560,5.09,0
2026-06-05 07:48:00,notification,66.46,69.83,473.06,3848,6.84,1
2026-06-05 07:48:00,payment,37.23,50.75,179.71,3725,3.24,0
2026-06-05 07:48:00,order,53.46,46.05,424.38,4160,4.47,0
2026-06-05 07:51:00,notification,54.68,58.56,501.37,3920,4.93,0
2026-06-05 07:51:00,payment,40.9,50.12,281.92,3231,2.3,0
2026-06-05 07:51:00,order,52.96,53.63,460.46,4075,5.27,0
2026-06-05 07:54:00,notification,67.33,53.1,485.67,3969,1.8,1
2026-06-05 07:54:00,payment,56.82,62.37,395.8,3218,2.44,0
2026-06-05 07:54:00,order,54.59,59.9,352.97,3984,4.13,0
2026-06-05 07:57:00,payment,39.71,44.9,303.17,2096,1.49,0
2026-06-05 07:57:00,order,48.04,68.21,529.86,4341,4.51,0
2026-06-05 07:57:00,notification,57.95,57.38,492.0,4556,4.53,0
2026-06-05 08:00:00,order,61.32,54.41,576.05,4527,3.47,1
2026-06-05 08:00:00,notification,57.74,56.17,574.78,4798,5.64,0
2026-06-05 08:00:00,payment,46.27,53.3,221.47,2889,4.35,0
2026-06-05 08:03:00,order,55.52,64.15,357.28,4716,2.96,0
2026-06-05 08:03:00,notification,55.04,59.18,474.81,4190,2.88,1
2026-06-05 08:03:00,payment,41.38,54.96,366.62,2905,1.44,0
2026-06-05 08:06:00,order,51.69,59.6,405.42,4127,3.45,0
2026-06-05 08:06:00,notification,49.73,54.2,554.04,4464,2.62,0
2026-06-05 08:06:00,payment,53.4,46.51,238.79,3773,1.14,0
2026-06-05 08:09:00,notification,62.58,55.6,348.9,4099,3.88,0
2026-06-05 08:09:00,payment,40.78,48.64,223.3,3266,1.74,0
2026-06-05 08:09:00,order,60.97,59.24,545.11,4701,5.67,1
2026-06-05 08:12:00,payment,48.98,51.01,424.44,3504,1.9,1
2026-06-05 08:12:00,order,54.75,62.84,511.58,4304,6.88,0
2026-06-05 08:12:00,notification,53.82,56.97,346.77,4844,2.9,1
2026-06-05 08:15:00,payment,52.87,60.37,420.45,4330,4.91,0
2026-06-05 08:15:00,order,54.23,68.63,605.85,4556,4.19,1
2026-06-05 08:15:00,notification,49.61,62.08,419.66,4011,2.65,0
2026-06-05 08:18:00,payment,69.13,57.92,425.09,4446,2.45,0
2026-06-05 08:18:00,order,59.75,61.99,483.05,4015,3.67,0
2026-06-05 08:18:00,notification,48.11,52.89,219.47,3646,1.68,0
2026-06-05 08:21:00,payment,58.92,59.31,438.5,4237,3.39,0
2026-06-05 08:21:00,order,62.04,52.77,408.86,3761,2.1,0
2026-06-05 08:21:00,notification,72.35,67.6,696.63,5010,7.92,1
2026-06-05 08:24:00,order,55.89,61.07,440.22,3829,5.89,0
2026-06-05 08:24:00,notification,57.15,63.32,582.14,4872,3.73,0
2026-06-05 08:24:00,payment,50.61,51.62,371.76,4854,4.03,0
2026-06-05 08:27:00,notification,53.1,62.19,371.12,3947,3.25,0
2026-06-05 08:27:00,payment,57.05,69.5,410.46,4342,5.01,1
2026-06-05 08:27:00,order,53.82,64.59,457.04,4584,6.21,0
2026-06-05 08:30:00,notification,63.17,49.34,554.83,5001,5.11,0
2026-06-05 08:30:00,payment,67.6,59.78,445.32,4078,4.82,1
2026-06-05 08:30:00,order,52.71,58.51,356.72,3782,3.16,0
2026-06-05 08:33:00,notification,66.8,52.73,497.1,3891,4.48,0
2026-06-05 08:33:00,payment,45.86,62.65,454.28,4188,6.15,1
2026-06-05 08:33:00,order,58.23,63.14,314.5,3171,3.71,1
2026-06-05 08:36:00,notification,53.59,53.33,459.51,4279,3.93,0
2026-06-05 08:36:00,order,55.15,46.24,190.81,3475,5.12,0
2026-06-05 08:36:00,payment,52.46,59.04,428.25,4855,5.17,0
2026-06-05 08:39:00,order,58.31,59.33,380.74,3936,3.32,0
2026-06-05 08:39:00,notification,62.79,69.72,473.78,4712,6.36,0
2026-06-05 08:39:00,payment,56.42,58.76,521.74,4656,4.61,1
2026-06-05 08:42:00,order,60.45,66.15,433.94,4284,5.97,1
2026-06-05 08:42:00,notification,59.37,56.2,510.76,4728,4.64,0
2026-06-05 08:42:00,payment,57.42,73.34,527.32,4350,6.55,1
2026-06-05 08:45:00,order,60.23,52.88,419.98,4102,4.01,1
2026-06-05 08:45:00,notification,55.7,55.18,516.97,5022,4.91,0
2026-06-05 08:45:00,payment,57.83,54.12,497.44,5147,3.85,0
2026-06-05 08:48:00,order,65.06,50.49,455.98,4157,3.15,0
2026-06-05 08:48:00,notification,54.12,60.16,484.59,4977,3.92,0
2026-06-05 08:48:00,payment,53.74,66.56,679.4,5478,4.03,1
2026-06-05 08:51:00,notification,53.08,71.33,406.51,4519,2.94,0
2026-06-05 08:51:00,payment,71.7,60.56,782.28,5633,7.88,0
2026-06-05 08:51:00,order,47.61,65.22,398.48,4019,1.05,1
2026-06-05 08:54:00,payment,51.86,62.16,688.24,5467,5.93,0
2026-06-05 08:54:00,order,68.83,64.97,466.42,4171,3.38,1
2026-06-05 08:54:00,notification,63.29,57.89,514.17,4943,5.99,1
2026-06-05 08:57:00,payment,54.16,56.73,485.79,5135,5.29,0
2026-06-05 08:57:00,order,62.62,68.11,390.52,5339,3.96,0
2026-06-05 08:57:00,notification,64.93,63.36,712.12,5441,5.89,0
2026-06-05 09:00:00,payment,66.08,58.75,540.15,5479,4.46,0
2026-06-05 09:00:00,order,72.43,57.57,436.52,4297,5.13,1
2026-06-05 09:00:00,notification,61.81,69.72,699.25,5003,4.36,0
2026-06-05 09:03:00,order,52.23,63.27,617.51,4524,5.24,1
2026-06-05 09:03:00,notification,54.42,63.9,515.96,4468,4.68,1
2026-06-05 09:03:00,payment,60.08,64.25,563.92,4972,7.18,1
2026-06-05 09:06:00,notification,66.31,63.83,529.08,4909,5.48,0
2026-06-05 09:06:00,payment,49.67,47.24,475.39,4244,4.98,0
2026-06-05 09:06:00,order,56.41,60.53,393.28,4325,4.03,0
2026-06-05 09:09:00,notification,64.42,63.56,564.5,5584,4.73,1
2026-06-05 09:09:00,payment,46.06,57.32,394.63,3446,3.76,0
2026-06-05 09:09:00,order,56.93,51.91,538.31,4047,5.45,0
2026-06-05 09:12:00,notification,53.22,63.92,524.35,4674,4.5,0
2026-06-05 09:12:00,payment,55.47,60.73,560.85,4473,4.81,1
2026-06-05 09:12:00,order,62.26,62.06,625.67,4243,1.78,1
2026-06-05 09:15:00,notification,57.44,49.9,596.56,4603,5.36,0
2026-06-05 09:15:00,payment,51.89,54.03,349.52,4630,4.85,0
2026-06-05 09:15:00,order,59.4,61.65,450.23,4401,4.42,0
2026-06-05 09:18:00,payment,56.72,67.59,431.92,4338,3.14,0
2026-06-05 09:18:00,order,55.89,62.28,370.98,4211,2.29,0
2026-06-05 09:18:00,notification,60.97,62.1,586.57,4883,2.87,0
2026-06-05 09:21:00,order,59.79,56.85,311.61,3909,2.56,0
2026-06-05 09:21:00,notification,42.73,51.83,429.56,3909,4.91,0
2026-06-05 09:21:00,payment,51.26,60.6,600.56,4017,4.98,0
2026-06-05 09:24:00,order,56.98,68.08,517.79,4774,4.44,0
2026-06-05 09:24:00,notification,53.4,65.66,486.23,4342,2.09,0
2026-06-05 09:24:00,payment,61.76,60.02,431.82,4357,4.96,0
2026-06-05 09:27:00,order,53.4,61.28,496.02,5049,4.48,0
2026-06-05 09:27:00,notification,57.76,62.87,396.97,4182,4.22,0
2026-06-05 09:27:00,payment,55.88,56.81,428.35,4546,3.57,1
2026-06-05 09:30:00,order,58.33,68.68,498.9,3570,4.8,1
2026-06-05 09:30:00,notification,51.89,59.48,384.44,4136,3.07,0
2026-06-05 09:30:00,payment,57.52,60.37,506.03,4007,2.65,0
2026-06-05 09:33:00,order,55.17,66.12,600.17,4778,5.51,1
2026-06-05 09:33:00,payment,66.52,68.59,597.77,4645,5.22,1
2026-06-05 09:33:00,notification,54.0,64.86,293.71,4007,5.76,1
2026-06-05 09:36:00,payment,56.81,75.74,468.83,4920,6.37,0
2026-06-05 09:36:00,order,62.19,67.72,580.78,5087,5.59,0
2026-06-05 09:36:00,notification,37.22,68.38,345.56,3969,2.82,0
2026-06-05 09:39:00,payment,57.51,69.16,529.89,5456,7.48,0
2026-06-05 09:39:00,order,56.27,62.1,813.14,5218,7.11,1
2026-06-05 09:39:00,notification,45.07,57.71,330.64,3910,1.79,0
2026-06-05 09:42:00,payment,58.81,71.06,561.61,5718,6.91,1
2026-06-05 09:42:00,order,65.1,61.28,679.45,5451,9.01,1
2026-06-05 09:42:00,notification,56.76,56.67,426.2,3673,1.59,1
2026-06-05 09:45:00,payment,61.91,75.02,553.7,4986,7.61,1
2026-06-05 09:45:00,order,57.86,74.75,678.37,5728,8.7,1
2026-06-05 09:45:00,notification,55.29,61.34,518.72,4169,3.09,1
2026-06-05 09:48:00,order,62.67,70.66,636.3,5219,6.19,0
2026-06-05 09:48:00,notification,47.58,57.7,329.26,3737,0.0,0
2026-06-05 09:48:00,payment,61.41,66.75,526.45,5091,7.41,1
2026-06-05 09:51:00,notification,51.93,43.62,313.94,4749,1.24,0
2026-06-05 09:51:00,payment,56.89,73.28,553.64,5095,6.29,1
2026-06-05 09:51:00,order,52.52,61.61,489.71,5087,5.34,0
2026-06-05 09:54:00,notification,57.32,57.03,642.0,4272,4.43,0
2026-06-05 09:54:00,payment,49.79,69.44,687.67,5275,3.67,0
2026-06-05 09:54:00,order,58.72,60.78,459.02,4667,4.09,1
2026-06-05 09:57:00,notification,50.56,53.71,474.05,4142,6.22,0
2026-06-05 09:57:00,payment,58.91,66.49,604.7,5267,7.73,1
2026-06-05 09:57:00,order,67.4,66.65,628.33,5169,7.47,1
2026-06-05 10:00:00,payment,66.2,69.01,676.35,5812,5.93,0
2026-06-05 10:00:00,order,58.32,58.73,554.96,4794,8.98,0
2026-06-05 10:00:00,notification,51.78,62.36,550.47,4145,4.17,1
2026-06-05 10:03:00,order,54.5,61.59,550.5,4833,4.94,0
2026-06-05 10:03:00,notification,43.67,58.94,391.71,3504,1.91,0
2026-06-05 10:03:00,payment,65.8,58.96,645.66,4412,6.02,0
2026-06-05 10:06:00,order,63.03,65.51,493.64,4520,6.42,1
2026-06-05 10:06:00,notification,58.88,55.47,276.7,3145,4.07,0
2026-06-05 10:06:00,payment,71.68,69.1,725.68,5457,5.85,1
2026-06-05 10:09:00,order,64.13,66.44,504.44,4705,5.99,1
2026-06-05 10:09:00,notification,53.67,54.5,387.3,3650,5.13,0
2026-06-05 10:09:00,payment,73.58,57.69,723.88,5201,9.17,1
2026-06-05 10:12:00,order,58.35,58.45,349.05,3693,4.05,0
2026-06-05 10:12:00,notification,65.18,57.66,467.71,4267,3.78,1
2026-06-05 10:12:00,payment,66.46,57.33,559.7,4918,6.74,1
2026-06-05 10:15:00,notification,53.64,74.35,604.43,5375,6.87,1
2026-06-05 10:15:00,payment,70.02,66.27,711.32,4087,4.89,1
2026-06-05 10:15:00,order,51.45,66.98,231.83,3741,2.99,0
2026-06-05 10:18:00,payment,66.76,60.1,641.89,5015,5.48,1
2026-06-05 10:18:00,order,55.51,68.47,592.74,5205,8.29,1
2026-06-05 10:18:00,notification,64.23,54.57,591.35,5348,8.34,1
2026-06-05 10:21:00,payment,78.04,70.39,792.2,5360,8.54,1
2026-06-05 10:21:00,order,54.92,57.38,550.53,5032,5.49,0
2026-06-05 10:21:00,notification,59.01,84.15,737.34,5079,8.24,1
2026-06-05 10:24:00,payment,76.58,69.17,741.85,6067,8.22,1
2026-06-05 10:24:00,order,55.15,53.67,296.48,3631,5.32,0
2026-06-05 10:24:00,notification,73.51,75.6,573.35,4885,5.76,1
2026-06-05 10:27:00,payment,71.69,69.83,757.28,5602,8.11,0
2026-06-05 10:27:00,order,46.82,64.43,514.64,4276,4.4,0
2026-06-05 10:27:00,notification,79.09,65.24,555.99,5059,5.88,1
2026-06-05 10:30:00,payment,72.36,66.19,913.86,5363,7.57,1
2026-06-05 10:30:00,notification,66.51,66.13,487.6,4562,3.74,0
2026-06-05 10:30:00,order,50.81,58.81,491.22,4153,4.59,1
2026-06-05 10:33:00,notification,55.52,65.08,604.47,4708,5.38,0
2026-06-05 10:33:00,payment,66.19,74.62,810.89,4786,8.76,1
2026-06-05 10:33:00,order,65.2,58.7,422.82,4660,3.35,0
2026-06-05 10:36:00,notification,54.49,64.12,585.92,3977,6.78,1
2026-06-05 10:36:00,payment,72.42,74.12,993.87,6408,10.11,1
2026-06-05 10:36:00,order,61.81,65.44,630.16,4835,6.65,0
2026-06-05 10:39:00,notification,62.19,63.83,629.05,4682,6.26,1
2026-06-05 10:39:00,payment,68.06,74.59,843.71,6172,10.84,1
2026-06-05 10:39:00,order,64.12,64.7,547.78,4730,4.08,1
2026-06-05 10:42:00,notification,57.53,57.61,585.74,4049,2.68,1
2026-06-05 10:42:00,payment,73.45,66.09,907.0,5768,9.48,1
2026-06-05 10:42:00,order,65.61,67.4,612.02,4215,4.16,0
2026-06-05 10:45:00,payment,62.2,68.47,693.22,5751,7.09,1
2026-06-05 10:45:00,order,56.53,62.77,624.56,4775,4.0,1
2026-06-05 10:45:00,notification,54.09,59.67,345.69,4292,3.43,0
2026-06-05 10:48:00,order,56.46,50.89,575.77,4484,7.87,1
2026-06-05 10:48:00,notification,60.09,57.1,379.68,5071,6.0,0
2026-06-05 10:48:00,payment,63.82,73.54,708.98,5203,8.19,1
2026-06-05 10:51:00,order,69.66,71.88,619.22,4928,6.57,1
2026-06-05 10:51:00,notification,67.11,69.99,744.2,4812,7.99,1
2026-06-05 10:51:00,payment,51.09,73.12,883.3,5797,7.93,1
2026-06-05 10:54:00,order,64.55,59.82,562.17,4984,5.99,1
2026-06-05 10:54:00,notification,65.87,67.87,756.48,5889,8.21,1
2026-06-05 10:54:00,payment,77.35,65.79,616.11,5959,7.64,1
2026-06-05 10:57:00,order,67.84,67.01,636.5,4915,4.78,0
2026-06-05 10:57:00,payment,65.85,67.19,785.53,4924,9.15,1
2026-06-05 10:57:00,notification,65.64,82.48,747.22,6433,11.57,1
2026-06-05 11:00:00,payment,72.5,67.17,874.29,5301,10.19,1
2026-06-05 11:00:00,order,64.88,67.43,793.37,5301,7.14,0
2026-06-05 11:00:00,notification,71.53,75.51,777.29,5304,9.81,1
2026-06-05 11:03:00,payment,77.21,67.73,800.24,6531,10.28,1
2026-06-05 11:03:00,order,63.71,77.48,624.7,5649,4.91,1
2026-06-05 11:03:00,notification,48.38,62.31,597.73,4443,7.14,0
2026-06-05 11:06:00,payment,68.56,62.57,745.89,5907,8.95,1
2026-06-05 11:06:00,order,59.58,75.07,553.03,4955,6.37,1
2026-06-05 11:06:00,notification,67.57,76.19,755.91,6215,9.9,1
2026-06-05 11:09:00,payment,81.87,74.33,986.79,5725,10.86,1
2026-06-05 11:09:00,order,60.1,61.9,473.09,5631,4.6,1
2026-06-05 11:09:00,notification,67.38,70.83,743.8,5380,9.2,0
2026-06-05 11:12:00,order,54.9,56.29,587.81,3769,6.18,0
2026-06-05 11:12:00,notification,63.68,73.59,690.42,5857,7.24,1
2026-06-05 11:12:00,payment,65.25,77.76,947.4,5547,8.83,0
2026-06-05 11:15:00,notification,73.93,76.19,821.24,5816,9.57,1
2026-06-05 11:15:00,payment,83.77,67.86,858.35,5901,9.48,1
2026-06-05 11:15:00,order,59.35,57.34,568.32,4782,3.33,0
2026-06-05 11:18:00,notification,73.18,62.74,738.01,6179,8.46,1
2026-06-05 11:18:00,payment,73.17,69.02,725.54,5066,8.46,1
2026-06-05 11:18:00,order,61.66,67.42,581.28,4645,5.71,1
2026-06-05 11:21:00,notification,64.83,69.68,689.63,5380,9.21,1
2026-06-05 11:21:00,payment,64.94,65.86,785.47,5078,6.93,1
2026-06-05 11:21:00,order,59.02,62.65,655.49,4627,7.57,0
2026-06-05 11:24:00,notification,73.84,63.45,529.98,4658,6.05,1
2026-06-05 11:24:00,payment,74.62,74.26,721.34,5442,4.2,1
2026-06-05 11:24:00,order,69.17,62.03,665.47,5021,8.99,1
2026-06-05 11:27:00,notification,56.29,73.9,605.8,4664,6.13,1
2026-06-05 11:27:00,order,59.45,67.92,716.1,6028,8.6,1
2026-06-05 11:27:00,payment,57.71,64.78,729.16,5280,8.08,1
2026-06-05 11:30:00,order,70.39,73.18,890.54,5546,8.33,1
2026-06-05 11:30:00,notification,60.4,61.83,577.67,4918,8.92,1
2026-06-05 11:30:00,payment,63.14,65.09,659.26,5782,6.23,0
2026-06-05 11:33:00,order,63.48,71.08,708.53,5321,9.23,1
2026-06-05 11:33:00,notification,60.0,69.49,598.42,4995,6.63,0
2026-06-05 11:33:00,payment,73.17,63.43,744.48,6026,8.01,1
2026-06-05 11:36:00,order,61.58,67.07,763.85,5789,10.52,1
2026-06-05 11:36:00,notification,69.14,59.72,649.07,5036,5.97,1
2026-06-05 11:36:00,payment,55.08,63.47,787.06,5292,9.94,1
2026-06-05 11:39:00,order,54.83,61.55,538.74,4270,5.03,0
2026-06-05 11:39:00,notification,62.73,75.12,502.46,5014,3.14,0
2026-06-05 11:39:00,payment,67.05,69.62,689.41,4753,6.56,1
2026-06-05 11:42:00,notification,48.15,66.43,513.6,4616,4.93,0
2026-06-05 11:42:00,payment,64.1,63.94,523.87,5061,6.38,1
2026-06-05 11:42:00,order,64.41,64.37,505.61,5646,6.1,1
2026-06-05 11:45:00,payment,73.75,65.76,568.66,5668,6.26,1
2026-06-05 11:45:00,order,50.45,68.34,692.67,4721,5.72,1
2026-06-05 11:45:00,notification,62.42,64.91,712.48,5985,7.37,0
2026-06-05 11:48:00,payment,54.3,73.43,768.49,5055,7.54,1
2026-06-05 11:48:00,order,65.63,69.16,650.1,5189,6.41,1
2026-06-05 11:48:00,notification,60.37,74.4,621.2,5882,8.15,0
2026-06-05 11:51:00,payment,74.35,74.48,648.23,5652,7.38,1
2026-06-05 11:51:00,order,67.16,61.43,863.38,6319,8.68,1
2026-06-05 11:51:00,notification,72.11,74.32,681.13,5133,6.22,0
2026-06-05 11:54:00,order,59.22,68.94,764.81,5220,8.46,1
2026-06-05 11:54:00,notification,61.7,71.4,747.05,6254,6.98,1
2026-06-05 11:54:00,payment,59.14,57.72,667.98,4741,5.8,0
2026-06-05 11:57:00,notification,65.35,67.43,693.62,5980,8.04,1
2026-06-05 11:57:00,payment,61.82,70.89,631.58,5300,6.09,1
2026-06-05 11:57:00,order,67.34,67.32,755.41,5650,8.25,1
2026-06-05 12:00:00,notification,55.35,62.05,727.16,5208,5.18,0
2026-06-05 12:00:00,payment,55.19,67.11,690.81,4614,8.34,1
2026-06-05 12:00:00,order,62.49,67.04,708.57,5815,10.43,1
2026-06-05 12:03:00,notification,64.99,62.18,673.55,5436,8.56,1
2026-06-05 12:03:00,payment,54.9,62.74,558.41,4965,6.56,1
2026-06-05 12:03:00,order,70.41,71.01,856.16,5956,8.66,1
2026-06-05 12:06:00,notification,71.14,57.23,553.87,4771,7.22,1
2026-06-05 12:06:00,payment,61.82,64.98,487.69,4696,6.35,1
2026-06-05 12:06:00,order,65.7,80.8,943.43,5902,9.79,1
2026-06-05 12:09:00,payment,56.86,58.2,616.85,5431,7.29,1
2026-06-05 12:09:00,order,87.7,80.91,1137.38,6646,13.22,1
2026-06-05 12:09:00,notification,54.42,68.99,529.19,5326,3.25,1
2026-06-05 12:12:00,order,75.74,73.28,896.74,6477,9.24,1
2026-06-05 12:12:00,notification,66.27,70.31,565.28,4539,4.77,1
2026-06-05 12:12:00,payment,69.76,75.66,679.86,6091,8.68,1
2026-06-05 12:15:00,order,73.01,69.12,939.04,5272,8.86,1
2026-06-05 12:15:00,notification,58.88,58.37,496.35,4258,6.01,1
2026-06-05 12:15:00,payment,62.79,72.15,782.78,5380,7.03,1
2026-06-05 12:18:00,order,63.11,64.53,887.6,5390,9.25,1
2026-06-05 12:18:00,notification,63.2,72.74,686.83,5161,8.84,1
2026-06-05 12:18:00,payment,62.4,67.71,859.05,5049,9.49,0
2026-06-05 12:21:00,order,63.67,63.64,811.27,5160,7.61,1
2026-06-05 12:21:00,payment,73.06,74.65,1031.98,6474,13.33,1
2026-06-05 12:21:00,notification,64.6,62.95,543.36,4565,5.78,0
2026-06-05 12:24:00,payment,72.07,63.83,866.05,6009,11.12,1
2026-06-05 12:24:00,order,63.08,67.7,775.33,4935,6.95,1
2026-06-05 12:24:00,notification,54.61,62.62,673.7,4713,6.76,0
2026-06-05 12:27:00,payment,65.66,68.48,707.97,5677,11.55,1
2026-06-05 12:27:00,order,70.53,71.69,867.3,6042,11.02,1
2026-06-05 12:27:00,notification,56.55,67.06,530.94,4864,6.25,1
2026-06-05 12:30:00,payment,65.55,65.95,752.45,5319,8.0,1
2026-06-05 12:30:00,order,69.41,66.53,750.23,5320,10.46,1
2026-06-05 12:30:00,notification,58.66,66.8,741.1,5075,5.16,1
2026-06-05 12:33:00,payment,67.23,59.8,695.09,5731,5.83,1
2026-06-05 12:33:00,order,63.46,70.02,644.91,5067,7.43,1
2026-06-05 12:33:00,notification,78.29,61.53,752.02,5572,8.29,1
2026-06-05 12:36:00,order,60.82,64.73,527.14,5271,5.66,1
2026-06-05 12:36:00,notification,77.11,71.03,932.64,5890,9.0,1
2026-06-05 12:36:00,payment,67.01,68.17,573.46,4917,4.29,0
2026-06-05 12:39:00,notification,75.98,65.28,838.34,6006,9.85,1
2026-06-05 12:39:00,payment,58.53,70.56,587.92,4808,4.59,1
2026-06-05 12:39:00,order,59.91,51.38,633.27,4190,7.52,1
2026-06-05 12:42:00,notification,75.22,62.7,843.05,5537,8.34,0
2026-06-05 12:42:00,payment,51.65,61.94,612.75,4271,3.95,0
2026-06-05 12:42:00,order,61.61,64.02,515.48,4887,5.59,1
2026-06-05 12:45:00,notification,73.08,67.49,765.61,5475,8.78,1
2026-06-05 12:45:00,payment,60.3,62.19,547.57,4092,2.01,1
2026-06-05 12:45:00,order,51.23,63.44,494.23,4226,3.81,1
2026-06-05 12:48:00,payment,63.58,66.66,524.69,5020,4.99,1
2026-06-05 12:48:00,order,46.52,58.85,395.84,3995,2.78,0
2026-06-05 12:48:00,notification,55.18,67.39,648.6,5691,7.28,1
2026-06-05 12:51:00,order,66.25,62.66,465.42,3924,3.13,1
2026-06-05 12:51:00,notification,63.66,63.02,746.98,6064,8.34,1
2026-06-05 12:51:00,payment,53.89,65.99,668.86,5191,7.34,0
2026-06-05 12:54:00,order,61.17,61.41,455.03,4513,6.23,0
2026-06-05 12:54:00,notification,60.05,65.18,631.0,5674,7.29,0
2026-06-05 12:54:00,payment,59.0,62.11,615.52,4851,7.21,1
2026-06-05 12:57:00,order,69.32,62.24,505.57,4641,3.25,0
2026-06-05 12:57:00,notification,61.64,64.86,617.13,4918,6.3,1
2026-06-05 12:57:00,payment,61.71,65.68,722.51,5438,7.48,1
2026-06-05 13:00:00,order,59.53,64.62,619.59,4860,5.24,1
2026-06-05 13:00:00,notification,59.55,72.03,750.48,5872,7.35,1
2026-06-05 13:00:00,payment,63.68,66.53,665.26,5280,5.4,1
2026-06-05 13:03:00,notification,52.98,63.84,605.05,4828,6.59,1
2026-06-05 13:03:00,payment,65.92,73.96,840.74,5686,11.03,1
2026-06-05 13:03:00,order,78.62,68.29,667.14,5534,6.62,1
2026-06-05 13:06:00,payment,74.55,72.61,861.62,5600,10.3,1
2026-06-05 13:06:00,order,62.76,62.88,482.77,4615,4.65,0
2026-06-05 13:06:00,notification,56.77,69.97,765.23,5330,5.99,1
2026-06-05 13:09:00,payment,55.07,68.88,748.47,5476,7.25,0
2026-06-05 13:09:00,order,69.29,71.35,553.26,4508,5.92,1
2026-06-05 13:09:00,notification,60.8,72.31,660.08,5428,6.23,1
2026-06-05 13:12:00,payment,52.71,58.07,687.22,4952,3.67,0
2026-06-05 13:12:00,order,61.48,72.05,616.24,4143,6.1,1
2026-06-05 13:12:00,notification,61.6,59.18,655.22,5918,8.2,1
2026-06-05 13:15:00,payment,56.13,65.59,568.59,4369,4.36,0
2026-06-05 13:15:00,order,64.28,63.97,742.71,5218,7.95,1
2026-06-05 13:15:00,notification,63.82,73.62,443.23,4699,5.19,1
2026-06-05 13:18:00,payment,58.2,63.23,561.83,4382,5.82,0
2026-06-05 13:18:00,notification,56.53,67.79,516.16,4209,3.52,1
2026-06-05 13:18:00,order,61.31,59.7,601.79,5326,5.64,0
2026-06-05 13:21:00,notification,64.68,60.06,436.33,4546,6.53,0
2026-06-05 13:21:00,payment,51.13,76.49,541.82,4740,5.46,1
2026-06-05 13:21:00,order,56.4,56.57,514.83,4268,5.45,0
2026-06-05 13:24:00,notification,60.2,55.94,465.27,3658,5.5,1
2026-06-05 13:24:00,payment,55.83,61.46,405.62,5119,5.6,0
2026-06-05 13:24:00,order,66.28,66.2,634.74,4345,3.89,0
2026-06-05 13:27:00,notification,52.13,62.98,367.97,4192,3.54,0
2026-06-05 13:27:00,payment,63.18,70.19,743.43,5491,8.44,1
2026-06-05 13:27:00,order,63.98,70.2,674.94,5997,5.54,1
2026-06-05 13:30:00,notification,60.93,58.81,501.01,3640,6.05,1
2026-06-05 13:30:00,payment,64.63,83.9,628.82,5465,8.38,1
2026-06-05 13:30:00,order,70.55,70.6,765.42,5918,5.32,1
2026-06-05 13:33:00,payment,69.55,72.13,704.42,5861,9.7,1
2026-06-05 13:33:00,order,73.59,73.23,786.22,6220,9.88,1
2026-06-05 13:33:00,notification,56.39,55.9,489.12,4137,4.04,1
2026-06-05 13:36:00,order,78.63,69.59,846.75,6040,9.22,1
2026-06-05 13:36:00,notification,55.86,61.53,498.07,4741,5.93,0
2026-06-05 13:36:00,payment,61.77,68.37,716.54,5971,6.67,1
2026-06-05 13:39:00,order,72.08,61.98,899.98,6118,9.6,1
2026-06-05 13:39:00,notification,58.35,68.13,523.3,3933,4.97,0
2026-06-05 13:39:00,payment,71.97,61.54,662.89,5337,5.18,1
2026-06-05 13:42:00,order,58.32,67.61,818.85,5488,9.0,1
2026-06-05 13:42:00,notification,62.94,71.53,542.57,4959,5.26,0
2026-06-05 13:42:00,payment,66.48,74.49,633.08,5294,7.39,0
2026-06-05 13:45:00,notification,67.7,74.57,562.94,4116,6.44,1
2026-06-05 13:45:00,payment,59.45,61.68,774.15,5525,7.92,1
2026-06-05 13:45:00,order,62.92,76.21,679.29,4759,8.28,1
2026-06-05 13:48:00,payment,60.21,65.68,579.47,4706,6.05,0
2026-06-05 13:48:00,order,60.66,65.86,515.39,4345,8.23,1
2026-06-05 13:48:00,notification,78.12,66.73,733.64,5305,5.99,1
2026-06-05 13:51:00,payment,60.8,61.52,547.54,4886,5.72,1
2026-06-05 13:51:00,order,64.68,69.87,591.34,5305,7.17,1
2026-06-05 13:51:00,notification,68.41,63.66,589.78,5185,5.12,1
2026-06-05 13:54:00,payment,68.19,63.67,668.59,4709,5.47,1
2026-06-05 13:54:00,order,71.79,71.65,577.56,5595,6.09,1
2026-06-05 13:54:00,notification,53.45,62.56,437.51,5214,2.9,0
2026-06-05 13:57:00,payment,57.43,57.6,682.84,4298,6.15,1
2026-06-05 13:57:00,order,66.51,59.38,514.98,4707,6.28,1
2026-06-05 13:57:00,notification,53.11,62.88,610.51,5708,6.1,0
2026-06-05 14:00:00,order,62.9,68.15,685.59,5457,9.73,1
2026-06-05 14:00:00,notification,69.12,61.6,534.25,4602,6.32,1
2026-06-05 14:00:00,payment,64.19,70.22,581.09,4900,5.87,1
2026-06-05 14:03:00,notification,60.16,62.42,659.54,4742,4.12,0
2026-06-05 14:03:00,payment,59.32,61.67,490.43,4846,5.77,1
2026-06-05 14:03:00,order,78.86,70.02,581.62,5232,6.45,1
2026-06-05 14:06:00,notification,58.73,75.73,594.07,4849,7.05,1
2026-06-05 14:06:00,payment,68.53,57.41,516.99,4647,8.54,1
2026-06-05 14:06:00,order,64.88,65.09,669.19,5680,7.24,0
2026-06-05 14:09:00,notification,72.29,61.67,587.47,5419,3.79,1
2026-06-05 14:09:00,payment,68.45,70.7,493.05,5297,4.68,1
2026-06-05 14:09:00,order,64.47,70.8,759.24,5770,4.75,1
2026-06-05 14:12:00,notification,62.05,67.63,647.1,5233,5.97,0
2026-06-05 14:12:00,payment,64.17,63.86,641.29,4841,10.47,1
2026-06-05 14:12:00,order,57.37,73.64,765.17,5762,4.48,1
2026-06-05 14:15:00,notification,62.49,69.53,673.28,5143,6.55,1
2026-06-05 14:15:00,order,55.96,66.34,778.39,5494,9.21,1
2026-06-05 14:15:00,payment,64.6,70.74,676.78,4764,6.35,1
2026-06-05 14:18:00,order,59.63,60.91,646.32,6306,7.87,0
2026-06-05 14:18:00,notification,58.73,76.61,586.49,5059,6.42,1
2026-06-05 14:18:00,payment,68.34,72.54,692.97,5099,7.96,1
2026-06-05 14:21:00,order,71.88,69.61,751.47,5338,6.33,1
2026-06-05 14:21:00,notification,47.16,64.81,548.84,4966,5.62,1
2026-06-05 14:21:00,payment,63.06,69.72,693.18,4637,5.61,1
2026-06-05 14:24:00,order,73.61,68.31,894.62,6323,9.16,1
2026-06-05 14:24:00,notification,53.47,61.61,546.31,4358,3.23,0
2026-06-05 14:24:00,payment,75.56,57.5,598.96,5532,7.94,1
2026-06-05 14:27:00,order,65.76,74.11,873.41,6231,13.17,1
2026-06-05 14:27:00,notification,57.5,60.05,494.49,5266,6.2,1
2026-06-05 14:27:00,payment,67.53,73.29,692.01,5266,9.41,1
2026-06-05 14:30:00,notification,51.21,60.26,611.96,5052,6.72,1
2026-06-05 14:30:00,payment,63.25,68.15,693.98,5813,7.69,1
2026-06-05 14:30:00,order,72.28,69.52,911.14,5333,10.35,1
2026-06-05 14:33:00,payment,64.94,68.71,785.35,6021,9.67,1
2026-06-05 14:33:00,order,72.69,70.8,813.7,6218,10.87,1
2026-06-05 14:33:00,notification,63.4,66.26,607.19,5541,6.04,1
2026-06-05 14:36:00,payment,62.62,71.67,832.76,5503,8.98,1
2026-06-05 14:36:00,order,52.03,73.56,709.45,4895,5.95,1
2026-06-05 14:36:00,notification,63.99,64.33,553.54,4921,6.09,0
2026-06-05 14:39:00,payment,75.91,66.43,941.54,5838,8.33,1
2026-06-05 14:39:00,order,78.15,70.07,805.33,5517,10.18,1
2026-06-05 14:39:00,notification,69.49,66.97,776.02,5262,5.27,1
2026-06-05 14:42:00,payment,71.19,78.44,1050.64,6756,13.41,1
2026-06-05 14:42:00,notification,58.03,68.92,575.72,5522,7.48,1
2026-06-05 14:42:00,order,67.81,56.87,645.15,5318,5.39,1
2026-06-05 14:45:00,notification,48.66,60.49,598.24,4335,3.99,1
2026-06-05 14:45:00,payment,78.83,67.38,858.58,6517,10.66,1
2026-06-05 14:45:00,order,66.7,67.28,623.95,4707,5.26,1
2026-06-05 14:48:00,notification,60.94,68.18,664.31,5606,7.86,1
2026-06-05 14:48:00,payment,63.47,71.92,877.2,5212,9.55,1
2026-06-05 14:48:00,order,69.95,66.26,598.9,5073,5.38,1
2026-06-05 14:51:00,notification,52.83,69.33,467.54,4740,8.3,1
2026-06-05 14:51:00,payment,71.13,73.4,865.95,6036,9.22,1
2026-06-05 14:51:00,order,49.59,66.47,584.37,5268,5.79,1
2026-06-05 14:54:00,notification,59.06,54.05,491.57,5036,4.69,0
2026-06-05 14:54:00,payment,76.24,77.12,824.78,4934,9.72,1
2026-06-05 14:54:00,order,60.95,70.62,576.1,4721,7.5,1
2026-06-05 14:57:00,payment,54.12,65.7,773.71,5345,7.24,1
2026-06-05 14:57:00,order,71.34,64.43,639.5,5121,6.33,1
2026-06-05 14:57:00,notification,65.29,64.8,493.59,5141,4.65,1
2026-06-05 15:00:00,order,62.43,64.5,662.63,4932,7.7,0
2026-06-05 15:00:00,notification,52.92,67.73,512.48,4316,4.11,0
2026-06-05 15:00:00,payment,75.0,73.55,666.02,5556,7.02,1
2026-06-05 15:03:00,order,69.62,63.07,662.0,5749,6.58,1
2026-06-05 15:03:00,notification,55.48,62.49,501.08,4380,5.48,0
2026-06-05 15:03:00,payment,60.91,71.51,698.55,6384,8.21,0
2026-06-05 15:06:00,order,75.36,70.45,819.56,6152,7.96,0
2026-06-05 15:06:00,notification,43.22,56.92,539.58,3783,3.08,0
2026-06-05 15:06:00,payment,62.56,63.15,569.62,4896,8.61,1
2026-06-05 15:09:00,order,70.18,69.72,673.7,5009,7.13,0
2026-06-05 15:09:00,notification,53.85,63.7,403.26,3680,1.78,0
2026-06-05 15:09:00,payment,65.87,60.37,533.49,4571,8.09,0
2026-06-05 15:12:00,order,62.12,65.65,675.77,5233,9.03,0
2026-06-05 15:12:00,payment,65.12,57.27,657.82,4684,6.0,1
2026-06-05 15:12:00,notification,66.46,58.55,615.84,4509,5.9,0
2026-06-05 15:15:00,payment,60.18,63.97,546.36,4676,5.38,1
2026-06-05 15:15:00,order,67.08,70.65,712.59,4988,7.47,1
2026-06-05 15:15:00,notification,60.11,65.53,529.92,4929,4.55,1
2026-06-05 15:18:00,payment,66.09,60.25,506.65,4551,5.1,1
2026-06-05 15:18:00,order,59.29,66.54,869.47,5823,9.57,1
2026-06-05 15:18:00,notification,52.79,64.07,590.17,4464,4.47,0
2026-06-05 15:21:00,payment,64.33,70.87,610.58,4568,5.4,1
2026-06-05 15:21:00,order,69.62,70.14,645.02,6234,7.73,1
2026-06-05 15:21:00,notification,55.59,75.36,629.23,4227,6.42,0
2026-06-05 15:24:00,payment,73.83,63.21,715.95,4988,7.75,1
2026-06-05 15:24:00,order,74.89,75.64,887.54,6078,9.02,1
2026-06-05 15:24:00,notification,68.6,70.73,802.55,5560,7.98,1
2026-06-05 15:27:00,order,65.89,65.36,658.78,5119,6.17,1
2026-06-05 15:27:00,notification,72.46,74.03,791.13,5621,9.03,1
2026-06-05 15:27:00,payment,72.32,67.11,941.81,5954,8.8,1
2026-06-05 15:30:00,notification,63.2,68.75,862.8,5506,8.86,1
2026-06-05 15:30:00,payment,81.03,72.83,855.04,5734,9.63,1
2026-06-05 15:30:00,order,69.68,59.28,556.56,4552,8.09,0
2026-06-05 15:33:00,notification,63.77,68.56,689.72,4930,7.93,1
2026-06-05 15:33:00,payment,75.23,68.73,923.46,5512,8.3,1
2026-06-05 15:33:00,order,63.27,56.73,617.93,5379,4.16,1
2026-06-05 15:36:00,notification,51.33,62.05,630.6,4831,6.6,0
2026-06-05 15:36:00,payment,55.41,69.17,669.43,5212,9.53,0
2026-06-05 15:36:00,order,65.41,68.45,614.22,5111,6.76,0
2026-06-05 15:39:00,payment,78.32,71.02,631.97,4927,6.09,0
2026-06-05 15:39:00,order,75.68,76.28,708.53,5001,8.31,1
2026-06-05 15:39:00,notification,67.36,72.57,692.51,4477,3.51,1
2026-06-05 15:42:00,order,62.32,67.63,888.21,5798,6.66,1
2026-06-05 15:42:00,notification,60.54,69.84,769.2,6242,7.25,0
2026-06-05 15:42:00,payment,63.61,70.4,747.61,5167,9.53,1
2026-06-05 15:45:00,order,75.02,71.75,773.56,5757,8.28,1
2026-06-05 15:45:00,notification,66.57,66.36,621.61,5774,6.57,1
2026-06-05 15:45:00,payment,73.24,68.06,701.89,4984,6.25,1
2026-06-05 15:48:00,order,74.07,56.96,726.44,5327,6.82,1
2026-06-05 15:48:00,notification,65.97,71.69,674.87,4842,7.09,0
2026-06-05 15:48:00,payment,61.74,66.21,700.57,5235,5.18,1
2026-06-05 15:51:00,order,70.14,70.0,695.84,4975,7.44,1
2026-06-05 15:51:00,notification,65.3,73.66,644.42,5100,5.9,1
2026-06-05 15:51:00,payment,68.26,56.99,627.75,4919,7.8,1
2026-06-05 15:54:00,notification,63.68,79.64,711.41,5132,9.81,1
2026-06-05 15:54:00,payment,57.9,67.52,560.1,4324,5.5,0
2026-06-05 15:54:00,order,67.8,67.05,928.65,6456,9.44,1
2026-06-05 15:57:00,payment,63.77,64.66,485.69,5219,3.67,0
2026-06-05 15:57:00,order,68.47,67.31,729.06,5772,5.25,1
2026-06-05 15:57:00,notification,73.91,63.04,741.56,5179,6.45,1
2026-06-05 16:00:00,payment,58.33,68.18,655.86,4958,4.25,0
2026-06-05 16:00:00,order,59.94,68.27,668.25,5715,8.05,1
2026-06-05 16:00:00,notification,58.11,69.05,644.46,5184,6.77,1
2026-06-05 16:03:00,payment,73.16,69.99,694.93,4651,7.89,1
2026-06-05 16:03:00,order,58.75,57.34,563.23,4893,5.1,1
2026-06-05 16:03:00,notification,70.42,69.03,551.98,4933,5.13,1
2026-06-05 16:06:00,payment,64.28,64.23,632.68,4838,7.03,1
2026-06-05 16:06:00,notification,66.97,68.02,791.17,5786,8.11,1
2026-06-05 16:06:00,order,64.69,82.88,616.91,4896,6.29,1
2026-06-05 16:09:00,notification,65.77,64.91,665.01,5144,5.6,1
2026-06-05 16:09:00,payment,63.99,67.63,498.57,4315,4.11,0
2026-06-05 16:09:00,order,55.65,61.63,640.27,4697,5.93,0
2026-06-05 16:12:00,notification,66.24,76.17,777.51,5633,10.26,1
2026-06-05 16:12:00,payment,48.68,63.79,622.2,5257,5.36,1
2026-06-05 16:12:00,order,64.74,72.07,709.42,4859,8.29,1
2026-06-05 16:15:00,notification,68.55,65.96,778.3,4667,8.97,1
2026-06-05 16:15:00,payment,62.76,67.85,592.67,5011,7.52,1
2026-06-05 16:15:00,order,59.39,76.39,767.75,5320,8.32,1
2026-06-05 16:18:00,notification,68.82,73.32,797.87,5815,8.32,1
2026-06-05 16:18:00,payment,64.2,63.76,631.41,4965,7.72,1
2026-06-05 16:18:00,order,70.66,71.02,795.96,5263,9.04,1
2026-06-05 16:21:00,payment,59.26,64.39,437.21,4507,4.8,1
2026-06-05 16:21:00,order,77.3,64.05,724.58,5583,5.45,0
2026-06-05 16:21:00,notification,77.4,66.25,743.22,4720,7.68,1
2026-06-05 16:24:00,order,80.04,70.17,713.9,5566,8.72,1
2026-06-05 16:24:00,notification,58.78,69.23,791.46,4955,6.91,1
2026-06-05 16:24:00,payment,62.61,59.29,459.85,3875,5.22,0
2026-06-05 16:27:00,order,60.48,60.31,790.53,5563,8.08,1
2026-06-05 16:27:00,notification,61.69,58.53,641.67,5623,6.11,1
2026-06-05 16:27:00,payment,55.51,70.14,463.9,5122,5.86,1
2026-06-05 16:30:00,order,61.28,67.63,756.09,5265,7.3,1
2026-06-05 16:30:00,notification,54.57,58.89,667.94,5347,5.59,0
2026-06-05 16:30:00,payment,61.9,75.29,409.11,5245,8.68,1
2026-06-05 16:33:00,order,67.02,78.43,765.66,5120,8.66,1
2026-06-05 16:33:00,payment,66.27,67.52,518.83,4420,3.89,1
2026-06-05 16:33:00,notification,56.56,54.82,529.14,4406,4.86,0
2026-06-05 16:36:00,payment,45.91,71.2,496.16,4839,4.61,1
2026-06-05 16:36:00,order,69.52,60.67,718.53,4724,8.32,1
2026-06-05 16:36:00,notification,59.64,76.8,511.57,5444,6.26,0
2026-06-05 16:39:00,payment,65.42,57.75,599.82,5400,5.59,0
2026-06-05 16:39:00,order,61.25,61.25,670.9,5080,5.12,0
2026-06-05 16:39:00,notification,68.65,56.34,471.74,5056,8.07,1
2026-06-05 16:42:00,payment,53.88,53.26,459.04,4386,5.27,1
2026-06-05 16:42:00,order,70.61,76.62,675.26,5307,8.72,1
2026-06-05 16:42:00,notification,64.96,70.01,537.79,5222,5.98,0
2026-06-05 16:45:00,payment,54.18,61.95,658.07,5393,5.13,0
2026-06-05 16:45:00,order,67.86,66.34,638.58,4679,8.35,1
2026-06-05 16:45:00,notification,61.21,65.94,716.81,5091,5.49,0
2026-06-05 16:48:00,order,48.69,58.21,532.24,5229,5.54,1
2026-06-05 16:48:00,notification,61.92,55.07,614.03,5932,6.43,1
2026-06-05 16:48:00,payment,59.1,61.58,505.51,5660,5.0,0
2026-06-05 16:51:00,notification,71.37,68.94,650.91,5579,7.02,1
2026-06-05 16:51:00,payment,66.18,61.85,550.44,4629,5.31,1
2026-06-05 16:51:00,order,59.04,64.12,462.07,4928,3.44,0
2026-06-05 16:54:00,notification,59.07,78.93,639.56,4767,7.34,1
2026-06-05 16:54:00,payment,66.29,55.69,592.44,4581,5.57,1
2026-06-05 16:54:00,order,55.97,63.8,644.63,4692,9.09,0
2026-06-05 16:57:00,notification,59.0,58.42,464.44,3684,4.1,1
2026-06-05 16:57:00,payment,62.47,72.38,704.54,4765,6.84,1
2026-06-05 16:57:00,order,59.6,52.22,624.37,5162,6.69,0
2026-06-05 17:00:00,notification,67.35,77.21,797.89,4869,6.49,1
2026-06-05 17:00:00,payment,69.87,78.52,719.1,4419,8.46,1
2026-06-05 17:00:00,order,59.19,57.87,538.37,4858,6.06,1
2026-06-05 17:03:00,notification,62.94,77.3,673.27,5328,6.21,0
2026-06-05 17:03:00,order,62.45,71.87,468.9,4625,4.83,1
2026-06-05 17:03:00,payment,63.34,68.67,529.85,5105,3.78,0
2026-06-05 17:06:00,order,57.12,62.63,456.73,4512,5.15,1
2026-06-05 17:06:00,notification,57.42,60.92,687.98,5034,5.01,1
2026-06-05 17:06:00,payment,56.21,66.51,521.65,4314,4.34,0
2026-06-05 17:09:00,order,52.34,66.47,470.5,4479,5.0,1
2026-06-05 17:09:00,notification,66.54,59.47,650.39,5948,5.24,1
2026-06-05 17:09:00,payment,53.78,63.23,362.71,4936,3.43,1
2026-06-05 17:12:00,order,70.0,55.95,426.66,5048,4.49,0
2026-06-05 17:12:00,notification,84.6,69.04,867.97,5539,9.99,1
2026-06-05 17:12:00,payment,54.27,58.01,637.21,5031,5.2,0
2026-06-05 17:15:00,order,53.0,61.61,453.49,4678,3.32,0
2026-06-05 17:15:00,notification,67.38,77.9,888.77,6026,7.87,1
2026-06-05 17:15:00,payment,64.97,64.16,654.91,4368,5.29,0
2026-06-05 17:18:00,notification,72.25,66.84,1090.87,6891,11.92,1
2026-06-05 17:18:00,payment,62.06,76.33,637.5,4684,7.64,1
2026-06-05 17:18:00,order,59.8,60.8,472.63,4741,5.96,0
2026-06-05 17:21:00,payment,57.57,65.34,584.02,5919,6.92,0
2026-06-05 17:21:00,order,60.79,57.82,497.94,4974,3.36,0
2026-06-05 17:21:00,notification,77.75,77.57,1036.24,5713,11.93,1
2026-06-05 17:24:00,payment,52.89,64.11,716.57,5102,6.07,0
2026-06-05 17:24:00,order,62.62,65.7,630.07,4694,4.66,0
2026-06-05 17:24:00,notification,88.44,76.3,937.03,6575,10.48,1
2026-06-05 17:27:00,payment,63.0,67.7,468.47,4329,4.61,1
2026-06-05 17:27:00,order,54.52,57.63,556.84,4352,5.22,0
2026-06-05 17:27:00,notification,65.0,69.1,1025.62,5888,10.94,1
2026-06-05 17:30:00,order,52.75,68.01,547.19,4837,4.29,1
2026-06-05 17:30:00,notification,59.58,67.03,850.18,5306,7.17,1
2026-06-05 17:30:00,payment,54.1,67.5,526.53,4107,6.78,1
2026-06-05 17:33:00,notification,71.41,68.55,766.38,4643,6.2,1
2026-06-05 17:33:00,payment,61.08,58.84,460.47,4653,3.37,0
2026-06-05 17:33:00,order,62.11,64.25,572.53,4072,5.27,0
2026-06-05 17:36:00,notification,74.14,72.1,858.86,5983,8.67,1
2026-06-05 17:36:00,payment,64.05,59.68,609.68,5046,3.73,0
2026-06-05 17:36:00,order,64.95,61.3,519.59,4270,5.59,1
2026-06-05 17:39:00,notification,60.82,77.71,767.42,5257,8.46,1
2026-06-05 17:39:00,payment,51.12,60.47,447.79,4971,5.25,0
2026-06-05 17:39:00,order,60.12,64.32,507.01,5385,4.91,0
2026-06-05 17:42:00,notification,66.45,68.73,747.41,5541,9.68,0
2026-06-05 17:42:00,payment,61.41,65.61,610.79,5061,5.36,1
2026-06-05 17:42:00,order,55.18,64.38,622.74,4380,6.54,1
2026-06-05 17:45:00,payment,60.91,71.0,486.38,5651,6.81,0
2026-06-05 17:45:00,order,65.18,59.0,605.19,5408,6.58,1
2026-06-05 17:45:00,notification,61.15,70.22,718.77,6240,9.12,0
2026-06-05 17:48:00,order,80.02,67.58,898.83,5335,10.58,1
2026-06-05 17:48:00,notification,64.07,72.25,672.94,5470,10.0,1
2026-06-05 17:48:00,payment,56.11,54.61,410.44,4702,3.65,0
2026-06-05 17:51:00,order,59.09,66.72,657.72,5452,7.75,0
2026-06-05 17:51:00,notification,65.59,65.09,698.64,5692,8.56,1
2026-06-05 17:51:00,payment,59.01,62.17,340.52,4034,3.47,0
2026-06-05 17:54:00,order,63.28,65.91,695.66,6027,8.05,1
2026-06-05 17:54:00,notification,69.96,75.47,780.72,6045,6.44,1
2026-06-05 17:54:00,payment,49.9,62.56,574.87,5689,5.01,1
2026-06-05 17:57:00,order,63.61,69.28,627.52,4682,6.12,1
2026-06-05 17:57:00,notification,73.71,65.07,715.46,5561,7.86,1
2026-06-05 17:57:00,payment,60.3,72.84,456.92,4372,4.44,1
2026-06-05 18:00:00,order,74.72,73.02,760.15,4777,8.74,1
2026-06-05 18:00:00,payment,58.47,58.91,448.58,4415,1.78,0
2026-06-05 18:00:00,notification,64.31,70.33,765.05,5015,5.76,1
2026-06-05 18:03:00,payment,55.61,60.6,417.37,4298,4.73,1
2026-06-05 18:03:00,order,64.42,66.91,777.41,5697,8.79,1
2026-06-05 18:03:00,notification,75.11,67.68,721.85,5971,8.82,1
2026-06-05 18:06:00,payment,56.49,64.45,476.02,4879,2.58,0
2026-06-05 18:06:00,order,64.25,59.63,571.72,4629,6.68,0
2026-06-05 18:06:00,notification,71.54,68.76,719.1,5458,6.02,1
2026-06-05 18:09:00,payment,63.15,62.7,562.36,4776,4.96,1
2026-06-05 18:09:00,order,70.76,69.1,570.75,4922,6.95,0
2026-06-05 18:09:00,notification,57.27,78.24,693.97,5160,6.2,1
2026-06-05 18:12:00,payment,63.36,55.96,625.55,5130,6.57,1
2026-06-05 18:12:00,order,53.98,66.66,555.55,5191,6.17,0
2026-06-05 18:12:00,notification,62.43,61.46,417.29,3978,4.03,1
2026-06-05 18:15:00,order,56.65,64.0,690.4,5447,5.55,0
2026-06-05 18:15:00,notification,59.67,55.96,538.52,4135,2.83,0
2026-06-05 18:15:00,payment,65.79,64.59,646.04,6010,7.78,0
2026-06-05 18:18:00,notification,64.53,53.27,401.98,4433,3.94,0
2026-06-05 18:18:00,payment,66.25,65.01,684.16,5499,9.38,1
2026-06-05 18:18:00,order,61.49,59.31,526.21,5186,6.63,0
2026-06-05 18:21:00,notification,57.06,66.32,532.11,4094,4.49,1
2026-06-05 18:21:00,payment,58.35,59.47,696.56,5455,6.57,0
2026-06-05 18:21:00,order,68.55,62.16,723.5,5012,6.79,0
2026-06-05 18:24:00,notification,66.13,62.27,462.85,4389,5.03,1
2026-06-05 18:24:00,payment,75.43,71.51,888.01,5519,8.26,1
2026-06-05 18:24:00,order,63.62,66.62,664.1,5085,4.55,0
2026-06-05 18:27:00,notification,41.36,54.34,453.85,3584,3.89,0
2026-06-05 18:27:00,order,66.09,71.44,439.91,4625,6.24,1
2026-06-05 18:27:00,payment,77.53,62.42,830.49,6016,10.42,1
2026-06-05 18:30:00,order,50.42,62.76,598.01,4673,5.73,1
2026-06-05 18:30:00,notification,51.73,64.61,429.85,4773,4.13,1
2026-06-05 18:30:00,payment,65.88,66.14,719.48,4917,9.53,1
2026-06-05 18:33:00,order,63.02,59.92,636.79,4831,5.49,0
2026-06-05 18:33:00,notification,42.82,55.25,415.13,3686,3.85,0
2026-06-05 18:33:00,payment,56.15,69.39,803.34,5713,9.26,1
2026-06-05 18:36:00,order,46.44,77.05,604.68,5345,6.81,1
2026-06-05 18:36:00,notification,53.38,55.42,354.88,3901,4.93,0
2026-06-05 18:36:00,payment,66.51,70.42,671.65,5927,7.05,1
2026-06-05 18:39:00,order,70.99,63.99,646.95,4803,7.49,1
2026-06-05 18:39:00,notification,58.01,60.59,529.39,4221,4.6,1
2026-06-05 18:39:00,payment,70.28,69.5,865.13,5717,8.97,1
2026-06-05 18:42:00,notification,57.82,60.62,600.35,4044,6.57,1
2026-06-05 18:42:00,payment,59.62,68.91,790.34,6171,9.01,1
2026-06-05 18:42:00,order,71.23,62.78,649.06,5262,8.64,1
2026-06-05 18:45:00,payment,66.22,67.01,898.71,6319,9.91,1
2026-06-05 18:45:00,order,58.3,61.48,591.73,4581,5.35,1
2026-06-05 18:45:00,notification,68.93,57.87,712.99,5377,7.8,0
2026-06-05 18:48:00,payment,60.89,71.81,887.23,5874,9.95,1
2026-06-05 18:48:00,order,49.91,64.19,620.42,4847,6.37,1
2026-06-05 18:48:00,notification,79.89,65.51,677.89,5621,7.06,1
2026-06-05 18:51:00,payment,78.07,76.35,1033.49,6587,11.21,1
2026-06-05 18:51:00,order,59.83,70.55,633.06,5273,6.42,1
2026-06-05 18:51:00,notification,62.09,70.24,727.98,5523,8.5,1
2026-06-05 18:54:00,payment,71.09,67.89,895.1,5659,10.28,1
2026-06-05 18:54:00,order,69.84,57.58,620.58,5223,4.81,1
2026-06-05 18:54:00,notification,71.88,65.51,616.48,5540,8.88,1
2026-06-05 18:57:00,payment,57.15,71.12,722.55,5454,9.33,1
2026-06-05 18:57:00,notification,67.07,66.02,577.27,4514,9.08,1
2026-06-05 18:57:00,order,65.7,68.98,612.2,5234,7.48,0
2026-06-05 19:00:00,notification,63.1,59.45,542.22,5003,7.2,1
2026-06-05 19:00:00,payment,67.02,69.31,677.47,4905,6.22,1
2026-06-05 19:00:00,order,74.02,65.71,661.98,4673,4.71,1
2026-06-05 19:03:00,notification,67.89,67.58,595.75,5655,5.23,1
2026-06-05 19:03:00,payment,62.28,65.23,553.13,4898,8.06,1
2026-06-05 19:03:00,order,62.51,64.13,716.3,5099,5.19,1
2026-06-05 19:06:00,notification,64.2,71.57,776.83,5343,6.73,1
2026-06-05 19:06:00,payment,62.72,75.63,640.33,4724,6.61,1
2026-06-05 19:06:00,order,70.06,59.81,350.44,4748,6.53,1
2026-06-05 19:09:00,notification,70.9,74.72,739.37,5729,5.94,1
2026-06-05 19:09:00,payment,49.83,56.52,405.12,3301,2.41,0
2026-06-05 19:09:00,order,44.36,59.07,283.41,4507,1.76,0
2026-06-05 19:12:00,payment,47.08,55.59,317.25,4164,4.34,1
2026-06-05 19:12:00,order,54.17,62.65,531.85,5624,6.49,1
2026-06-05 19:12:00,notification,56.31,66.43,677.26,5278,8.57,1
2026-06-05 19:15:00,order,55.88,64.13,604.34,5218,8.48,1
2026-06-05 19:15:00,notification,62.46,63.81,697.06,4920,9.11,1
2026-06-05 19:15:00,payment,49.09,56.41,426.56,4539,4.66,0
2026-06-05 19:18:00,order,67.19,65.31,539.6,4769,6.69,1
2026-06-05 19:18:00,notification,60.76,69.21,601.51,4603,6.89,0
2026-06-05 19:18:00,payment,49.77,53.07,464.72,4050,4.53,0
2026-06-05 19:21:00,order,48.46,55.79,417.79,4102,4.78,1
2026-06-05 19:21:00,notification,74.34,62.57,615.47,4553,5.4,0
2026-06-05 19:21:00,payment,58.81,66.17,586.82,3588,7.01,1
2026-06-05 19:24:00,notification,53.16,66.67,529.01,5280,6.02,0
2026-06-05 19:24:00,payment,59.4,59.16,467.07,4546,5.05,1
2026-06-05 19:24:00,order,61.27,70.17,603.83,3880,2.03,1
2026-06-05 19:27:00,payment,60.52,62.42,418.33,4429,6.52,0
2026-06-05 19:27:00,order,59.58,64.5,354.47,3989,3.39,0
2026-06-05 19:27:00,notification,63.37,67.84,572.67,4596,6.37,1
2026-06-05 19:30:00,payment,59.11,62.55,629.61,4741,2.95,0
2026-06-05 19:30:00,order,59.76,64.62,563.48,4634,5.34,0
2026-06-05 19:30:00,notification,70.93,61.32,657.87,5925,8.25,1
2026-06-05 19:33:00,payment,60.98,61.53,593.37,5720,7.98,1
2026-06-05 19:33:00,order,57.95,59.92,463.58,4404,5.29,0
2026-06-05 19:33:00,notification,53.66,55.74,536.04,4421,3.9,1
2026-06-05 19:36:00,payment,77.91,57.51,677.54,4142,7.78,0
2026-06-05 19:36:00,order,48.81,63.28,339.86,4747,4.42,0
2026-06-05 19:36:00,notification,61.39,61.92,580.23,5472,6.49,1
2026-06-05 19:39:00,order,61.56,63.06,456.03,4870,5.09,1
2026-06-05 19:39:00,notification,60.6,58.31,562.08,5204,7.83,1
2026-06-05 19:39:00,payment,60.87,66.18,775.48,5072,9.2,1
2026-06-05 19:42:00,notification,61.36,76.47,718.16,4308,7.27,1
2026-06-05 19:42:00,payment,60.94,71.84,748.79,5601,5.97,1
2026-06-05 19:42:00,order,56.25,63.31,441.26,5009,5.14,1
2026-06-05 19:45:00,notification,72.16,59.19,615.96,4735,4.38,0
2026-06-05 19:45:00,payment,84.16,68.55,789.79,5000,8.29,1
2026-06-05 19:45:00,order,61.73,58.23,379.42,4330,2.99,0
2026-06-05 19:48:00,notification,52.63,72.95,776.12,4943,4.7,0
2026-06-05 19:48:00,payment,66.65,75.14,751.29,4940,8.26,1
2026-06-05 19:48:00,order,67.94,63.82,474.83,4994,5.43,1
2026-06-05 19:51:00,notification,69.36,65.2,710.55,5359,6.84,1
2026-06-05 19:51:00,order,55.35,69.38,410.04,4849,3.12,0
2026-06-05 19:51:00,payment,53.9,69.44,725.61,5855,5.52,0
2026-06-05 19:54:00,order,64.26,60.63,446.46,4985,3.79,0
2026-06-05 19:54:00,notification,52.75,73.67,698.53,4870,8.81,1
2026-06-05 19:54:00,payment,67.36,68.42,706.97,5207,7.62,1
2026-06-05 19:57:00,order,56.12,57.77,434.75,3985,5.53,0
2026-06-05 19:57:00,notification,73.37,76.23,689.88,5235,10.37,0
2026-06-05 19:57:00,payment,61.69,79.31,858.82,5951,8.82,1
2026-06-05 20:00:00,order,57.96,59.07,364.22,4141,1.83,0
2026-06-05 20:00:00,notification,66.15,62.31,818.98,5959,7.51,1
2026-06-05 20:00:00,payment,70.19,67.37,692.99,5515,5.24,1
2026-06-05 20:03:00,order,49.09,61.03,508.93,4120,4.28,1
2026-06-05 20:03:00,notification,59.44,71.56,864.37,6910,10.41,1
2026-06-05 20:03:00,payment,63.19,67.94,609.74,5352,7.87,1
2026-06-05 20:06:00,notification,68.82,80.58,939.19,5931,6.95,1
2026-06-05 20:06:00,payment,63.75,69.19,895.39,6001,7.02,0
2026-06-05 20:06:00,order,48.12,54.03,327.14,4961,4.21,0
2026-06-05 20:09:00,payment,77.35,78.08,792.4,6398,6.49,1
2026-06-05 20:09:00,order,51.48,55.96,430.78,4194,4.81,0
2026-06-05 20:09:00,notification,60.37,70.79,814.47,5486,7.72,1
2026-06-05 20:12:00,payment,69.26,68.82,803.65,4765,8.17,0
2026-06-05 20:12:00,order,64.23,64.04,320.89,4838,4.55,1
2026-06-05 20:12:00,notification,68.67,70.64,604.69,4108,6.94,1
2026-06-05 20:15:00,payment,100.0,96.28,2391.1,9333,32.45,1
2026-06-05 20:15:00,order,52.97,65.19,431.64,4274,3.07,0
2026-06-05 20:15:00,notification,66.58,65.42,574.86,5633,6.66,1
2026-06-05 20:18:00,order,58.98,70.6,564.76,4577,5.49,1
2026-06-05 20:18:00,notification,54.48,69.41,655.57,5375,5.19,1
2026-06-05 20:18:00,payment,90.62,90.49,1684.61,7807,22.04,1
2026-06-05 20:21:00,notification,63.15,70.05,451.69,4609,5.37,1
2026-06-05 20:21:00,payment,69.06,69.68,780.16,5898,10.58,1
2026-06-05 20:21:00,order,52.43,59.6,427.74,3969,1.86,0
2026-06-05 20:24:00,notification,50.3,57.97,452.16,4301,3.72,0
2026-06-05 20:24:00,payment,73.01,74.42,818.73,6205,10.17,1
2026-06-05 20:24:00,order,46.87,54.61,296.11,3927,3.3,0
2026-06-05 20:27:00,notification,50.99,57.69,345.82,3832,1.83,0
2026-06-05 20:27:00,payment,72.41,70.28,702.36,5465,8.05,1
2026-06-05 20:27:00,order,38.82,57.39,213.82,3522,2.39,0
2026-06-05 20:30:00,notification,62.08,53.9,315.41,3270,4.09,1
2026-06-05 20:30:00,payment,65.37,66.76,718.03,6069,8.43,1
2026-06-05 20:30:00,order,32.38,45.11,323.45,3683,0.63,0
2026-06-05 20:33:00,payment,66.83,63.31,526.36,4819,3.25,1
2026-06-05 20:33:00,order,39.96,51.3,191.59,2924,0.85,0
2026-06-05 20:33:00,notification,49.2,50.4,363.93,3725,3.36,0
2026-06-05 20:36:00,order,38.01,51.34,134.07,2266,3.21,0
2026-06-05 20:36:00,notification,62.93,62.37,327.73,4516,2.83,1
2026-06-05 20:36:00,payment,56.82,49.4,303.07,4461,3.43,1
2026-06-05 20:39:00,order,39.86,55.87,205.04,3347,0.38,0
2026-06-05 20:39:00,notification,65.34,59.76,341.38,4382,3.87,1
2026-06-05 20:39:00,payment,54.02,58.53,429.46,3547,3.27,1
2026-06-05 20:42:00,order,44.08,57.46,341.38,2937,0.0,1
2026-06-05 20:42:00,notification,48.9,62.32,388.86,3724,4.29,0
2026-06-05 20:42:00,payment,54.35,55.48,465.47,3714,4.25,0
2026-06-05 20:45:00,order,56.57,47.47,231.88,2709,0.95,0
2026-06-05 20:45:00,notification,52.0,65.32,314.6,4017,1.89,0
2026-06-05 20:45:00,payment,52.54,71.15,509.55,3626,3.5,0
2026-06-05 20:48:00,order,58.08,51.67,335.52,3722,2.99,0
2026-06-05 20:48:00,payment,44.73,58.06,421.73,4501,2.58,0
2026-06-05 20:48:00,notification,45.3,51.07,298.47,3394,1.03,0
2026-06-05 20:51:00,payment,59.1,60.56,524.02,4381,5.02,0
2026-06-05 20:51:00,order,52.0,55.57,352.01,3644,4.85,0
2026-06-05 20:51:00,notification,48.74,52.11,322.93,4073,1.18,0
2026-06-05 20:54:00,payment,62.21,57.7,508.49,4527,7.83,1
2026-06-05 20:54:00,order,51.74,50.67,351.05,3746,3.06,0
2026-06-05 20:54:00,notification,55.35,53.4,286.22,3452,5.98,1
2026-06-05 20:57:00,payment,59.99,72.47,739.0,4626,4.38,1
2026-06-05 20:57:00,order,54.82,58.59,321.61,3813,0.99,0
2026-06-05 20:57:00,notification,51.49,64.25,328.04,3792,4.31,0
2026-06-05 21:00:00,payment,65.31,64.88,696.67,6262,7.57,1
2026-06-05 21:00:00,order,53.32,60.01,449.25,3078,3.25,0
2026-06-05 21:00:00,notification,54.68,50.41,325.44,4288,2.14,0
2026-06-05 21:03:00,order,61.43,64.29,492.99,4334,5.69,0
2026-06-05 21:03:00,notification,52.44,62.61,333.91,4719,4.59,0
2026-06-05 21:03:00,payment,65.73,64.63,720.75,5354,9.11,0
2026-06-05 21:06:00,notification,48.41,51.09,398.06,3859,3.99,1
2026-06-05 21:06:00,payment,67.86,68.25,553.23,5366,7.38,1
2026-06-05 21:06:00,order,59.66,62.6,416.62,4924,5.18,1
2026-06-05 21:09:00,notification,54.42,68.27,464.1,4083,4.53,1
2026-06-05 21:09:00,payment,60.3,63.98,413.27,3955,6.77,1
2026-06-05 21:09:00,order,59.59,67.75,550.21,4587,5.71,1
2026-06-05 21:12:00,notification,56.19,63.45,472.33,4499,3.41,1
2026-06-05 21:12:00,payment,56.3,63.03,483.19,4684,5.24,0
2026-06-05 21:12:00,order,60.12,69.83,656.75,4442,4.61,1
2026-06-05 21:15:00,payment,48.8,61.41,506.59,3775,5.06,1
2026-06-05 21:15:00,order,65.19,63.15,659.34,5069,4.9,1
2026-06-05 21:15:00,notification,69.26,61.88,620.25,5532,4.36,0
2026-06-05 21:18:00,order,50.89,52.64,658.91,5451,6.9,0
2026-06-05 21:18:00,notification,59.85,73.57,479.63,5259,4.96,0
2026-06-05 21:18:00,payment,64.55,59.4,295.49,3748,3.15,1
2026-06-05 21:21:00,order,65.53,65.28,630.68,5082,8.21,1
2026-06-05 21:21:00,notification,57.51,55.57,334.41,3789,3.4,1
2026-06-05 21:21:00,payment,52.28,59.2,435.84,3775,4.02,1
2026-06-05 21:24:00,order,51.03,66.71,702.04,5040,5.72,1
2026-06-05 21:24:00,notification,48.06,59.04,370.44,3848,4.65,0
2026-06-05 21:24:00,payment,50.72,58.08,264.46,3947,3.89,1
2026-06-05 21:27:00,order,60.87,63.23,646.4,4520,5.46,1
2026-06-05 21:27:00,notification,55.38,44.46,350.08,3308,3.03,0
2026-06-05 21:27:00,payment,53.19,61.95,525.5,3978,4.1,0
2026-06-05 21:30:00,notification,53.75,63.58,430.08,4941,4.97,1
2026-06-05 21:30:00,payment,53.78,66.54,490.89,5063,3.62,1
2026-06-05 21:30:00,order,49.42,58.73,327.35,4518,4.23,0
2026-06-05 21:33:00,payment,66.95,62.17,474.16,4759,3.36,0
2026-06-05 21:33:00,order,61.16,55.42,404.5,3747,2.31,0
2026-06-05 21:33:00,notification,52.33,56.62,359.94,4088,2.29,0
2026-06-05 21:36:00,payment,66.73,58.42,579.59,4361,5.26,1
2026-06-05 21:36:00,order,56.11,55.63,412.83,4519,3.23,0
2026-06-05 21:36:00,notification,57.05,59.83,554.05,4316,4.17,1
2026-06-05 21:39:00,payment,59.97,60.85,513.92,4916,2.92,1
2026-06-05 21:39:00,order,57.21,56.07,428.58,4368,4.55,0
2026-06-05 21:39:00,notification,55.19,57.63,552.89,4739,6.28,0
2026-06-05 21:42:00,payment,56.31,65.04,563.75,4322,4.02,0
2026-06-05 21:42:00,order,62.3,65.66,420.65,5263,4.97,0
2026-06-05 21:42:00,notification,47.78,53.54,466.07,4386,2.32,0
2026-06-05 21:45:00,payment,56.76,49.03,400.93,3822,0.6,0
2026-06-05 21:45:00,notification,52.81,52.62,355.67,3569,4.83,0
2026-06-05 21:45:00,order,53.43,67.87,539.64,4433,5.99,1
2026-06-05 21:48:00,notification,58.32,64.17,323.68,4141,3.58,1
2026-06-05 21:48:00,payment,47.55,44.03,292.69,3777,3.22,0
2026-06-05 21:48:00,order,65.69,56.47,497.77,4220,4.61,0
2026-06-05 21:51:00,notification,43.76,58.84,411.62,3950,3.96,0
2026-06-05 21:51:00,payment,46.97,58.38,284.31,2546,3.8,0
2026-06-05 21:51:00,order,63.41,62.66,501.58,4943,6.27,0
2026-06-05 21:54:00,notification,53.23,52.42,518.35,4562,0.89,0
2026-06-05 21:54:00,payment,51.43,62.48,340.18,3960,2.77,0
2026-06-05 21:54:00,order,54.49,65.68,569.74,4736,4.32,0
2026-06-05 21:57:00,notification,53.49,45.94,410.41,3957,4.12,1
2026-06-05 21:57:00,payment,50.14,51.41,492.43,3745,5.65,0
2026-06-05 21:57:00,order,49.62,59.26,428.06,4508,4.25,0
2026-06-05 22:00:00,order,48.87,59.9,327.81,4188,4.01,0
2026-06-05 22:00:00,notification,42.17,60.31,233.52,3270,0.68,0
2026-06-05 22:00:00,payment,58.1,61.46,445.12,4153,6.09,1
2026-06-05 22:03:00,order,50.01,61.33,267.87,3401,2.82,0
2026-06-05 22:03:00,notification,42.94,38.81,159.31,2943,1.95,0
2026-06-05 22:03:00,payment,61.02,61.67,594.49,5568,6.05,1
2026-06-05 22:06:00,order,43.88,57.69,288.37,3457,2.38,0
2026-06-05 22:06:00,notification,55.38,60.08,269.14,3360,1.13,0
2026-06-05 22:06:00,payment,59.44,59.01,404.71,4145,4.12,1
2026-06-05 22:09:00,order,50.62,55.75,490.75,4620,3.51,0
2026-06-05 22:09:00,notification,57.65,53.24,285.89,3327,2.98,1
2026-06-05 22:09:00,payment,50.4,60.4,295.07,4556,3.37,1
2026-06-05 22:12:00,order,52.58,67.15,501.3,4565,5.42,1
2026-06-05 22:12:00,payment,59.08,52.99,446.95,4361,4.65,1
2026-06-05 22:12:00,notification,55.45,52.32,330.61,3102,1.04,0
2026-06-05 22:15:00,payment,55.29,58.92,602.77,5039,5.62,1
2026-06-05 22:15:00,order,54.43,58.82,530.47,4155,4.6,0
2026-06-05 22:15:00,notification,50.75,50.32,227.34,3584,2.84,0
2026-06-05 22:18:00,payment,59.56,64.88,637.48,5030,7.26,0
2026-06-05 22:18:00,order,59.03,62.67,515.78,4122,3.04,0
2026-06-05 22:18:00,notification,52.06,54.87,278.01,3082,2.27,0
2026-06-05 22:21:00,payment,60.8,66.49,582.96,5115,7.72,1
2026-06-05 22:21:00,order,62.1,65.72,561.24,4221,4.41,1
2026-06-05 22:21:00,notification,49.49,57.94,217.44,3605,2.45,0
2026-06-05 22:24:00,payment,54.44,58.96,602.87,5513,5.57,0
2026-06-05 22:24:00,order,60.68,62.75,636.99,4477,4.86,0
2026-06-05 22:24:00,notification,43.01,58.39,335.06,2628,1.99,0
2026-06-05 22:27:00,order,61.05,61.58,560.67,4436,5.81,0
2026-06-05 22:27:00,notification,53.28,61.81,391.27,4417,3.69,0
2026-06-05 22:27:00,payment,63.03,65.2,499.73,4849,5.9,1
2026-06-05 22:30:00,notification,41.39,47.31,382.75,3004,2.6,0
2026-06-05 22:30:00,payment,52.1,60.0,454.44,4383,4.6,0
2026-06-05 22:30:00,order,55.85,57.2,519.05,4321,1.56,1
2026-06-05 22:33:00,notification,48.4,54.33,361.04,4747,3.13,0
2026-06-05 22:33:00,payment,49.63,56.51,331.51,3724,3.74,0
2026-06-05 22:33:00,order,51.38,56.64,409.88,3459,3.73,0
2026-06-05 22:36:00,notification,57.92,54.09,422.3,3999,4.2,0
2026-06-05 22:36:00,payment,60.11,58.98,371.09,3774,2.23,0
2026-06-05 22:36:00,order,60.05,61.4,460.16,4159,5.06,1
2026-06-05 22:39:00,notification,51.85,58.16,400.53,4252,5.95,1
2026-06-05 22:39:00,payment,48.39,56.28,409.97,4319,2.89,0
2026-06-05 22:39:00,order,37.83,49.15,281.63,3687,4.6,0
2026-06-05 22:42:00,notification,46.57,58.07,388.05,3873,3.11,0
2026-06-05 22:42:00,order,50.2,56.88,406.58,3815,3.24,1
2026-06-05 22:42:00,payment,54.47,64.31,477.29,4805,6.79,1
2026-06-05 22:45:00,order,48.46,48.15,407.99,4887,1.29,1
2026-06-05 22:45:00,notification,45.1,59.61,315.04,3619,0.93,0
2026-06-05 22:45:00,payment,47.66,53.88,357.9,4354,2.61,0
2026-06-05 22:48:00,order,51.19,53.75,413.29,4257,2.6,0
2026-06-05 22:48:00,notification,43.92,56.27,306.75,3479,2.75,0
2026-06-05 22:48:00,payment,51.71,45.62,286.21,2730,2.67,0
2026-06-05 22:51:00,order,49.57,59.93,355.36,4323,5.37,1
2026-06-05 22:51:00,notification,52.75,59.95,369.8,4063,3.74,0
2026-06-05 22:51:00,payment,53.47,52.47,359.54,3858,1.92,0
2026-06-05 22:54:00,order,60.92,60.2,498.53,4343,4.07,0
2026-06-05 22:54:00,notification,47.13,53.33,356.29,3871,2.31,0
2026-06-05 22:54:00,payment,51.1,52.87,206.87,3893,0.0,0
2026-06-05 22:57:00,payment,50.35,46.75,288.46,3490,2.9,0
2026-06-05 22:57:00,order,60.69,64.26,374.16,3982,7.02,1
2026-06-05 22:57:00,notification,50.69,67.49,311.02,4130,1.57,0
2026-06-05 23:00:00,payment,47.6,46.04,365.62,4216,1.56,0
2026-06-05 23:00:00,order,48.32,62.73,379.46,4409,5.46,0
2026-06-05 23:00:00,notification,58.04,56.9,485.21,4926,4.49,0
2026-06-05 23:03:00,payment,43.54,53.49,201.01,2845,2.53,0
2026-06-05 23:03:00,order,59.31,51.35,539.84,3967,4.72,0
2026-06-05 23:03:00,notification,55.2,54.78,429.22,3508,3.3,0
2026-06-05 23:06:00,payment,44.15,50.78,387.19,3901,3.79,0
2026-06-05 23:06:00,order,49.17,67.18,557.9,4728,4.83,0
2026-06-05 23:06:00,notification,49.64,62.43,438.56,4489,3.77,1
2026-06-05 23:09:00,order,56.21,59.46,480.31,4010,4.04,0
2026-06-05 23:09:00,notification,46.58,64.14,421.34,3511,3.96,0
2026-06-05 23:09:00,payment,52.73,43.88,348.04,2782,2.13,0
2026-06-05 23:12:00,notification,52.88,54.32,364.38,4552,4.66,0
2026-06-05 23:12:00,payment,48.76,55.28,225.51,3526,2.11,0
2026-06-05 23:12:00,order,48.75,53.85,391.69,3886,2.46,1
2026-06-05 23:15:00,notification,58.71,57.99,469.4,4540,3.48,1
2026-06-05 23:15:00,payment,42.43,49.34,255.29,3608,1.08,0
2026-06-05 23:15:00,order,47.32,54.85,500.26,3296,2.8,0
2026-06-05 23:18:00,notification,40.87,49.26,196.11,3085,2.81,0
2026-06-05 23:18:00,payment,45.49,57.12,316.88,3940,2.74,0
2026-06-05 23:18:00,order,42.34,47.16,363.23,4030,5.8,0
2026-06-05 23:21:00,notification,39.67,44.2,299.76,3316,1.65,0
2026-06-05 23:21:00,payment,39.72,48.35,191.85,3017,1.11,0
2026-06-05 23:21:00,order,46.74,54.18,341.34,3343,4.05,0
2026-06-05 23:24:00,payment,37.49,52.0,98.88,2950,0.0,0
2026-06-05 23:24:00,order,39.34,55.5,191.97,2948,1.62,0
2026-06-05 23:24:00,notification,43.38,46.33,292.32,3126,0.27,0
2026-06-05 23:27:00,order,35.74,47.45,57.11,3243,0.86,0
2026-06-05 23:27:00,notification,44.8,46.95,286.25,2496,0.0,0
2026-06-05 23:27:00,payment,48.82,52.42,289.33,3292,3.34,0
2026-06-05 23:30:00,order,48.56,48.69,261.11,3295,0.37,0
2026-06-05 23:30:00,notification,44.34,57.53,362.82,3417,2.07,0
2026-06-05 23:30:00,payment,45.18,40.14,322.16,3380,3.69,0
2026-06-05 23:33:00,order,51.52,52.45,254.56,3385,4.56,0
2026-06-05 23:33:00,notification,41.03,46.68,256.21,2173,0.93,0
2026-06-05 23:33:00,payment,36.9,43.45,261.62,2731,3.26,0
2026-06-05 23:36:00,order,47.19,56.98,262.54,3420,3.05,0
2026-06-05 23:36:00,payment,36.36,50.73,201.84,3756,4.5,0
2026-06-05 23:36:00,notification,61.37,67.11,816.01,5603,7.26,1
2026-06-05 23:39:00,payment,31.92,49.85,184.14,3304,2.24,0
2026-06-05 23:39:00,order,35.39,55.74,224.93,2648,3.18,0
2026-06-05 23:39:00,notification,68.26,72.52,633.41,5095,4.57,0
2026-06-05 23:42:00,payment,40.84,40.57,281.96,2385,2.17,0
2026-06-05 23:42:00,order,45.78,56.65,297.74,3407,1.48,0
2026-06-05 23:42:00,notification,53.47,68.94,437.23,4317,2.7,0
2026-06-05 23:45:00,payment,40.94,47.88,198.51,2825,2.64,0
2026-06-05 23:45:00,order,53.36,64.87,426.5,3687,1.92,1
2026-06-05 23:45:00,notification,62.82,66.33,356.37,3999,3.76,1
2026-06-05 23:48:00,payment,34.1,40.76,85.65,2608,0.01,0
2026-06-05 23:48:00,order,49.48,60.26,385.46,4260,1.77,0
2026-06-05 23:48:00,notification,39.04,54.95,435.39,4525,2.02,0
2026-06-05 23:51:00,notification,39.74,60.49,327.06,3790,2.45,0
2026-06-05 23:51:00,payment,43.33,47.61,252.46,2279,0.0,0
2026-06-05 23:51:00,order,54.71,63.5,344.12,4364,0.0,0
2026-06-05 23:54:00,notification,48.82,65.55,378.22,3554,2.09,1
2026-06-05 23:54:00,payment,39.76,46.95,173.6,2845,0.59,0
2026-06-05 23:54:00,order,52.55,60.2,291.8,4148,3.03,1
2026-06-05 23:57:00,notification,53.38,51.21,242.55,2814,0.47,0
2026-06-05 23:57:00,order,46.99,53.06,257.96,3484,3.04,0
2026-06-05 23:57:00,payment,43.02,50.27,245.16,3190,2.63,0
2026-06-06 00:00:00,order,46.58,61.51,426.23,3848,3.22,0
2026-06-06 00:00:00,notification,49.42,52.65,260.24,3526,3.13,0
2026-06-06 00:00:00,payment,41.15,54.16,128.67,3253,0.64,1
2026-06-06 00:03:00,payment,37.12,50.78,199.82,3390,1.94,0
2026-06-06 00:03:00,order,52.75,49.7,288.37,3182,1.87,0
2026-06-06 00:03:00,notification,43.68,48.42,153.56,3399,1.54,0
2026-06-06 00:06:00,notification,46.13,51.78,175.78,3727,4.62,0
2026-06-06 00:06:00,payment,45.87,55.62,284.53,2925,2.57,0
2026-06-06 00:06:00,order,49.58,53.72,299.85,2859,2.73,1
2026-06-06 00:09:00,order,41.6,48.06,288.53,2998,1.03,0
2026-06-06 00:09:00,payment,38.63,50.43,264.6,3337,2.35,0
2026-06-06 00:09:00,notification,41.59,57.52,226.17,2213,0.33,0
2026-06-06 00:12:00,payment,47.76,64.87,173.02,2834,0.24,0
2026-06-06 00:12:00,order,51.68,54.67,281.87,2471,3.15,1
2026-06-06 00:12:00,notification,53.13,48.42,116.43,2979,3.46,0
2026-06-06 00:15:00,payment,37.02,43.07,74.41,3034,1.9,0
2026-06-06 00:15:00,notification,37.28,44.44,129.58,2968,1.25,0
2026-06-06 00:15:00,order,42.35,57.5,347.77,3433,3.91,0
2026-06-06 00:18:00,order,45.8,53.51,239.89,3255,3.15,1
2026-06-06 00:18:00,notification,46.63,45.58,125.27,2374,0.46,0
2026-06-06 00:18:00,payment,44.52,43.44,265.01,2678,0.53,0
2026-06-06 00:21:00,notification,35.35,52.68,157.88,3295,0.0,0
2026-06-06 00:21:00,payment,38.92,52.23,210.81,3139,3.3,0
2026-06-06 00:21:00,order,40.32,53.98,440.86,4665,2.57,0
2026-06-06 00:24:00,notification,38.12,32.69,188.67,2306,0.0,0
2026-06-06 00:24:00,order,46.52,60.85,344.36,3829,2.61,0
2026-06-06 00:24:00,payment,47.28,51.46,265.48,3277,2.62,0
2026-06-06 00:27:00,notification,40.4,54.13,387.65,4056,1.29,0
2026-06-06 00:27:00,payment,28.89,45.66,196.54,2458,0.25,0
2026-06-06 00:27:00,order,48.9,64.85,554.84,4758,3.2,0
2026-06-06 00:30:00,notification,52.29,51.87,333.13,3481,1.35,0
2026-06-06 00:30:00,payment,31.83,46.83,179.01,1868,2.85,0
2026-06-06 00:30:00,order,42.63,45.48,325.35,3281,0.0,0
2026-06-06 00:33:00,payment,37.46,32.42,117.77,1593,1.09,0
2026-06-06 00:33:00,order,55.97,57.06,416.43,4148,4.23,1
2026-06-06 00:33:00,notification,55.63,50.75,270.24,3861,1.96,1
2026-06-06 00:36:00,payment,48.02,55.71,225.87,2968,0.0,0
2026-06-06 00:36:00,order,53.44,56.6,407.27,3718,1.71,0
2026-06-06 00:36:00,notification,44.73,43.02,264.2,3112,1.1,0
2026-06-06 00:39:00,payment,47.41,43.71,243.1,2974,0.77,0
2026-06-06 00:39:00,notification,42.59,49.44,144.79,1967,2.14,0
2026-06-06 00:39:00,order,43.31,53.66,190.76,2769,2.0,1
2026-06-06 00:42:00,notification,39.54,44.42,224.17,2480,0.0,0
2026-06-06 00:42:00,payment,35.28,48.95,140.85,2108,2.63,0
2026-06-06 00:42:00,order,43.74,48.89,178.95,3719,2.08,1
2026-06-06 00:45:00,order,35.98,60.33,258.48,3017,1.17,0
2026-06-06 00:45:00,notification,39.21,45.53,174.78,2444,0.0,0
2026-06-06 00:45:00,payment,50.67,36.45,294.72,2004,0.12,0
2026-06-06 00:48:00,notification,44.88,39.41,128.32,2198,0.59,0
2026-06-06 00:48:00,payment,42.46,51.75,149.21,3939,1.64,0
2026-06-06 00:48:00,order,52.41,54.18,338.87,4213,2.44,0
2026-06-06 00:51:00,order,33.62,57.87,337.77,3270,2.6,0
2026-06-06 00:51:00,notification,32.87,37.19,204.71,2512,0.12,0
2026-06-06 00:51:00,payment,49.19,46.3,120.52,3128,0.0,0
2026-06-06 00:54:00,notification,34.86,41.82,226.22,2815,2.42,0
2026-06-06 00:54:00,order,42.93,48.23,304.29,3095,1.91,1
2026-06-06 00:54:00,payment,35.87,51.07,262.32,2886,0.0,0
2026-06-06 00:57:00,order,48.0,52.69,323.26,3359,3.04,0
2026-06-06 00:57:00,notification,38.4,47.25,208.67,2230,0.24,0
2026-06-06 00:57:00,payment,46.37,51.77,185.12,2601,0.67,1
2026-06-06 01:00:00,order,49.32,49.47,339.32,4010,1.6,0
2026-06-06 01:00:00,notification,37.38,37.86,208.44,2542,0.75,0
2026-06-06 01:00:00,payment,24.12,47.21,287.4,2463,0.0,0
2026-06-06 01:03:00,order,47.69,54.19,145.23,3048,1.73,0
2026-06-06 01:03:00,payment,27.82,37.02,212.26,2341,0.0,0
2026-06-06 01:03:00,notification,40.25,46.79,208.07,2628,0.54,0
2026-06-06 01:06:00,payment,38.38,42.9,235.7,2379,2.79,0
2026-06-06 01:06:00,order,48.3,48.27,177.47,3426,1.44,0
2026-06-06 01:06:00,notification,41.15,56.17,325.39,2558,0.8,0
2026-06-06 01:09:00,payment,33.33,47.05,252.2,2512,1.25,1
2026-06-06 01:09:00,notification,45.76,40.34,353.82,3899,4.74,1
2026-06-06 01:09:00,order,55.16,43.81,180.3,3735,1.93,0
2026-06-06 01:12:00,notification,46.96,49.64,231.71,3542,3.76,0
2026-06-06 01:12:00,order,54.95,46.21,276.03,3151,1.53,0
2026-06-06 01:12:00,payment,43.39,50.1,139.17,2720,2.19,0
2026-06-06 01:15:00,notification,49.44,52.91,316.38,2673,2.99,0
2026-06-06 01:15:00,order,41.74,51.17,84.75,3668,0.25,0
2026-06-06 01:15:00,payment,47.33,53.47,108.2,2611,2.69,0
2026-06-06 01:18:00,notification,48.08,56.69,516.18,3815,3.74,0
2026-06-06 01:18:00,payment,42.47,52.31,348.12,3909,0.6,0
2026-06-06 01:18:00,order,39.46,42.92,184.81,3126,1.67,0
2026-06-06 01:21:00,payment,45.24,49.9,265.77,4202,2.04,0
2026-06-06 01:21:00,notification,38.89,63.28,388.08,3624,5.34,0
2026-06-06 01:21:00,order,38.44,47.74,123.29,2310,0.0,0
2026-06-06 01:24:00,payment,45.97,54.92,408.96,3393,3.47,0
2026-06-06 01:24:00,order,52.27,57.17,469.31,4890,5.59,1
2026-06-06 01:24:00,notification,42.83,51.78,414.7,3200,2.19,1
2026-06-06 01:27:00,order,51.03,45.58,304.52,2829,0.85,0
2026-06-06 01:27:00,notification,55.5,52.94,471.76,4221,2.16,0
2026-06-06 01:27:00,payment,42.57,67.06,346.06,3087,1.7,0
2026-06-06 01:30:00,payment,52.15,65.95,385.53,4139,4.29,0
2026-06-06 01:30:00,notification,37.14,55.81,332.6,4268,3.3,0
2026-06-06 01:30:00,order,54.88,57.32,301.82,3742,3.5,0
2026-06-06 01:33:00,notification,60.77,61.14,411.47,4005,3.55,1
2026-06-06 01:33:00,payment,48.41,38.65,322.6,3296,4.37,0
2026-06-06 01:33:00,order,28.22,52.84,200.61,2732,2.31,0
2026-06-06 01:36:00,order,38.27,46.12,219.13,2815,2.28,0
2026-06-06 01:36:00,notification,49.88,66.39,405.43,3896,3.9,0
2026-06-06 01:36:00,payment,48.37,55.88,367.35,3585,1.1,0
2026-06-06 01:39:00,payment,56.98,57.45,269.44,2946,1.76,1
2026-06-06 01:39:00,notification,52.29,53.01,207.38,3299,2.27,1
2026-06-06 01:39:00,order,48.75,46.98,270.38,3419,0.0,0
2026-06-06 01:42:00,payment,42.75,51.99,369.28,3010,1.98,0
2026-06-06 01:42:00,notification,36.85,57.1,305.58,2741,0.0,0
2026-06-06 01:42:00,order,40.74,44.51,242.8,1810,0.72,0
2026-06-06 01:45:00,payment,54.63,49.94,354.41,3395,1.44,0
2026-06-06 01:45:00,order,44.56,43.52,188.44,3247,1.76,0
2026-06-06 01:45:00,notification,29.26,51.04,261.39,2837,2.0,0
2026-06-06 01:48:00,payment,37.5,48.76,242.14,2950,0.92,0
2026-06-06 01:48:00,notification,38.49,43.68,132.12,3248,2.16,0
2026-06-06 01:48:00,order,30.76,53.76,137.0,3028,1.7,0
2026-06-06 01:51:00,payment,41.97,50.98,167.16,3817,0.75,0
2026-06-06 01:51:00,order,44.05,46.28,194.61,2900,2.13,0
2026-06-06 01:51:00,notification,42.95,55.66,252.13,2231,2.16,0
2026-06-06 01:54:00,payment,50.02,43.65,299.68,3206,1.51,0
2026-06-06 01:54:00,order,44.83,47.7,289.7,2130,1.79,0
2026-06-06 01:54:00,notification,48.94,52.41,229.06,3573,1.29,0
2026-06-06 01:57:00,order,43.68,46.53,212.26,2885,2.04,0
2026-06-06 01:57:00,payment,52.76,57.92,144.68,2836,2.21,0
2026-06-06 01:57:00,notification,34.77,56.83,224.49,2394,0.0,0
2026-06-06 02:00:00,notification,44.3,52.77,60.1,3077,2.73,0
2026-06-06 02:00:00,payment,43.12,51.41,287.46,2646,3.1,1
2026-06-06 02:00:00,order,38.48,51.18,264.81,2528,2.05,0
2026-06-06 02:03:00,order,50.79,59.53,348.8,3701,3.24,1
2026-06-06 02:03:00,payment,49.21,47.22,308.9,3445,1.97,0
2026-06-06 02:03:00,notification,45.92,56.45,251.52,3699,1.53,0
2026-06-06 02:06:00,notification,38.83,45.25,266.65,2509,0.89,0
2026-06-06 02:06:00,order,42.5,55.14,358.65,3072,2.56,1
2026-06-06 02:06:00,payment,49.91,58.79,239.25,3289,3.61,0
2026-06-06 02:09:00,payment,41.41,43.13,304.24,3686,1.08,0
2026-06-06 02:09:00,notification,46.77,47.25,242.37,3015,1.28,0
2026-06-06 02:09:00,order,44.31,58.32,437.54,3699,4.48,0
2026-06-06 02:12:00,order,54.51,59.52,250.77,3949,2.65,0
2026-06-06 02:12:00,notification,47.52,52.63,175.72,3795,2.77,0
2026-06-06 02:12:00,payment,50.47,49.88,277.36,3496,0.72,0
2026-06-06 02:15:00,order,53.27,56.12,219.78,3081,0.12,0
2026-06-06 02:15:00,notification,49.67,45.65,271.15,3229,3.17,0
2026-06-06 02:15:00,payment,59.97,51.5,280.68,2807,2.18,0
2026-06-06 02:18:00,notification,48.02,47.29,267.55,3075,2.62,0
2026-06-06 02:18:00,payment,57.98,70.46,499.78,3877,4.63,1
2026-06-06 02:18:00,order,42.05,57.65,277.42,3195,3.61,0
2026-06-06 02:21:00,order,37.68,52.48,319.98,2794,2.36,0
2026-06-06 02:21:00,notification,48.29,49.65,387.82,3189,2.74,0
2026-06-06 02:21:00,payment,56.2,54.33,325.85,3762,4.49,0
2026-06-06 02:24:00,payment,54.63,45.12,399.03,3972,4.69,0
2026-06-06 02:24:00,notification,61.0,48.51,345.93,4603,2.15,0
2026-06-06 02:24:00,order,34.41,48.26,254.77,2722,0.93,0
2026-06-06 02:27:00,payment,43.15,54.1,253.91,3516,3.59,1
2026-06-06 02:27:00,order,44.46,50.89,223.42,2951,1.72,0
2026-06-06 02:27:00,notification,31.7,49.24,213.69,2818,1.04,0
2026-06-06 02:30:00,payment,55.94,60.35,415.91,4133,4.45,1
2026-06-06 02:30:00,notification,39.25,53.01,211.71,3618,1.72,0
2026-06-06 02:30:00,order,36.8,54.45,293.15,2768,3.47,0
2026-06-06 02:33:00,payment,44.62,59.92,351.84,3274,4.61,0
2026-06-06 02:33:00,order,50.01,46.72,187.86,2650,1.56,0
2026-06-06 02:33:00,notification,54.1,50.69,289.37,3728,2.75,0
2026-06-06 02:36:00,notification,41.54,49.43,458.14,4393,2.19,0
2026-06-06 02:36:00,payment,45.44,65.91,284.45,3623,1.65,1
2026-06-06 02:36:00,order,41.07,52.84,184.78,3132,3.49,0
2026-06-06 02:39:00,payment,62.94,62.39,358.2,3874,2.54,0
2026-06-06 02:39:00,notification,56.25,51.97,374.97,4597,3.64,1
2026-06-06 02:39:00,order,46.52,62.07,161.31,2696,2.31,1
2026-06-06 02:42:00,notification,57.76,61.47,497.39,3607,4.99,0
2026-06-06 02:42:00,payment,45.72,53.99,281.88,4018,5.57,0
2026-06-06 02:42:00,order,43.81,55.71,295.87,3526,2.01,0
2026-06-06 02:45:00,order,52.58,48.62,297.75,3644,1.04,0
2026-06-06 02:45:00,notification,44.7,56.29,237.13,4585,4.17,1
2026-06-06 02:45:00,payment,41.58,47.56,330.03,3399,3.05,0
2026-06-06 02:48:00,notification,61.74,60.79,511.87,4411,3.73,1
2026-06-06 02:48:00,payment,53.19,60.36,304.53,3003,2.68,1
2026-06-06 02:48:00,order,52.24,52.44,363.89,3603,2.55,0
2026-06-06 02:51:00,payment,43.18,52.58,341.83,4205,3.64,0
2026-06-06 02:51:00,order,39.68,58.27,364.48,3491,4.33,0
2026-06-06 02:51:00,notification,59.25,52.7,382.58,3548,2.24,0
2026-06-06 02:54:00,notification,52.85,59.72,389.43,4408,3.42,0
2026-06-06 02:54:00,order,45.05,51.29,322.71,3878,1.94,0
2026-06-06 02:54:00,payment,44.22,49.47,298.53,3323,0.58,1
2026-06-06 02:57:00,payment,49.52,46.55,181.08,3180,0.63,0
2026-06-06 02:57:00,notification,53.87,63.06,437.14,3851,3.3,0
2026-06-06 02:57:00,order,48.24,49.8,323.92,4027,3.07,1
2026-06-06 03:00:00,notification,61.08,51.63,413.4,4603,2.83,0
2026-06-06 03:00:00,order,48.79,50.13,348.17,4198,5.09,0
2026-06-06 03:00:00,payment,37.94,38.7,141.77,2159,0.0,0
2026-06-06 03:03:00,order,53.3,52.71,193.94,3606,0.28,0
2026-06-06 03:03:00,payment,26.34,40.97,156.47,2228,1.22,0
2026-06-06 03:03:00,notification,37.0,50.71,270.31,3275,1.9,0
2026-06-06 03:06:00,payment,37.17,40.6,116.64,1676,0.14,0
2026-06-06 03:06:00,notification,51.59,44.91,259.96,3883,2.98,0
2026-06-06 03:06:00,order,41.99,59.7,188.88,2683,2.42,0
2026-06-06 03:09:00,notification,37.4,56.14,183.08,3602,1.0,0
2026-06-06 03:09:00,order,48.9,48.17,292.5,3820,2.45,0
2026-06-06 03:09:00,payment,33.0,46.67,205.44,2285,0.8,0
2026-06-06 03:12:00,notification,51.94,65.2,285.35,3081,4.48,0
2026-06-06 03:12:00,order,47.09,54.84,230.7,3127,2.15,0
2026-06-06 03:12:00,payment,43.19,39.87,133.03,2324,0.21,0
2026-06-06 03:15:00,order,46.89,51.91,212.95,3590,0.26,0
2026-06-06 03:15:00,notification,45.08,56.39,330.97,2720,2.61,0
2026-06-06 03:15:00,payment,30.37,35.52,150.42,1810,0.0,0
2026-06-06 03:18:00,payment,40.19,33.73,42.72,1774,1.64,0
2026-06-06 03:18:00,order,48.25,48.13,314.34,2771,0.74,0
2026-06-06 03:18:00,notification,44.34,50.03,210.79,3210,1.22,1
2026-06-06 03:21:00,notification,52.98,50.33,271.59,2793,2.41,0
2026-06-06 03:21:00,payment,45.3,43.44,189.33,2219,0.0,0
2026-06-06 03:21:00,order,34.84,52.95,339.29,3006,0.0,0
2026-06-06 03:24:00,order,42.66,41.81,295.02,3451,0.0,0
2026-06-06 03:24:00,payment,34.78,47.19,148.49,2311,0.26,0
2026-06-06 03:24:00,notification,33.43,52.16,155.72,3222,0.45,0
2026-06-06 03:27:00,order,43.35,62.04,324.91,3828,3.4,0
2026-06-06 03:27:00,payment,41.47,46.37,154.79,2329,0.0,0
2026-06-06 03:27:00,notification,47.94,43.66,149.77,2950,1.82,0
2026-06-06 03:30:00,notification,45.15,51.91,234.16,2907,2.47,0
2026-06-06 03:30:00,payment,45.62,47.37,325.08,3148,0.53,0
2026-06-06 03:30:00,order,49.47,58.16,354.68,3617,2.43,1
2026-06-06 03:33:00,payment,37.47,51.08,259.03,2892,1.73,0
2026-06-06 03:33:00,order,47.41,60.84,338.35,4366,3.84,0
2026-06-06 03:33:00,notification,47.64,52.76,338.86,3550,2.99,1
2026-06-06 03:36:00,notification,48.84,48.91,143.77,2221,1.47,0
2026-06-06 03:36:00,order,52.6,55.99,389.18,3568,4.24,0
2026-06-06 03:36:00,payment,43.74,55.67,269.32,2830,2.9,1
2026-06-06 03:39:00,notification,46.77,46.41,314.57,2329,0.09,1
2026-06-06 03:39:00,order,48.07,56.18,337.39,2843,1.05,0
2026-06-06 03:39:00,payment,42.34,46.14,259.23,3259,0.0,0
2026-06-06 03:42:00,order,53.95,62.69,440.1,3295,3.74,0
2026-06-06 03:42:00,notification,44.89,48.33,326.65,2362,1.27,0
2026-06-06 03:42:00,payment,44.23,52.19,256.15,3531,1.3,0
2026-06-06 03:45:00,payment,43.83,54.7,212.99,2969,0.0,0
2026-06-06 03:45:00,order,51.09,54.94,363.03,4050,0.9,0
2026-06-06 03:45:00,notification,35.89,42.82,240.46,1815,2.74,0
2026-06-06 03:48:00,notification,43.46,42.94,149.75,2772,0.31,0
2026-06-06 03:48:00,payment,44.59,46.56,285.4,2652,0.99,0
2026-06-06 03:48:00,order,56.28,53.42,195.14,3758,3.8,0
2026-06-06 03:51:00,notification,43.48,47.37,144.11,2194,0.17,0
2026-06-06 03:51:00,payment,40.3,46.27,244.99,2325,1.15,0
2026-06-06 03:51:00,order,45.86,53.56,472.99,4042,4.12,0
2026-06-06 03:54:00,payment,37.46,47.62,193.09,3000,2.19,0
2026-06-06 03:54:00,notification,46.54,49.67,188.34,3127,1.33,0
2026-06-06 03:54:00,order,56.22,55.95,410.63,4509,3.28,1
2026-06-06 03:57:00,notification,48.68,51.12,207.94,3478,2.51,0
2026-06-06 03:57:00,order,46.36,61.12,367.18,4448,2.13,1
2026-06-06 03:57:00,payment,40.63,43.72,360.16,3134,0.0,0
2026-06-06 04:00:00,payment,43.02,50.93,220.75,2836,2.31,0
2026-06-06 04:00:00,order,40.04,60.33,492.62,3989,2.76,0
2026-06-06 04:00:00,notification,42.95,53.77,200.91,3416,0.13,0
2026-06-06 04:03:00,order,67.51,57.74,472.16,4991,7.27,0
2026-06-06 04:03:00,notification,37.19,49.92,129.05,3421,0.98,0
2026-06-06 04:03:00,payment,48.73,54.7,233.54,3309,1.43,0
2026-06-06 04:06:00,notification,41.15,48.88,251.41,2398,0.4,0
2026-06-06 04:06:00,payment,43.84,55.18,170.8,3598,0.65,0
2026-06-06 04:06:00,order,47.71,61.6,308.08,3974,4.34,1
2026-06-06 04:09:00,payment,49.14,47.08,184.62,3340,2.32,0
2026-06-06 04:09:00,notification,46.17,57.77,248.75,3259,4.22,0
2026-06-06 04:09:00,order,50.1,55.44,352.08,4005,3.12,0
2026-06-06 04:12:00,order,40.55,53.87,302.82,3632,4.35,0
2026-06-06 04:12:00,notification,47.3,61.77,233.05,2725,1.1,0
2026-06-06 04:12:00,payment,36.27,53.03,260.45,3725,2.98,0
2026-06-06 04:15:00,order,49.32,61.81,316.94,3504,5.04,0
2026-06-06 04:15:00,payment,42.59,59.73,268.24,3756,2.08,0
2026-06-06 04:15:00,notification,43.53,49.57,219.5,2923,2.14,0
2026-06-06 04:18:00,payment,45.11,63.05,320.07,3259,0.85,0
2026-06-06 04:18:00,notification,56.25,53.77,279.1,3823,1.12,0
2026-06-06 04:18:00,order,55.29,61.56,451.75,4258,5.23,0
2026-06-06 04:21:00,payment,42.08,59.43,284.48,3810,2.12,0
2026-06-06 04:21:00,notification,45.63,48.07,287.36,3085,1.98,0
2026-06-06 04:21:00,order,55.78,52.92,386.32,3620,3.62,0
2026-06-06 04:24:00,payment,59.29,49.09,377.12,3734,1.83,1
2026-06-06 04:24:00,notification,44.5,46.28,187.84,3573,2.96,0
2026-06-06 04:24:00,order,46.6,51.98,418.57,4110,3.32,0
2026-06-06 04:27:00,notification,47.13,51.39,329.88,2704,1.71,0
2026-06-06 04:27:00,payment,52.97,60.06,394.89,4146,4.2,0
2026-06-06 04:27:00,order,48.59,50.91,403.81,4499,4.04,0
2026-06-06 04:30:00,order,53.82,56.59,340.62,4204,2.89,0
2026-06-06 04:30:00,payment,53.19,54.77,377.9,3084,4.58,0
2026-06-06 04:30:00,notification,49.25,55.63,210.31,3293,3.05,0
2026-06-06 04:33:00,notification,60.01,48.65,238.7,3645,2.89,0
2026-06-06 04:33:00,payment,50.74,59.89,374.12,3734,4.88,0
2026-06-06 04:33:00,order,48.11,58.46,323.94,3453,3.58,0
2026-06-06 04:36:00,order,45.59,58.24,329.76,2734,1.96,0
2026-06-06 04:36:00,notification,50.36,58.97,347.2,3073,2.6,0
2026-06-06 04:36:00,payment,50.9,52.37,439.92,3471,3.0,0
2026-06-06 04:39:00,order,51.48,56.53,332.02,3374,3.14,0
2026-06-06 04:39:00,notification,49.54,55.07,273.79,3851,4.3,0
2026-06-06 04:39:00,payment,45.29,49.0,294.41,3880,4.75,0
2026-06-06 04:42:00,order,48.78,64.47,360.94,3350,3.93,0
2026-06-06 04:42:00,notification,46.7,55.56,358.61,4414,6.15,0
2026-06-06 04:42:00,payment,48.94,53.63,352.83,3772,1.57,0
2026-06-06 04:45:00,payment,46.94,61.17,375.14,4069,5.54,0
2026-06-06 04:45:00,notification,48.89,57.02,235.42,3862,3.77,0
2026-06-06 04:45:00,order,57.58,55.74,372.47,4224,1.08,0
2026-06-06 04:48:00,order,47.88,60.62,352.49,3502,2.9,0
2026-06-06 04:48:00,notification,60.79,55.43,280.19,3777,0.57,0
2026-06-06 04:48:00,payment,56.04,63.34,549.34,4674,3.58,1
2026-06-06 04:51:00,order,54.61,52.9,394.83,3464,4.28,0
2026-06-06 04:51:00,payment,40.66,62.49,460.78,4105,1.88,0
2026-06-06 04:51:00,notification,50.59,53.0,323.65,3878,1.49,0
2026-06-06 04:54:00,notification,39.48,44.67,147.65,3243,1.75,0
2026-06-06 04:54:00,payment,42.45,55.8,321.58,3923,4.28,0
2026-06-06 04:54:00,order,56.33,49.26,303.07,3853,2.28,0
2026-06-06 04:57:00,order,41.12,54.65,349.16,3520,2.36,0
2026-06-06 04:57:00,notification,48.56,57.69,253.45,2487,0.0,1
2026-06-06 04:57:00,payment,56.51,55.48,278.8,4209,1.49,0
2026-06-06 05:00:00,payment,56.08,58.96,440.1,3707,3.19,0
2026-06-06 05:00:00,notification,45.83,52.11,273.38,3954,1.68,0
2026-06-06 05:00:00,order,50.73,53.13,324.43,3618,3.85,1
2026-06-06 05:03:00,payment,60.13,55.88,378.94,3703,2.08,0
2026-06-06 05:03:00,order,45.38,67.65,316.55,4374,4.47,0
2026-06-06 05:03:00,notification,38.42,63.22,356.71,3022,0.6,0
2026-06-06 05:06:00,order,48.23,59.01,572.79,4194,0.0,0
2026-06-06 05:06:00,notification,50.04,51.89,288.63,4117,2.73,1
2026-06-06 05:06:00,payment,60.71,57.82,500.48,3713,6.19,1
2026-06-06 05:09:00,order,48.56,51.24,345.29,3481,4.49,1
2026-06-06 05:09:00,notification,56.81,57.02,329.23,2956,3.25,1
2026-06-06 05:09:00,payment,58.56,67.92,444.22,4251,6.09,1
2026-06-06 05:12:00,order,51.47,60.63,237.97,3721,0.12,0
2026-06-06 05:12:00,notification,40.82,52.11,457.51,3989,3.42,0
2026-06-06 05:12:00,payment,52.27,60.31,439.6,4057,5.88,0
2026-06-06 05:15:00,payment,51.08,61.78,483.85,3824,4.8,1
2026-06-06 05:15:00,notification,55.78,51.59,377.25,4039,2.71,0
2026-06-06 05:15:00,order,39.93,51.01,326.19,3148,2.58,0
2026-06-06 05:18:00,notification,41.21,52.14,366.31,3299,1.68,0
2026-06-06 05:18:00,order,55.77,60.85,502.17,5483,2.53,1
2026-06-06 05:18:00,payment,65.39,63.1,556.39,4064,6.24,1
2026-06-06 05:21:00,order,50.89,61.63,326.07,4687,2.65,0
2026-06-06 05:21:00,notification,46.96,62.16,352.58,2932,2.53,0
2026-06-06 05:21:00,payment,61.5,63.7,555.85,5335,5.86,1
2026-06-06 05:24:00,notification,46.01,55.57,317.08,3276,1.1,0
2026-06-06 05:24:00,payment,75.29,61.94,578.47,5355,7.0,0
2026-06-06 05:24:00,order,57.62,51.9,360.08,4379,3.24,0
2026-06-06 05:27:00,notification,56.47,60.65,337.41,3608,1.66,0
2026-06-06 05:27:00,payment,58.9,65.81,590.81,5564,5.42,0
2026-06-06 05:27:00,order,46.39,63.13,334.7,4051,3.48,0
2026-06-06 05:30:00,notification,57.8,67.05,366.5,3991,3.71,0
2026-06-06 05:30:00,payment,70.43,60.13,544.28,4747,6.99,0
2026-06-06 05:30:00,order,54.01,58.37,276.98,3327,3.89,0
2026-06-06 05:33:00,notification,47.73,65.1,463.96,4312,3.84,1
2026-06-06 05:33:00,payment,54.79,59.51,476.33,3951,3.68,0
2026-06-06 05:33:00,order,46.25,52.01,199.45,3019,0.07,0
2026-06-06 05:36:00,notification,43.52,64.55,416.27,4368,3.58,0
2026-06-06 05:36:00,payment,67.33,59.31,567.21,4558,4.9,1
2026-06-06 05:36:00,order,46.12,61.03,337.38,3246,3.47,0
2026-06-06 05:39:00,notification,42.32,57.24,382.96,4014,4.25,0
2026-06-06 05:39:00,order,56.37,52.4,442.38,4544,2.2,0
2026-06-06 05:39:00,payment,68.68,63.11,527.9,4049,4.5,0
2026-06-06 05:42:00,order,59.04,57.24,240.64,3384,1.99,0
2026-06-06 05:42:00,payment,53.21,66.22,638.17,4125,5.56,0
2026-06-06 05:42:00,notification,51.77,61.97,332.14,3914,2.57,0
2026-06-06 05:45:00,order,50.33,58.12,287.82,3676,5.2,1
2026-06-06 05:45:00,payment,55.41,61.36,543.07,4728,4.54,0
2026-06-06 05:45:00,notification,36.05,56.99,294.55,3518,2.17,1
2026-06-06 05:48:00,payment,49.41,50.09,608.92,4550,4.78,0
2026-06-06 05:48:00,notification,49.77,64.15,431.68,4257,4.46,0
2026-06-06 05:48:00,order,41.12,48.44,233.45,3211,2.96,0
2026-06-06 05:51:00,order,45.61,46.46,307.38,3188,0.0,0
2026-06-06 05:51:00,payment,47.5,62.47,438.94,5039,3.42,0
2026-06-06 05:51:00,notification,60.45,57.9,509.65,3784,2.9,0
2026-06-06 05:54:00,notification,55.52,60.49,373.4,3293,0.0,0
2026-06-06 05:54:00,order,33.5,58.8,194.15,1480,1.31,0
2026-06-06 05:54:00,payment,61.98,62.74,566.81,4556,5.85,0
2026-06-06 05:57:00,notification,39.88,57.58,340.71,3550,4.45,0
2026-06-06 05:57:00,payment,57.16,57.48,474.75,4085,6.83,1
2026-06-06 05:57:00,order,35.52,55.03,248.83,3169,0.69,0
2026-06-06 06:00:00,payment,53.09,61.6,474.37,3980,3.54,0
2026-06-06 06:00:00,order,51.13,54.15,171.57,1990,1.06,0
2026-06-06 06:00:00,notification,50.61,53.29,335.77,4910,1.25,0
2026-06-06 06:03:00,payment,55.28,50.04,331.09,3827,5.91,0
2026-06-06 06:03:00,notification,44.1,48.22,218.29,3708,4.76,1
2026-06-06 06:03:00,order,47.35,47.11,342.22,3664,1.52,0
2026-06-06 06:06:00,payment,45.31,66.07,499.53,4229,5.79,1
2026-06-06 06:06:00,notification,45.45,56.43,301.19,3994,1.98,0
2026-06-06 06:06:00,order,41.11,55.76,252.82,2637,2.62,0
2026-06-06 06:09:00,payment,62.83,59.42,425.25,4418,6.63,0
2026-06-06 06:09:00,notification,43.9,55.4,427.13,3918,0.0,0
2026-06-06 06:09:00,order,69.6,54.21,365.44,3494,1.47,0
2026-06-06 06:12:00,order,44.66,66.37,346.37,3282,3.23,1
2026-06-06 06:12:00,notification,43.25,46.98,268.69,3172,0.89,0
2026-06-06 06:12:00,payment,47.77,43.92,360.0,3229,2.7,0
2026-06-06 06:15:00,notification,46.09,53.26,222.31,3959,2.57,0
2026-06-06 06:15:00,order,56.59,63.88,338.89,4760,3.0,0
2026-06-06 06:15:00,payment,58.21,60.52,424.98,4323,2.04,0
2026-06-06 06:18:00,notification,43.47,55.09,295.35,3701,4.23,0
2026-06-06 06:18:00,order,47.69,62.07,383.77,3991,3.83,0
2026-06-06 06:18:00,payment,60.0,58.66,420.62,4666,3.54,1
2026-06-06 06:21:00,payment,63.62,57.17,431.43,4880,3.42,0
2026-06-06 06:21:00,notification,41.75,57.5,231.54,3729,3.08,0
2026-06-06 06:21:00,order,65.9,63.88,449.64,5182,4.02,1
2026-06-06 06:24:00,notification,53.0,54.95,303.56,3555,3.53,1
2026-06-06 06:24:00,payment,53.26,54.99,506.64,4274,2.59,0
2026-06-06 06:24:00,order,56.41,63.06,602.23,5559,6.54,1
2026-06-06 06:27:00,notification,53.03,61.45,406.13,4155,1.98,0
2026-06-06 06:27:00,order,58.39,66.37,462.52,5318,5.89,0
2026-06-06 06:27:00,payment,43.67,60.17,499.18,4838,1.79,0
2026-06-06 06:30:00,payment,54.68,56.63,346.61,4020,5.08,1
2026-06-06 06:30:00,order,46.76,69.53,443.17,3990,5.51,1
2026-06-06 06:30:00,notification,46.85,57.53,399.62,4666,4.58,0
2026-06-06 06:33:00,notification,54.52,57.15,468.12,3957,3.45,0
2026-06-06 06:33:00,payment,58.2,52.02,550.89,4362,2.37,0
2026-06-06 06:33:00,order,69.96,64.04,455.38,4601,5.02,1
2026-06-06 06:36:00,order,54.49,58.11,521.82,5159,3.58,1
2026-06-06 06:36:00,payment,51.49,68.26,448.71,5098,5.92,1
2026-06-06 06:36:00,notification,41.18,54.8,264.72,3874,4.93,0
2026-06-06 06:39:00,payment,58.42,60.54,542.83,3993,7.38,1
2026-06-06 06:39:00,order,58.76,66.63,390.96,4519,3.82,0
2026-06-06 06:39:00,notification,53.04,55.13,401.57,4023,3.89,1
2026-06-06 06:42:00,order,57.65,58.44,494.68,4403,3.98,0
2026-06-06 06:42:00,payment,54.99,57.78,522.22,4340,3.71,0
2026-06-06 06:42:00,notification,54.23,54.93,414.76,3880,3.46,0
2026-06-06 06:45:00,payment,47.96,54.84,499.01,4830,4.78,0
2026-06-06 06:45:00,notification,58.76,61.3,398.07,4433,2.07,1
2026-06-06 06:45:00,order,54.25,61.63,460.21,4685,5.68,0
2026-06-06 06:48:00,payment,62.27,66.22,627.1,4534,4.5,1
2026-06-06 06:48:00,order,46.5,61.36,549.34,4971,6.52,1
2026-06-06 06:48:00,notification,60.96,65.24,569.11,4773,5.79,1
2026-06-06 06:51:00,notification,49.34,62.55,443.85,4335,3.52,0
2026-06-06 06:51:00,payment,51.81,53.28,393.18,4175,5.07,0
2026-06-06 06:51:00,order,97.75,83.9,2190.89,8429,29.52,1
2026-06-06 06:54:00,notification,50.33,60.09,344.95,4810,4.5,0
2026-06-06 06:54:00,payment,48.2,56.6,384.28,3693,1.51,0
2026-06-06 06:54:00,order,75.61,79.31,1077.64,6437,13.47,1
2026-06-06 06:57:00,order,68.18,80.01,759.88,5744,6.0,1
2026-06-06 06:57:00,payment,49.83,54.67,462.48,4058,3.25,0
2026-06-06 06:57:00,notification,61.85,66.24,324.84,4432,3.8,1
2026-06-06 07:00:00,order,73.41,65.9,642.22,5215,5.26,1
2026-06-06 07:00:00,payment,100.0,92.57,2076.91,9232,29.09,1
2026-06-06 07:00:00,notification,49.56,63.18,329.98,3638,2.52,0
2026-06-06 07:03:00,order,56.32,72.27,432.45,4091,0.37,0
2026-06-06 07:03:00,payment,85.08,79.76,1450.77,7904,18.37,1
2026-06-06 07:03:00,notification,51.47,57.84,355.27,3955,3.87,0
2026-06-06 07:06:00,order,51.25,51.31,334.71,3146,3.01,0
2026-06-06 07:06:00,payment,77.59,75.23,1116.15,6655,11.27,1
2026-06-06 07:06:00,notification,55.52,64.4,495.19,3897,3.32,1
2026-06-06 07:09:00,notification,60.62,63.83,368.59,3686,1.65,0
2026-06-06 07:09:00,payment,66.97,72.02,872.17,6279,10.85,1
2026-06-06 07:09:00,order,48.72,56.96,419.82,3713,5.6,0
2026-06-06 07:12:00,payment,69.85,71.01,683.84,5706,6.68,1
2026-06-06 07:12:00,notification,46.18,53.31,242.92,3196,3.95,0
2026-06-06 07:12:00,order,44.54,56.91,373.35,3689,2.72,0
2026-06-06 07:15:00,notification,46.7,51.52,349.7,3588,2.35,0
2026-06-06 07:15:00,payment,71.53,62.82,689.8,5521,6.86,0
2026-06-06 07:15:00,order,51.32,58.22,507.17,4011,3.78,1
2026-06-06 07:18:00,payment,63.56,63.11,467.99,4361,6.14,1
2026-06-06 07:18:00,notification,67.54,58.82,442.15,4602,5.39,0
2026-06-06 07:18:00,order,45.99,57.57,388.29,4113,3.39,1
2026-06-06 07:21:00,order,53.9,66.49,363.86,5154,2.45,0
2026-06-06 07:21:00,notification,66.58,59.87,495.73,3798,3.83,1
2026-06-06 07:21:00,payment,57.89,63.01,489.02,4831,3.84,1
2026-06-06 07:24:00,notification,51.18,54.65,446.27,4066,1.96,0
2026-06-06 07:24:00,order,50.15,53.83,357.47,3584,3.38,0
2026-06-06 07:24:00,payment,62.73,54.76,568.15,4797,8.29,1
2026-06-06 07:27:00,order,43.48,58.43,415.83,4619,4.21,1
2026-06-06 07:27:00,notification,53.66,53.5,416.32,4035,3.41,0
2026-06-06 07:27:00,payment,45.59,58.63,528.39,3047,4.61,0
2026-06-06 07:30:00,order,62.35,62.48,485.84,4395,4.16,0
2026-06-06 07:30:00,notification,56.87,51.43,256.14,3454,3.79,1
2026-06-06 07:30:00,payment,50.0,55.08,484.62,4960,3.86,0
2026-06-06 07:33:00,payment,49.56,50.79,332.33,3818,3.7,0
2026-06-06 07:33:00,order,54.33,66.16,428.81,3647,4.15,0
2026-06-06 07:33:00,notification,54.61,54.95,368.08,4156,6.15,1
2026-06-06 07:36:00,notification,50.72,52.94,336.21,3919,4.14,0
2026-06-06 07:36:00,order,57.0,52.2,476.39,4659,4.86,1
2026-06-06 07:36:00,payment,46.75,57.62,308.7,3691,3.3,0
2026-06-06 07:39:00,payment,44.15,53.11,360.04,3546,2.98,1
2026-06-06 07:39:00,notification,51.91,43.78,388.84,3693,1.64,0
2026-06-06 07:39:00,order,53.23,56.74,604.87,4719,4.52,0
2026-06-06 07:42:00,payment,34.55,45.73,261.3,3452,2.28,0
2026-06-06 07:42:00,order,57.16,64.06,494.35,4808,6.36,1
2026-06-06 07:42:00,notification,45.53,59.1,351.44,4115,0.86,1
2026-06-06 07:45:00,notification,55.16,59.28,284.32,4305,2.52,0
2026-06-06 07:45:00,order,53.87,68.64,554.57,5124,7.35,0
2026-06-06 07:45:00,payment,40.12,60.48,374.07,3181,1.91,0
2026-06-06 07:48:00,order,52.44,61.11,553.22,5554,3.01,0
2026-06-06 07:48:00,payment,46.72,58.52,248.38,3313,2.7,1
2026-06-06 07:48:00,notification,49.31,54.41,340.01,3266,1.97,0
2026-06-06 07:51:00,order,59.4,65.85,439.76,5155,2.45,1
2026-06-06 07:51:00,notification,50.32,42.83,285.56,3369,3.5,0
2026-06-06 07:51:00,payment,43.46,40.54,355.8,2849,1.06,0
2026-06-06 07:54:00,payment,43.04,46.15,372.53,3376,0.08,0
2026-06-06 07:54:00,order,55.66,72.44,628.29,4728,3.59,0
2026-06-06 07:54:00,notification,55.6,59.72,459.79,4362,5.97,0
2026-06-06 07:57:00,payment,53.18,60.64,376.68,3815,4.8,0
2026-06-06 07:57:00,notification,55.07,65.1,499.93,4544,5.91,0
2026-06-06 07:57:00,order,61.65,61.49,490.1,4631,4.12,1
2026-06-06 08:00:00,payment,54.43,59.91,593.98,4829,3.93,0
2026-06-06 08:00:00,order,53.49,59.02,382.26,5170,3.89,0
2026-06-06 08:00:00,notification,47.65,68.59,585.45,4406,6.12,0
2026-06-06 08:03:00,payment,64.34,69.48,457.68,4678,5.01,0
2026-06-06 08:03:00,notification,55.2,79.6,695.04,5443,7.45,1
2026-06-06 08:03:00,order,53.99,60.54,404.36,3662,3.73,1
2026-06-06 08:06:00,payment,56.68,64.94,513.34,4711,3.88,1
2026-06-06 08:06:00,order,53.52,58.82,291.32,4550,3.59,1
2026-06-06 08:06:00,notification,49.7,63.69,593.21,4175,6.49,1
2026-06-06 08:09:00,order,54.9,58.86,408.33,3551,3.24,1
2026-06-06 08:09:00,payment,65.05,66.08,507.9,5145,4.97,1
2026-06-06 08:09:00,notification,68.03,65.21,603.69,5224,6.16,1
2026-06-06 08:12:00,order,52.85,61.17,558.99,3971,6.4,1
2026-06-06 08:12:00,payment,65.77,62.59,800.71,5260,5.96,1
2026-06-06 08:12:00,notification,60.85,70.34,701.23,5473,9.7,0
2026-06-06 08:15:00,order,65.65,62.78,729.97,5087,4.52,0
2026-06-06 08:15:00,payment,57.86,71.61,644.15,5075,9.04,1
2026-06-06 08:15:00,notification,53.63,61.66,639.57,5517,6.12,1
2026-06-06 08:18:00,payment,61.82,59.47,539.48,5784,7.8,1
2026-06-06 08:18:00,notification,60.47,60.87,680.82,4580,5.67,0
2026-06-06 08:18:00,order,52.26,58.27,549.81,4074,6.42,0
2026-06-06 08:21:00,notification,53.02,67.19,453.96,5252,6.05,0
2026-06-06 08:21:00,payment,54.62,72.09,578.38,5397,6.28,1
2026-06-06 08:21:00,order,58.09,65.08,466.23,4417,7.24,1
2026-06-06 08:24:00,notification,55.19,65.17,488.72,4930,6.59,0
2026-06-06 08:24:00,payment,61.73,67.97,705.78,5709,5.74,1
2026-06-06 08:24:00,order,52.05,58.04,554.6,5279,3.54,1
2026-06-06 08:27:00,payment,52.38,57.06,539.09,4882,2.53,0
2026-06-06 08:27:00,notification,61.85,61.58,508.03,4275,6.04,1
2026-06-06 08:27:00,order,63.25,63.12,758.89,4869,4.63,1
2026-06-06 08:30:00,order,70.34,62.09,733.45,6064,7.6,1
2026-06-06 08:30:00,notification,51.73,50.68,416.4,3700,4.21,1
2026-06-06 08:30:00,payment,60.39,66.26,519.6,4418,5.89,1
2026-06-06 08:33:00,notification,49.63,46.05,331.7,4045,3.11,0
2026-06-06 08:33:00,payment,55.81,78.33,730.57,4285,6.12,1
2026-06-06 08:33:00,order,62.68,61.66,594.03,3834,6.11,1
2026-06-06 08:36:00,order,67.63,65.06,641.31,5363,6.03,0
2026-06-06 08:36:00,notification,52.43,57.18,324.1,4246,2.34,0
2026-06-06 08:36:00,payment,64.63,66.6,682.65,4805,5.86,1
2026-06-06 08:39:00,notification,40.33,54.11,305.57,3916,3.96,0
2026-06-06 08:39:00,payment,70.74,72.78,801.1,5848,8.37,1
2026-06-06 08:39:00,order,61.59,61.23,686.23,4620,4.21,0
2026-06-06 08:42:00,order,73.69,69.49,722.4,5617,6.72,1
2026-06-06 08:42:00,notification,50.82,53.38,379.62,3388,4.03,1
2026-06-06 08:42:00,payment,71.76,67.03,843.2,5446,7.51,1
2026-06-06 08:45:00,order,61.85,69.74,647.16,5540,7.18,1
2026-06-06 08:45:00,notification,54.97,56.85,260.9,4312,0.0,0
2026-06-06 08:45:00,payment,60.24,68.35,683.22,5159,5.49,0
2026-06-06 08:48:00,order,62.38,60.34,612.73,5247,7.93,1
2026-06-06 08:48:00,notification,42.11,51.65,265.78,2677,0.72,0
2026-06-06 08:48:00,payment,64.86,60.33,650.06,4321,5.62,1
2026-06-06 08:51:00,order,66.0,64.46,638.27,5266,7.04,1
2026-06-06 08:51:00,notification,49.33,44.44,404.41,4071,3.4,0
2026-06-06 08:51:00,payment,62.71,65.2,632.9,4975,6.5,1
2026-06-06 08:54:00,order,67.25,74.69,555.01,4459,6.55,1
2026-06-06 08:54:00,notification,45.37,65.71,352.91,3086,2.29,1
2026-06-06 08:54:00,payment,67.85,62.85,568.36,4220,4.29,1
2026-06-06 08:57:00,payment,52.91,74.36,616.51,4711,6.78,1
2026-06-06 08:57:00,order,56.05,59.74,655.18,5301,5.55,1
2026-06-06 08:57:00,notification,46.66,43.66,413.84,3532,3.69,0
2026-06-06 09:00:00,payment,59.37,58.96,758.6,5668,7.49,1
2026-06-06 09:00:00,order,64.38,67.57,524.3,4338,6.74,0
2026-06-06 09:00:00,notification,56.84,53.43,418.38,4194,1.82,0
2026-06-06 09:03:00,payment,78.12,63.53,583.89,4535,7.25,1
2026-06-06 09:03:00,order,57.31,57.86,465.87,3876,2.9,0
2026-06-06 09:03:00,notification,53.84,52.82,466.94,4748,2.47,1
2026-06-06 09:06:00,payment,61.75,73.16,663.14,4799,5.76,1
2026-06-06 09:06:00,order,54.91,58.83,378.19,4003,3.58,1
2026-06-06 09:06:00,notification,56.45,59.91,509.12,4454,2.0,0
2026-06-06 09:09:00,payment,51.11,64.71,650.93,5146,6.68,1
2026-06-06 09:09:00,notification,53.05,50.18,355.66,3829,2.99,0
2026-06-06 09:09:00,order,50.75,56.37,470.27,4084,6.0,0
2026-06-06 09:12:00,notification,54.32,63.14,499.35,3844,4.1,1
2026-06-06 09:12:00,payment,59.29,65.35,655.11,5456,7.29,1
2026-06-06 09:12:00,order,55.29,52.31,504.15,4884,3.83,0
2026-06-06 09:15:00,notification,61.48,57.38,433.97,4701,2.36,0
2026-06-06 09:15:00,payment,46.78,62.55,752.36,5012,6.0,0
2026-06-06 09:15:00,order,60.48,62.52,513.81,4706,5.15,0
2026-06-06 09:18:00,order,63.97,67.7,649.88,5016,6.32,1
2026-06-06 09:18:00,payment,66.77,63.69,735.46,5967,8.86,1
2026-06-06 09:18:00,notification,47.7,66.11,549.95,4574,3.79,0
2026-06-06 09:21:00,payment,69.47,58.62,673.3,4792,5.22,0
2026-06-06 09:21:00,notification,52.22,49.4,511.77,5081,4.11,0
2026-06-06 09:21:00,order,56.7,68.55,562.21,5020,4.81,1
2026-06-06 09:24:00,notification,57.07,62.3,615.75,5205,4.92,1
2026-06-06 09:24:00,payment,62.0,67.02,812.86,5030,7.4,1
2026-06-06 09:24:00,order,56.8,68.41,647.08,5687,5.8,1
2026-06-06 09:27:00,order,49.88,62.22,616.37,4884,6.07,1
2026-06-06 09:27:00,notification,60.29,67.36,531.2,5030,4.63,1
2026-06-06 09:27:00,payment,64.23,64.87,828.41,4952,6.18,1
2026-06-06 09:30:00,notification,59.61,59.36,622.52,4643,6.74,1
2026-06-06 09:30:00,payment,73.09,70.82,830.07,4959,7.55,1
2026-06-06 09:30:00,order,65.8,69.57,645.53,4282,5.71,0
2026-06-06 09:33:00,payment,53.68,63.45,722.02,5393,6.87,1
2026-06-06 09:33:00,order,66.57,61.0,547.83,4580,6.76,1
2026-06-06 09:33:00,notification,63.14,66.99,536.1,4720,5.69,1
2026-06-06 09:36:00,order,49.84,62.15,618.2,5466,5.13,1
2026-06-06 09:36:00,notification,71.63,68.12,608.24,5426,6.95,0
2026-06-06 09:36:00,payment,61.2,69.17,746.33,5399,10.14,1
2026-06-06 09:39:00,notification,59.75,70.73,720.49,5599,8.55,0
2026-06-06 09:39:00,payment,67.59,69.16,680.82,5208,8.87,1
2026-06-06 09:39:00,order,61.87,60.14,623.46,5099,6.07,1
2026-06-06 09:42:00,payment,64.94,71.61,923.94,5978,8.58,1
2026-06-06 09:42:00,order,55.07,59.47,508.73,4372,6.18,1
2026-06-06 09:42:00,notification,72.5,64.88,690.13,5937,5.66,1
2026-06-06 09:45:00,notification,65.43,73.19,782.8,5793,8.72,1
2026-06-06 09:45:00,payment,62.1,64.48,695.75,5553,5.08,0
2026-06-06 09:45:00,order,64.35,59.87,498.57,4514,6.02,0
2026-06-06 09:48:00,notification,66.14,69.8,786.82,5570,7.56,1
2026-06-06 09:48:00,order,56.17,63.14,411.64,4425,4.6,0
2026-06-06 09:48:00,payment,53.59,59.53,591.45,5354,4.49,0
2026-06-06 09:51:00,notification,59.71,64.93,608.93,5398,5.5,1
2026-06-06 09:51:00,order,61.44,55.53,521.43,4924,5.18,0
2026-06-06 09:51:00,payment,65.55,67.88,722.76,5616,7.46,0
2026-06-06 09:54:00,notification,63.14,62.2,599.95,4728,5.04,1
2026-06-06 09:54:00,payment,63.53,72.93,801.75,4917,8.21,1
2026-06-06 09:54:00,order,54.78,59.28,438.39,4655,3.61,0
2026-06-06 09:57:00,order,55.0,59.1,432.59,4601,5.61,1
2026-06-06 09:57:00,notification,70.7,61.87,838.84,5409,7.87,1
2026-06-06 09:57:00,payment,62.16,63.53,616.4,4795,4.67,1
2026-06-06 10:00:00,payment,63.03,62.34,668.56,5203,7.63,1
2026-06-06 10:00:00,notification,57.47,69.93,695.46,4954,5.15,1
2026-06-06 10:00:00,order,59.76,61.89,414.51,4653,5.91,0
2026-06-06 10:03:00,notification,58.62,62.8,558.29,5502,6.41,1
2026-06-06 10:03:00,order,63.55,62.89,456.02,4963,6.18,1
2026-06-06 10:03:00,payment,61.49,63.44,514.57,4644,4.49,1
2026-06-06 10:06:00,order,54.69,60.65,801.8,4688,6.32,0
2026-06-06 10:06:00,notification,63.94,71.21,489.99,5480,4.58,1
2026-06-06 10:06:00,payment,55.33,56.99,628.21,5305,6.52,1
2026-06-06 10:09:00,payment,66.28,65.96,510.25,4664,6.36,1
2026-06-06 10:09:00,order,67.38,66.75,633.65,4503,6.14,0
2026-06-06 10:09:00,notification,54.11,73.12,574.85,4788,4.68,1
2026-06-06 10:12:00,payment,61.53,64.82,697.08,4935,8.64,1
2026-06-06 10:12:00,notification,48.46,60.04,458.72,4118,3.74,1
2026-06-06 10:12:00,order,54.9,64.22,628.34,5849,4.92,1
2026-06-06 10:15:00,payment,65.23,64.45,807.99,5627,8.04,1
2026-06-06 10:15:00,order,46.18,67.96,541.25,5076,4.49,0
2026-06-06 10:15:00,notification,63.06,59.04,550.67,5145,4.41,0
2026-06-06 10:18:00,order,59.8,60.4,543.14,5447,5.02,1
2026-06-06 10:18:00,payment,69.44,62.75,719.88,5750,4.51,1
2026-06-06 10:18:00,notification,52.15,63.34,459.91,5087,3.19,0
2026-06-06 10:21:00,payment,55.99,62.05,609.72,5300,6.79,1
2026-06-06 10:21:00,notification,62.07,62.66,594.87,4187,2.73,1
2026-06-06 10:21:00,order,60.35,64.52,647.12,4875,5.02,1
2026-06-06 10:24:00,payment,68.08,68.78,551.07,5068,7.75,1
2026-06-06 10:24:00,notification,52.64,59.74,376.23,4060,4.74,0
2026-06-06 10:24:00,order,54.02,70.81,609.26,5326,7.52,0
2026-06-06 10:27:00,payment,71.03,71.31,591.99,5093,6.07,1
2026-06-06 10:27:00,notification,61.37,62.1,487.77,4632,3.02,0
2026-06-06 10:27:00,order,51.99,67.48,685.34,4371,6.85,0
2026-06-06 10:30:00,notification,59.02,65.26,476.36,4190,4.48,0
2026-06-06 10:30:00,payment,63.32,58.19,480.42,4648,4.08,0
2026-06-06 10:30:00,order,58.84,75.87,720.9,4514,6.7,0
2026-06-06 10:33:00,notification,50.86,55.8,413.32,3850,4.45,0
2026-06-06 10:33:00,payment,49.03,56.95,426.85,3680,5.04,1
2026-06-06 10:33:00,order,56.0,66.11,511.62,5043,2.41,0
2026-06-06 10:36:00,payment,44.98,59.77,453.58,4268,7.29,1
2026-06-06 10:36:00,notification,49.58,56.97,574.96,4139,4.9,0
2026-06-06 10:36:00,order,68.46,72.87,576.66,4472,5.83,0
2026-06-06 10:39:00,notification,54.88,51.37,437.2,4250,4.19,0
2026-06-06 10:39:00,payment,63.59,65.45,593.4,4175,5.65,0
2026-06-06 10:39:00,order,54.94,72.12,434.67,4196,3.25,0
2026-06-06 10:42:00,notification,58.19,53.58,452.16,4897,4.01,0
2026-06-06 10:42:00,payment,57.51,61.9,403.29,4697,2.61,0
2026-06-06 10:42:00,order,63.1,54.37,473.82,5030,3.62,0
2026-06-06 10:45:00,order,59.14,67.81,553.24,4633,5.41,1
2026-06-06 10:45:00,payment,48.34,58.23,379.36,4411,4.36,1
2026-06-06 10:45:00,notification,52.25,55.78,435.59,4473,3.84,1
2026-06-06 10:48:00,order,68.96,66.05,482.32,4918,7.13,1
2026-06-06 10:48:00,payment,59.51,60.15,267.83,4291,3.86,0
2026-06-06 10:48:00,notification,48.69,59.16,411.53,4829,4.64,1
2026-06-06 10:51:00,order,55.75,66.0,637.36,5481,5.91,1
2026-06-06 10:51:00,payment,48.76,55.73,432.81,4627,2.6,0
2026-06-06 10:51:00,notification,53.72,63.7,348.97,4531,5.3,0
2026-06-06 10:54:00,payment,55.09,68.66,500.5,4581,6.34,1
2026-06-06 10:54:00,order,63.29,63.77,693.71,5813,7.97,1
2026-06-06 10:54:00,notification,66.17,64.34,437.35,5043,1.78,0
2026-06-06 10:57:00,notification,54.53,60.3,299.23,4500,3.97,0
2026-06-06 10:57:00,order,55.49,63.54,754.51,5313,6.84,1
2026-06-06 10:57:00,payment,59.51,60.76,448.71,4022,4.94,0
2026-06-06 11:00:00,payment,54.93,60.93,548.93,4961,7.68,0
2026-06-06 11:00:00,notification,50.34,57.98,369.55,3765,2.37,0
2026-06-06 11:00:00,order,71.37,64.08,738.44,6017,10.46,1
2026-06-06 11:03:00,notification,52.93,68.29,322.22,3836,2.63,1
2026-06-06 11:03:00,payment,59.35,62.7,561.35,4518,4.27,0
2026-06-06 11:03:00,order,75.27,82.23,841.33,5347,7.0,1
2026-06-06 11:06:00,notification,55.73,51.09,388.4,4475,2.97,0
2026-06-06 11:06:00,payment,65.18,68.86,493.45,4925,5.59,1
2026-06-06 11:06:00,order,72.1,72.09,823.18,5637,8.02,1
2026-06-06 11:09:00,payment,64.55,64.5,644.17,5017,5.64,1
2026-06-06 11:09:00,order,71.12,67.09,847.4,6311,11.34,1
2026-06-06 11:09:00,notification,47.14,56.42,311.22,4207,3.28,1
2026-06-06 11:12:00,order,62.51,68.27,844.59,5998,10.2,1
2026-06-06 11:12:00,notification,54.53,62.24,499.06,4198,3.55,1
2026-06-06 11:12:00,payment,71.28,71.8,784.65,5176,7.2,1
2026-06-06 11:15:00,order,69.6,62.29,905.19,5808,11.25,1
2026-06-06 11:15:00,notification,51.83,52.26,259.55,3896,4.79,0
2026-06-06 11:15:00,payment,69.05,62.62,633.01,5327,8.1,0
2026-06-06 11:18:00,payment,62.03,61.7,647.15,4724,4.52,0
2026-06-06 11:18:00,notification,46.97,53.36,268.33,4034,3.33,0
2026-06-06 11:18:00,order,62.83,75.63,811.92,5102,5.67,1
2026-06-06 11:21:00,order,71.34,68.99,736.4,5418,7.57,1
2026-06-06 11:21:00,payment,51.67,71.96,696.82,5806,6.01,1
2026-06-06 11:21:00,notification,46.95,51.85,411.16,4074,3.28,0
2026-06-06 11:24:00,notification,58.73,57.73,409.09,4720,5.84,0
2026-06-06 11:24:00,order,63.92,71.87,804.61,4862,7.68,1
2026-06-06 11:24:00,payment,62.51,67.22,789.85,5253,10.3,1
2026-06-06 11:27:00,order,63.58,69.16,720.94,5429,7.76,0
2026-06-06 11:27:00,notification,38.86,64.03,367.68,3830,2.26,0
2026-06-06 11:27:00,payment,70.74,73.17,738.07,5594,7.83,1
2026-06-06 11:30:00,order,83.64,77.55,963.0,5973,7.92,1
2026-06-06 11:30:00,notification,48.21,58.06,297.09,4579,2.35,0
2026-06-06 11:30:00,payment,56.35,70.39,873.7,5379,9.05,1
2026-06-06 11:33:00,order,73.33,69.08,811.78,6024,8.52,1
2026-06-06 11:33:00,payment,63.61,64.19,703.77,5738,6.64,1
2026-06-06 11:33:00,notification,48.24,67.24,500.74,4497,3.5,1
2026-06-06 11:36:00,payment,64.75,65.79,657.68,4550,6.56,1
2026-06-06 11:36:00,notification,49.36,64.79,486.35,3813,2.71,1
2026-06-06 11:36:00,order,76.02,73.42,804.3,5367,8.93,1
2026-06-06 11:39:00,payment,71.54,63.41,586.41,4488,7.33,1
2026-06-06 11:39:00,notification,63.68,52.17,280.95,4586,4.46,0
2026-06-06 11:39:00,order,62.69,70.09,812.29,5563,7.98,1
2026-06-06 11:42:00,notification,49.94,51.15,406.47,3390,2.83,0
2026-06-06 11:42:00,order,64.54,67.47,955.61,6235,11.4,1
2026-06-06 11:42:00,payment,59.45,68.04,475.77,5419,6.82,1
2026-06-06 11:45:00,order,73.34,66.11,737.18,5546,8.31,0
2026-06-06 11:45:00,notification,60.06,65.66,388.07,4162,4.04,1
2026-06-06 11:45:00,payment,62.14,78.37,687.06,5297,5.64,1
2026-06-06 11:48:00,notification,54.74,58.24,407.64,4159,2.64,0
2026-06-06 11:48:00,payment,68.52,69.47,969.07,5722,12.39,1
2026-06-06 11:48:00,order,80.84,72.39,906.88,6266,10.95,1
2026-06-06 11:51:00,payment,69.36,72.65,809.82,5324,8.56,1
2026-06-06 11:51:00,order,62.63,74.21,914.18,6030,11.21,0
2026-06-06 11:51:00,notification,57.91,52.43,437.52,3623,6.23,1
2026-06-06 11:54:00,order,60.49,73.83,601.38,4154,8.26,1
2026-06-06 11:54:00,notification,57.03,67.61,482.16,3980,4.53,1
2026-06-06 11:54:00,payment,65.29,69.23,839.56,5842,6.26,1
2026-06-06 11:57:00,order,61.71,70.51,791.38,5213,5.42,1
2026-06-06 11:57:00,payment,73.93,70.42,765.56,5749,8.85,0
2026-06-06 11:57:00,notification,66.5,73.38,613.12,5525,7.99,1
2026-06-06 12:00:00,order,69.84,69.29,754.45,6413,9.14,1
2026-06-06 12:00:00,payment,60.8,67.75,580.25,5506,8.13,1
2026-06-06 12:00:00,notification,62.83,76.83,842.23,5499,6.35,1
2026-06-06 12:03:00,notification,58.48,67.33,701.28,4997,8.07,0
2026-06-06 12:03:00,payment,67.64,65.42,697.04,5085,9.36,0
2026-06-06 12:03:00,order,71.89,69.94,727.69,5648,8.48,1
2026-06-06 12:06:00,notification,59.37,71.91,622.06,4960,6.24,0
2026-06-06 12:06:00,order,64.67,68.88,640.95,5308,7.84,1
2026-06-06 12:06:00,payment,68.98,70.86,767.69,5687,9.02,1
2026-06-06 12:09:00,notification,58.43,70.44,596.71,5821,6.95,1
2026-06-06 12:09:00,order,66.01,70.7,751.84,5841,8.19,1
2026-06-06 12:09:00,payment,61.09,65.36,672.73,4787,6.54,1
2026-06-06 12:12:00,notification,62.93,61.62,630.19,4538,3.56,1
2026-06-06 12:12:00,order,57.0,78.82,838.43,6033,7.61,1
2026-06-06 12:12:00,payment,66.19,60.29,591.41,4667,3.87,1
2026-06-06 12:15:00,order,65.33,72.09,966.21,6614,7.71,1
2026-06-06 12:15:00,payment,66.31,73.5,684.26,4844,8.1,1
2026-06-06 12:15:00,notification,68.33,72.06,628.7,5482,5.03,1
2026-06-06 12:18:00,order,79.78,74.24,883.9,5808,10.91,1
2026-06-06 12:18:00,notification,64.68,68.46,842.66,6322,6.89,1
2026-06-06 12:18:00,payment,69.61,68.47,756.06,5270,5.36,1
2026-06-06 12:21:00,order,74.46,70.36,962.45,5808,11.18,1
2026-06-06 12:21:00,payment,70.27,70.41,805.21,6213,10.59,1
2026-06-06 12:21:00,notification,60.98,78.0,654.38,5108,6.31,1
2026-06-06 12:24:00,order,74.68,77.87,747.13,5590,9.02,1
2026-06-06 12:24:00,payment,69.36,76.55,787.66,5662,7.37,1
2026-06-06 12:24:00,notification,80.59,69.66,714.77,5378,9.73,1
2026-06-06 12:27:00,payment,63.7,61.01,793.81,5438,9.18,1
2026-06-06 12:27:00,order,68.26,68.13,854.81,5704,10.61,1
2026-06-06 12:27:00,notification,65.7,69.48,756.78,5828,8.07,1
2026-06-06 12:30:00,order,66.61,70.47,823.64,5454,9.97,0
2026-06-06 12:30:00,payment,69.52,81.47,962.89,6284,10.38,1
2026-06-06 12:30:00,notification,73.03,65.75,858.63,5999,8.87,1
2026-06-06 12:33:00,order,64.92,72.83,693.94,5400,5.15,1
2026-06-06 12:33:00,notification,70.41,76.26,822.15,5413,9.91,1
2026-06-06 12:33:00,payment,76.63,67.3,788.59,5848,8.62,1
2026-06-06 12:36:00,notification,73.08,78.96,738.0,5378,4.16,1
2026-06-06 12:36:00,payment,67.5,68.02,638.38,5230,5.9,1
2026-06-06 12:36:00,order,66.23,63.14,727.48,5100,7.39,1
2026-06-06 12:39:00,notification,67.08,74.11,822.24,6210,7.95,1
2026-06-06 12:39:00,payment,61.07,67.01,885.23,5655,9.15,0
2026-06-06 12:39:00,order,71.91,71.28,647.79,5176,6.56,0
2026-06-06 12:42:00,notification,65.39,69.08,630.74,6185,10.07,0
2026-06-06 12:42:00,payment,65.81,63.23,761.7,4900,6.52,1
2026-06-06 12:42:00,order,62.22,58.9,727.68,6230,8.41,1
2026-06-06 12:45:00,order,61.46,60.33,663.05,4671,6.57,1
2026-06-06 12:45:00,payment,50.46,74.4,755.73,5357,8.18,0
2026-06-06 12:45:00,notification,68.3,68.92,812.45,5673,10.15,1
2026-06-06 12:48:00,notification,65.69,66.69,786.44,5638,8.81,1
2026-06-06 12:48:00,order,60.78,68.07,687.89,5539,8.52,1
2026-06-06 12:48:00,payment,59.79,75.86,603.57,4453,5.98,1
2026-06-06 12:51:00,payment,69.97,66.3,593.11,5490,6.79,1
2026-06-06 12:51:00,order,52.04,79.15,614.52,4768,5.03,1
2026-06-06 12:51:00,notification,66.36,75.05,771.24,5580,7.88,1
2026-06-06 12:54:00,notification,58.98,63.76,635.61,4083,8.49,1
2026-06-06 12:54:00,order,63.15,62.57,528.52,4923,6.37,0
2026-06-06 12:54:00,payment,61.11,67.1,677.65,4567,6.24,1
2026-06-06 12:57:00,order,66.1,60.97,394.87,4783,3.57,1
2026-06-06 12:57:00,notification,66.63,56.53,754.31,4900,7.51,1
2026-06-06 12:57:00,payment,62.6,65.73,666.77,5482,6.39,1
2026-06-06 13:00:00,notification,81.54,83.34,680.73,5354,7.24,1
2026-06-06 13:00:00,payment,45.45,75.5,668.3,4211,5.7,1
2026-06-06 13:00:00,order,60.84,66.41,552.54,4056,4.22,0
2026-06-06 13:03:00,payment,58.82,54.27,570.53,5604,6.79,1
2026-06-06 13:03:00,order,60.13,57.35,418.06,4394,3.03,1
2026-06-06 13:03:00,notification,59.79,69.9,763.03,6327,7.92,1
2026-06-06 13:06:00,payment,61.99,65.7,472.31,4148,5.21,0
2026-06-06 13:06:00,order,70.49,48.15,526.79,5006,5.22,1
2026-06-06 13:06:00,notification,73.0,71.38,970.98,6173,10.99,1
2026-06-06 13:09:00,order,59.86,70.07,585.57,4386,4.61,1
2026-06-06 13:09:00,payment,62.65,60.09,609.32,4312,6.15,0
2026-06-06 13:09:00,notification,69.14,68.18,679.25,6365,10.56,1
2026-06-06 13:12:00,order,61.13,63.75,587.48,4977,4.3,1
2026-06-06 13:12:00,payment,62.73,49.49,555.36,4599,4.57,0
2026-06-06 13:12:00,notification,59.41,71.87,832.04,5400,6.13,0
2026-06-06 13:15:00,notification,70.41,62.95,659.31,5604,7.78,1
2026-06-06 13:15:00,order,55.41,57.02,423.37,3741,3.03,0
2026-06-06 13:15:00,payment,55.85,59.6,447.19,4743,5.34,0
2026-06-06 13:18:00,notification,63.89,66.3,724.34,5129,9.13,1
2026-06-06 13:18:00,order,58.61,61.47,547.94,4899,3.09,1
2026-06-06 13:18:00,payment,57.66,71.95,480.42,4549,4.61,0
2026-06-06 13:21:00,payment,50.63,59.4,599.81,5016,4.15,0
2026-06-06 13:21:00,order,57.09,67.32,553.59,5475,5.64,0
2026-06-06 13:21:00,notification,58.93,68.61,710.08,4544,5.88,1
2026-06-06 13:24:00,order,65.61,63.72,547.93,5030,3.67,1
2026-06-06 13:24:00,notification,75.02,65.24,732.58,5087,7.84,1
2026-06-06 13:24:00,payment,57.7,66.89,494.7,4373,5.71,1
2026-06-06 13:27:00,notification,63.88,63.02,725.85,5267,9.68,1
2026-06-06 13:27:00,order,50.18,61.8,506.76,4200,5.49,0
2026-06-06 13:27:00,payment,52.28,69.71,663.82,4631,4.9,1
2026-06-06 13:30:00,payment,47.89,62.92,527.93,4576,6.96,1
2026-06-06 13:30:00,notification,77.27,69.91,929.5,5871,9.9,1
2026-06-06 13:30:00,order,59.16,71.18,425.0,4135,6.53,1
2026-06-06 13:33:00,notification,76.25,73.46,982.76,5948,10.06,1
2026-06-06 13:33:00,order,58.12,60.37,557.18,5091,9.36,1
2026-06-06 13:33:00,payment,55.23,65.92,585.24,4779,6.23,1
2026-06-06 13:36:00,notification,74.16,74.15,934.09,5323,9.55,1
2026-06-06 13:36:00,order,68.29,70.86,740.82,5641,6.17,1
2026-06-06 13:36:00,payment,75.08,60.37,738.01,4683,6.15,1
2026-06-06 13:39:00,payment,63.12,64.27,672.29,5308,6.57,1
2026-06-06 13:39:00,notification,76.13,72.93,1018.73,6392,10.48,1
2026-06-06 13:39:00,order,78.86,61.54,722.0,4694,7.89,1
2026-06-06 13:42:00,payment,67.43,73.55,805.32,5419,6.63,1
2026-06-06 13:42:00,notification,73.37,72.59,839.92,5376,8.17,1
2026-06-06 13:42:00,order,66.28,73.42,546.64,4907,5.59,1
2026-06-06 13:45:00,notification,65.49,65.92,656.37,5492,9.47,0
2026-06-06 13:45:00,order,72.51,69.94,709.18,5449,9.04,1
2026-06-06 13:45:00,payment,62.31,68.71,768.59,5819,8.82,1
2026-06-06 13:48:00,order,74.87,68.41,776.15,6447,9.76,1
2026-06-06 13:48:00,notification,61.38,68.37,652.83,4863,5.89,1
2026-06-06 13:48:00,payment,55.61,71.06,810.81,4977,8.86,1
2026-06-06 13:51:00,order,51.92,61.31,702.69,6184,7.38,0
2026-06-06 13:51:00,notification,66.11,61.77,605.96,5275,6.9,1
2026-06-06 13:51:00,payment,75.91,73.23,887.47,5660,9.61,1
2026-06-06 13:54:00,notification,79.06,65.28,601.39,4324,6.31,1
2026-06-06 13:54:00,payment,57.87,84.03,870.15,6462,10.32,1
2026-06-06 13:54:00,order,62.29,64.7,620.12,5086,5.54,1
2026-06-06 13:57:00,payment,62.15,66.33,717.58,5515,7.47,1
2026-06-06 13:57:00,notification,53.98,63.81,565.57,5527,6.27,0
2026-06-06 13:57:00,order,66.85,68.3,722.71,4812,6.61,0
2026-06-06 14:00:00,order,52.8,74.15,683.62,5438,6.7,1
2026-06-06 14:00:00,notification,53.24,54.74,474.91,4574,5.13,0
2026-06-06 14:00:00,payment,66.34,77.51,729.69,5744,9.09,1
2026-06-06 14:03:00,payment,71.08,72.72,943.49,6032,10.02,0
2026-06-06 14:03:00,order,64.91,63.97,677.95,5590,8.01,1
2026-06-06 14:03:00,notification,53.71,64.94,506.42,4572,6.84,1
2026-06-06 14:06:00,notification,56.34,67.74,537.35,4588,5.89,0
2026-06-06 14:06:00,payment,64.13,79.5,874.84,5904,9.69,1
2026-06-06 14:06:00,order,70.76,69.23,1012.47,6492,10.16,1
2026-06-06 14:09:00,payment,59.6,66.71,882.42,6680,9.61,1
2026-06-06 14:09:00,notification,57.31,67.81,717.16,5067,6.89,1
2026-06-06 14:09:00,order,60.46,68.0,823.33,5475,7.9,0
2026-06-06 14:12:00,notification,61.73,56.04,425.62,5104,4.15,1
2026-06-06 14:12:00,order,61.78,66.4,839.18,5230,7.69,0
2026-06-06 14:12:00,payment,63.26,71.59,744.99,5712,7.9,1
2026-06-06 14:15:00,order,77.18,69.02,873.68,5789,9.91,1
2026-06-06 14:15:00,payment,59.32,65.1,760.24,4813,7.71,0
2026-06-06 14:15:00,notification,55.47,60.74,641.75,5462,7.89,1
2026-06-06 14:18:00,payment,59.79,68.29,694.32,5540,9.01,0
2026-06-06 14:18:00,order,48.97,67.96,938.19,5797,10.59,0
2026-06-06 14:18:00,notification,63.3,73.06,602.72,5919,7.83,1
2026-06-06 14:21:00,order,69.65,72.72,825.32,5524,7.67,1
2026-06-06 14:21:00,notification,56.17,65.21,535.27,4861,4.72,0
2026-06-06 14:21:00,payment,65.84,69.97,553.72,4582,6.88,1
2026-06-06 14:24:00,order,73.03,66.55,763.8,5111,7.74,1
2026-06-06 14:24:00,notification,64.39,63.3,609.49,4529,3.89,1
2026-06-06 14:24:00,payment,52.93,65.92,659.59,4785,7.51,1
2026-06-06 14:27:00,order,64.6,67.93,703.89,4818,6.25,0
2026-06-06 14:27:00,notification,60.34,68.65,638.03,4774,5.04,1
2026-06-06 14:27:00,payment,66.14,73.62,652.79,5422,7.31,0
2026-06-06 14:30:00,order,77.74,73.23,815.38,6052,12.34,1
2026-06-06 14:30:00,payment,60.48,60.1,529.71,4428,4.23,1
2026-06-06 14:30:00,notification,51.55,66.86,532.33,4068,4.08,0
2026-06-06 14:33:00,payment,62.85,57.27,473.52,4289,3.57,1
2026-06-06 14:33:00,notification,61.52,64.27,532.78,5485,4.44,0
2026-06-06 14:33:00,order,63.6,62.16,792.62,5576,6.72,1
2026-06-06 14:36:00,order,59.77,71.22,693.73,5046,7.76,1
2026-06-06 14:36:00,notification,60.95,76.33,726.95,5400,11.2,1
2026-06-06 14:36:00,payment,54.85,60.24,374.4,4529,5.86,1
2026-06-06 14:39:00,notification,58.08,76.87,691.03,4604,5.24,1
2026-06-06 14:39:00,payment,61.69,61.06,502.77,4258,2.35,0
2026-06-06 14:39:00,order,67.19,71.02,780.87,5915,8.84,1
2026-06-06 14:42:00,payment,56.21,60.59,445.55,4900,6.48,0
2026-06-06 14:42:00,notification,69.09,72.33,627.8,4603,7.43,1
2026-06-06 14:42:00,order,61.84,68.39,699.28,4514,6.24,0
2026-06-06 14:45:00,order,61.54,67.39,729.92,5180,6.34,1
2026-06-06 14:45:00,payment,64.7,60.83,584.07,4638,5.33,1
2026-06-06 14:45:00,notification,62.66,72.12,687.58,4688,8.04,1
2026-06-06 14:48:00,payment,56.04,74.12,662.85,4956,9.71,1
2026-06-06 14:48:00,order,59.0,62.57,502.44,4902,5.24,1
2026-06-06 14:48:00,notification,64.55,65.79,602.54,4635,4.17,1
2026-06-06 14:51:00,notification,61.13,67.46,603.44,5402,7.94,1
2026-06-06 14:51:00,payment,50.54,67.43,710.84,6256,7.85,1
2026-06-06 14:51:00,order,56.61,65.27,609.9,5397,4.98,0
2026-06-06 14:54:00,order,57.05,66.08,556.53,4809,6.49,1
2026-06-06 14:54:00,notification,67.17,72.41,749.75,4538,10.13,1
2026-06-06 14:54:00,payment,68.85,76.55,702.3,4904,8.89,1
2026-06-06 14:57:00,notification,78.76,69.81,914.14,6394,9.68,1
2026-06-06 14:57:00,payment,69.98,70.17,793.64,5593,11.23,0
2026-06-06 14:57:00,order,56.24,60.46,653.95,5577,5.58,1
2026-06-06 15:00:00,order,63.54,72.6,635.88,4659,6.08,1
2026-06-06 15:00:00,notification,71.79,72.57,1036.49,5647,10.95,1
2026-06-06 15:00:00,payment,67.67,71.17,688.64,6067,6.91,0
2026-06-06 15:03:00,payment,63.95,72.64,772.0,5560,7.83,1
2026-06-06 15:03:00,order,56.25,62.27,730.57,5378,3.85,1
2026-06-06 15:03:00,notification,67.06,68.65,867.58,5657,8.99,0
2026-06-06 15:06:00,payment,72.84,63.03,811.78,5766,6.12,1
2026-06-06 15:06:00,order,55.12,66.36,666.5,5757,5.48,1
2026-06-06 15:06:00,notification,60.62,70.71,805.29,5639,9.36,1
2026-06-06 15:09:00,payment,63.49,70.97,732.86,5741,6.69,1
2026-06-06 15:09:00,notification,78.91,71.22,1089.61,5772,9.04,1
2026-06-06 15:09:00,order,59.88,75.02,796.33,5088,7.41,1
2026-06-06 15:12:00,payment,71.68,81.23,873.27,5790,8.75,1
2026-06-06 15:12:00,order,69.02,68.73,726.28,5706,9.74,1
2026-06-06 15:12:00,notification,75.34,73.3,1036.15,6377,10.73,1
2026-06-06 15:15:00,notification,72.72,71.0,848.83,5347,9.92,1
2026-06-06 15:15:00,payment,72.64,72.78,877.5,5732,8.45,1
2026-06-06 15:15:00,order,67.62,68.08,693.82,5411,4.62,1
2026-06-06 15:18:00,payment,78.31,75.12,794.62,4821,7.13,0
2026-06-06 15:18:00,order,66.14,54.27,538.54,4486,7.33,1
2026-06-06 15:18:00,notification,69.25,77.44,959.82,6414,8.88,1
2026-06-06 15:21:00,notification,76.98,78.32,893.69,5429,11.41,1
2026-06-06 15:21:00,order,61.81,54.38,647.2,5036,6.52,0
2026-06-06 15:21:00,payment,66.67,74.57,833.93,5603,8.64,1
2026-06-06 15:24:00,order,64.85,65.11,541.64,4757,3.97,1
2026-06-06 15:24:00,payment,56.65,65.87,577.67,4962,6.28,0
2026-06-06 15:24:00,notification,65.83,73.87,728.57,5645,8.77,1
2026-06-06 15:27:00,order,61.35,66.21,547.96,4651,6.77,1
2026-06-06 15:27:00,payment,53.01,66.47,627.63,5115,5.16,1
2026-06-06 15:27:00,notification,68.53,60.88,665.82,5038,7.28,1
2026-06-06 15:30:00,payment,71.43,68.37,583.65,6021,6.09,1
2026-06-06 15:30:00,notification,74.31,69.72,617.88,5554,6.31,1
2026-06-06 15:30:00,order,64.42,70.8,652.2,4820,5.01,1
2026-06-06 15:33:00,payment,64.9,69.67,596.47,5175,8.06,1
2026-06-06 15:33:00,order,72.11,75.86,948.52,5628,9.98,1
2026-06-06 15:33:00,notification,61.78,69.33,684.72,4435,5.47,0
2026-06-06 15:36:00,payment,67.27,60.94,690.86,5549,5.5,1
2026-06-06 15:36:00,order,63.03,62.16,842.78,5926,9.14,1
2026-06-06 15:36:00,notification,59.38,63.4,609.21,5463,5.85,1
2026-06-06 15:39:00,payment,83.07,68.78,565.92,5743,9.45,1
2026-06-06 15:39:00,order,64.15,79.16,865.96,5949,10.78,1
2026-06-06 15:39:00,notification,56.96,67.93,574.42,5641,5.3,0
2026-06-06 15:42:00,order,77.43,65.78,783.21,6735,8.54,1
2026-06-06 15:42:00,notification,57.05,68.93,569.52,4244,6.23,0
2026-06-06 15:42:00,payment,63.38,64.13,689.49,5177,5.23,1
2026-06-06 15:45:00,payment,53.71,63.18,731.93,4937,6.31,0
2026-06-06 15:45:00,order,63.68,70.64,616.35,4908,7.4,1
2026-06-06 15:45:00,notification,60.89,56.34,697.6,4067,6.44,1
2026-06-06 15:48:00,notification,71.85,70.28,600.66,4849,7.96,1
2026-06-06 15:48:00,payment,60.96,72.13,629.61,5005,7.82,1
2026-06-06 15:48:00,order,69.96,64.68,670.62,5390,8.7,1
2026-06-06 15:51:00,notification,62.38,62.6,530.19,4787,4.94,0
2026-06-06 15:51:00,order,60.07,83.07,750.85,5465,7.71,1
2026-06-06 15:51:00,payment,56.92,62.52,677.38,4965,8.42,1
2026-06-06 15:54:00,notification,66.12,61.14,771.14,5189,6.13,1
2026-06-06 15:54:00,order,65.53,67.63,735.65,5154,8.42,1
2026-06-06 15:54:00,payment,61.05,59.77,721.22,5353,7.33,1
2026-06-06 15:57:00,payment,63.83,73.11,662.69,5412,7.05,1
2026-06-06 15:57:00,order,59.82,70.31,878.17,6313,9.52,1
2026-06-06 15:57:00,notification,68.91,71.45,809.39,5505,8.84,1
2026-06-06 16:00:00,payment,59.6,59.38,703.2,5393,5.71,1
2026-06-06 16:00:00,order,71.43,71.03,862.42,5669,5.02,1
2026-06-06 16:00:00,notification,59.56,69.42,911.61,5982,9.24,1
2026-06-06 16:03:00,payment,55.37,57.36,639.68,4805,6.19,0
2026-06-06 16:03:00,order,62.07,67.5,839.75,5115,6.51,1
2026-06-06 16:03:00,notification,69.49,76.63,843.14,5979,10.7,1
2026-06-06 16:06:00,order,64.51,65.49,693.35,5810,9.77,1
2026-06-06 16:06:00,payment,76.69,74.42,907.67,5634,10.53,1
2026-06-06 16:06:00,notification,60.65,72.17,751.39,4783,6.21,1
2026-06-06 16:09:00,payment,63.94,66.46,608.57,5660,5.84,1
2026-06-06 16:09:00,order,77.86,80.05,689.77,5880,8.02,1
2026-06-06 16:09:00,notification,73.39,70.26,791.69,4933,7.04,1
2026-06-06 16:12:00,order,68.13,64.29,692.33,4913,6.78,1
2026-06-06 16:12:00,notification,57.83,62.54,615.91,5616,8.02,1
2026-06-06 16:12:00,payment,61.53,68.65,695.24,5028,6.95,0
2026-06-06 16:15:00,notification,51.48,61.46,605.93,4765,6.44,1
2026-06-06 16:15:00,payment,66.05,62.91,591.22,5707,4.81,0
2026-06-06 16:15:00,order,69.08,64.98,708.55,5383,6.31,0
2026-06-06 16:18:00,notification,48.82,61.6,445.83,4649,6.68,0
2026-06-06 16:18:00,payment,63.71,57.67,716.67,4968,4.46,0
2026-06-06 16:18:00,order,56.96,66.83,651.5,5673,7.08,1
2026-06-06 16:21:00,notification,61.1,71.95,770.3,4869,7.25,0
2026-06-06 16:21:00,payment,60.61,57.03,503.21,4672,5.24,1
2026-06-06 16:21:00,order,56.29,71.1,728.64,5674,7.75,1
2026-06-06 16:24:00,notification,48.28,75.56,685.69,5671,5.02,1
2026-06-06 16:24:00,payment,63.33,61.82,610.59,4770,4.9,0
2026-06-06 16:24:00,order,73.9,67.26,741.28,5899,6.57,1
2026-06-06 16:27:00,notification,70.48,74.51,897.08,5766,9.55,1
2026-06-06 16:27:00,order,51.94,73.16,836.6,5281,9.09,1
2026-06-06 16:27:00,payment,65.46,61.42,730.63,5184,6.94,1
2026-06-06 16:30:00,notification,73.7,70.1,879.63,6080,11.21,1
2026-06-06 16:30:00,order,59.11,66.4,533.34,4406,5.45,1
2026-06-06 16:30:00,payment,65.22,66.39,617.54,4144,4.18,1
2026-06-06 16:33:00,payment,63.0,60.25,535.68,4996,4.97,1
2026-06-06 16:33:00,order,55.95,64.64,489.64,4795,5.5,1
2026-06-06 16:33:00,notification,61.97,68.91,876.13,6071,8.06,0
2026-06-06 16:36:00,payment,56.8,61.24,417.52,5235,6.12,1
2026-06-06 16:36:00,order,61.72,72.79,703.59,5366,6.18,0
2026-06-06 16:36:00,notification,73.0,72.52,788.15,5185,8.98,1
2026-06-06 16:39:00,payment,60.11,65.83,444.62,5153,5.01,1
2026-06-06 16:39:00,notification,65.1,74.82,761.38,5891,7.96,1
2026-06-06 16:39:00,order,63.41,64.72,747.51,5415,7.16,1
2026-06-06 16:42:00,order,61.26,67.34,768.76,5405,9.66,1
2026-06-06 16:42:00,payment,69.67,66.19,638.6,5076,6.79,0
2026-06-06 16:42:00,notification,67.16,70.15,807.79,5756,6.9,0
2026-06-06 16:45:00,payment,57.94,67.03,553.5,4821,1.67,0
2026-06-06 16:45:00,order,56.22,66.71,684.02,5254,7.92,1
2026-06-06 16:45:00,notification,73.76,74.46,809.86,6149,10.12,1
2026-06-06 16:48:00,payment,62.44,62.2,633.71,5280,4.62,1
2026-06-06 16:48:00,order,62.16,69.02,535.42,4736,5.79,0
2026-06-06 16:48:00,notification,78.84,66.26,898.27,5949,8.72,1
2026-06-06 16:51:00,order,66.88,63.03,579.14,5182,4.96,1
2026-06-06 16:51:00,notification,65.11,70.61,850.09,6486,10.97,1
2026-06-06 16:51:00,payment,60.54,63.12,532.33,4582,2.63,0
2026-06-06 16:54:00,notification,63.48,77.72,981.63,4939,9.48,1
2026-06-06 16:54:00,order,54.83,66.71,716.24,5619,7.51,0
2026-06-06 16:54:00,payment,54.5,63.47,585.82,4716,6.44,0
2026-06-06 16:57:00,notification,66.75,59.51,763.57,5186,9.31,1
2026-06-06 16:57:00,order,62.69,54.59,696.71,4601,6.68,1
2026-06-06 16:57:00,payment,60.39,56.13,758.85,4745,8.53,1
2026-06-06 17:00:00,payment,66.35,74.24,666.19,5508,7.6,1
2026-06-06 17:00:00,notification,73.56,72.9,670.58,4854,7.2,1
2026-06-06 17:00:00,order,63.3,60.42,669.19,5315,3.77,1
2026-06-06 17:03:00,payment,62.41,69.13,751.47,5532,7.87,1
2026-06-06 17:03:00,notification,61.11,70.64,664.59,5081,7.79,1
2026-06-06 17:03:00,order,65.45,57.94,628.42,4816,6.82,1
2026-06-06 17:06:00,payment,57.86,72.26,733.01,5882,9.48,1
2026-06-06 17:06:00,notification,71.45,69.05,701.28,5812,8.94,1
2026-06-06 17:06:00,order,65.54,62.65,812.97,5097,9.06,1
2026-06-06 17:09:00,order,63.75,71.88,786.32,6018,8.27,1
2026-06-06 17:09:00,notification,60.75,59.23,638.73,4696,9.04,1
2026-06-06 17:09:00,payment,59.9,60.64,737.75,5592,8.54,1
2026-06-06 17:12:00,payment,60.56,61.39,569.61,4064,4.72,0
2026-06-06 17:12:00,notification,68.7,76.72,922.6,6159,8.43,1
2026-06-06 17:12:00,order,72.88,87.49,855.59,5467,8.76,1
2026-06-06 17:15:00,notification,65.93,81.59,886.69,5768,9.32,1
2026-06-06 17:15:00,order,67.08,69.11,728.73,5393,6.54,0
2026-06-06 17:15:00,payment,69.69,60.16,654.54,4442,3.63,1
2026-06-06 17:18:00,notification,72.91,71.44,877.25,5438,10.47,1
2026-06-06 17:18:00,order,49.82,66.51,637.17,4420,6.31,0
2026-06-06 17:18:00,payment,68.44,71.89,690.49,5591,6.34,1
2026-06-06 17:21:00,order,57.0,58.63,569.09,4480,6.93,1
2026-06-06 17:21:00,notification,72.72,71.42,940.52,6740,11.07,1
2026-06-06 17:21:00,payment,51.76,63.05,722.93,5301,9.28,1
2026-06-06 17:24:00,payment,69.17,63.7,687.21,5738,10.02,1
2026-06-06 17:24:00,order,56.92,55.72,500.91,4394,6.17,0
2026-06-06 17:24:00,notification,64.59,70.81,933.99,5296,10.17,1
2026-06-06 17:27:00,order,51.39,72.4,516.86,4430,4.2,0
2026-06-06 17:27:00,payment,61.01,70.2,575.95,4624,7.06,0
2026-06-06 17:27:00,notification,64.27,73.66,738.11,5897,8.35,1
2026-06-06 17:30:00,payment,68.62,65.7,695.9,5404,7.02,1
2026-06-06 17:30:00,notification,65.09,78.64,996.1,6529,11.29,1
2026-06-06 17:30:00,order,53.88,55.88,509.0,4100,3.67,1
2026-06-06 17:33:00,notification,72.39,76.04,857.88,5202,10.96,1
2026-06-06 17:33:00,order,59.88,51.25,475.53,4493,6.22,1
2026-06-06 17:33:00,payment,66.19,64.51,655.07,5469,10.78,0
2026-06-06 17:36:00,payment,63.38,72.21,602.98,5487,7.68,0
2026-06-06 17:36:00,notification,64.22,71.29,873.97,5460,10.12,1
2026-06-06 17:36:00,order,51.83,62.36,445.76,4858,5.25,0
2026-06-06 17:39:00,notification,67.0,74.77,663.25,5998,7.71,1
2026-06-06 17:39:00,order,57.42,58.33,368.76,4002,5.0,0
2026-06-06 17:39:00,payment,59.24,68.46,564.12,4378,4.02,1
2026-06-06 17:42:00,notification,68.68,63.47,825.1,5513,9.89,1
2026-06-06 17:42:00,order,53.17,66.07,563.34,3700,3.08,1
2026-06-06 17:42:00,payment,60.22,67.76,602.7,4059,5.53,0
2026-06-06 17:45:00,notification,70.32,75.14,727.62,5718,7.57,1
2026-06-06 17:45:00,payment,71.35,70.87,650.45,5229,7.91,1
2026-06-06 17:45:00,order,49.5,69.08,524.97,4972,5.68,1
2026-06-06 17:48:00,payment,59.72,62.55,526.9,5000,5.41,1
2026-06-06 17:48:00,order,64.97,66.77,492.11,4681,5.65,0
2026-06-06 17:48:00,notification,67.17,73.09,667.32,5134,5.6,1
2026-06-06 17:51:00,payment,68.18,64.23,549.45,5390,7.07,1
2026-06-06 17:51:00,notification,66.74,65.88,648.01,5588,6.91,1
2026-06-06 17:51:00,order,70.43,67.85,618.53,4943,7.03,1
2026-06-06 17:54:00,notification,56.99,75.59,644.68,4659,6.99,1
2026-06-06 17:54:00,payment,68.04,62.64,608.02,4923,4.46,1
2026-06-06 17:54:00,order,53.33,67.51,617.69,4636,4.85,0
2026-06-06 17:57:00,payment,68.11,68.16,627.13,5559,5.31,1
2026-06-06 17:57:00,order,69.32,80.42,653.04,4664,8.81,1
2026-06-06 17:57:00,notification,52.12,66.59,431.64,4777,4.33,0
2026-06-06 18:00:00,order,60.2,75.47,571.75,4679,4.47,1
2026-06-06 18:00:00,payment,55.13,66.16,725.85,5631,6.84,1
2026-06-06 18:00:00,notification,51.23,60.86,420.33,4320,3.44,0
2026-06-06 18:03:00,payment,69.94,64.43,559.86,5685,6.36,0
2026-06-06 18:03:00,notification,59.19,61.79,451.09,4640,5.28,0
2026-06-06 18:03:00,order,50.39,65.37,718.46,5091,9.2,0
2026-06-06 18:06:00,notification,63.92,65.53,477.2,3942,6.06,0
2026-06-06 18:06:00,payment,55.87,65.67,567.27,4636,5.5,1
2026-06-06 18:06:00,order,55.44,72.02,668.3,5417,7.04,1
2026-06-06 18:09:00,order,63.03,72.25,567.89,4521,5.14,1
2026-06-06 18:09:00,payment,61.77,67.63,462.87,3844,5.51,1
2026-06-06 18:09:00,notification,59.91,64.12,632.09,4589,5.39,1
2026-06-06 18:12:00,payment,54.36,66.0,588.85,4801,8.57,1
2026-06-06 18:12:00,notification,62.9,75.12,826.8,5224,7.45,1
2026-06-06 18:12:00,order,46.39,64.04,399.77,3414,3.29,0
2026-06-06 18:15:00,payment,51.65,71.77,582.28,4710,4.26,0
2026-06-06 18:15:00,notification,77.07,69.39,791.87,6322,8.13,1
2026-06-06 18:15:00,order,51.96,59.85,474.95,3806,3.59,0
2026-06-06 18:18:00,order,58.08,60.14,443.64,5099,4.84,0
2026-06-06 18:18:00,notification,57.29,80.83,675.13,5442,6.26,1
2026-06-06 18:18:00,payment,69.0,57.9,508.29,4706,4.26,0
2026-06-06 18:21:00,payment,47.06,48.57,439.0,3419,2.6,0
2026-06-06 18:21:00,order,61.0,62.91,439.76,4289,5.16,1
2026-06-06 18:21:00,notification,70.64,66.62,645.23,4542,4.07,1
2026-06-06 18:24:00,notification,64.35,57.75,515.43,4766,5.76,0
2026-06-06 18:24:00,payment,65.28,66.07,395.79,4510,6.32,0
2026-06-06 18:24:00,order,59.12,56.47,479.91,4812,5.56,1
2026-06-06 18:27:00,payment,61.44,60.6,550.98,5233,7.15,1
2026-06-06 18:27:00,order,67.77,66.93,551.61,4345,4.76,1
2026-06-06 18:27:00,notification,52.97,68.0,477.95,4353,2.54,0
2026-06-06 18:30:00,order,48.44,65.16,405.38,4415,4.24,0
2026-06-06 18:30:00,payment,60.02,64.63,697.13,5039,5.9,0
2026-06-06 18:30:00,notification,54.28,58.82,509.01,4044,4.56,0
2026-06-06 18:33:00,order,56.98,58.8,423.24,4457,5.84,0
2026-06-06 18:33:00,payment,64.31,58.87,721.28,5178,9.69,1
2026-06-06 18:33:00,notification,71.1,55.29,620.78,5035,5.68,0
2026-06-06 18:36:00,order,63.01,61.84,621.64,4259,6.92,1
2026-06-06 18:36:00,notification,56.86,73.2,556.24,4367,6.04,0
2026-06-06 18:36:00,payment,57.47,63.82,822.89,6138,6.64,0
2026-06-06 18:39:00,notification,59.91,73.83,442.87,4024,1.63,0
2026-06-06 18:39:00,payment,63.64,59.48,767.38,4780,8.12,1
2026-06-06 18:39:00,order,66.45,60.4,639.62,4573,7.06,1
2026-06-06 18:42:00,notification,69.14,63.88,536.68,3999,2.53,0
2026-06-06 18:42:00,order,66.9,66.69,639.75,4276,6.35,1
2026-06-06 18:42:00,payment,56.09,63.86,650.24,5579,8.2,0
2026-06-06 18:45:00,notification,60.39,67.64,646.98,4536,5.27,1
2026-06-06 18:45:00,order,55.43,62.13,457.29,4961,3.64,1
2026-06-06 18:45:00,payment,58.55,62.65,570.7,5315,4.23,1
2026-06-06 18:48:00,notification,55.44,62.37,449.54,4899,4.13,0
2026-06-06 18:48:00,order,59.24,52.68,532.28,3801,4.37,1
2026-06-06 18:48:00,payment,73.0,70.6,722.96,5519,9.09,1
2026-06-06 18:51:00,order,47.33,72.4,487.59,3893,2.18,0
2026-06-06 18:51:00,payment,69.1,76.45,755.96,5609,5.18,1
2026-06-06 18:51:00,notification,65.72,60.58,410.22,3676,4.55,1
2026-06-06 18:54:00,order,59.15,54.63,605.74,4734,6.64,0
2026-06-06 18:54:00,payment,56.12,71.47,679.18,5332,8.37,1
2026-06-06 18:54:00,notification,46.98,56.84,370.17,3880,3.43,0
2026-06-06 18:57:00,order,62.24,55.99,570.23,4813,5.64,0
2026-06-06 18:57:00,payment,70.34,60.16,674.76,5443,6.15,1
2026-06-06 18:57:00,notification,51.02,56.33,421.21,4136,2.06,0
2026-06-06 19:00:00,payment,61.51,68.2,548.14,4737,6.76,1
2026-06-06 19:00:00,notification,54.32,55.94,411.49,4301,4.56,0
2026-06-06 19:00:00,order,67.29,69.76,629.78,4778,7.4,1
2026-06-06 19:03:00,notification,47.21,60.9,448.58,4189,3.68,0
2026-06-06 19:03:00,order,66.58,69.8,668.38,4517,8.07,1
2026-06-06 19:03:00,payment,61.7,68.6,726.19,5170,8.27,1
2026-06-06 19:06:00,notification,48.75,54.22,418.88,4814,2.42,0
2026-06-06 19:06:00,payment,66.68,65.22,723.0,4902,7.66,1
2026-06-06 19:06:00,order,63.3,62.61,554.67,4621,7.05,1
2026-06-06 19:09:00,notification,53.81,66.37,594.67,4082,5.06,1
2026-06-06 19:09:00,payment,61.85,66.15,695.95,4985,7.62,0
2026-06-06 19:09:00,order,59.13,59.62,514.81,4344,4.6,0
2026-06-06 19:12:00,order,63.97,66.71,573.04,3821,3.09,1
2026-06-06 19:12:00,payment,57.87,68.99,680.01,5207,7.39,1
2026-06-06 19:12:00,notification,61.14,63.29,492.22,4904,5.14,0
2026-06-06 19:15:00,payment,75.87,64.44,757.72,4426,6.84,1
2026-06-06 19:15:00,order,70.55,63.55,433.43,4701,5.37,0
2026-06-06 19:15:00,notification,53.57,64.46,455.43,4364,5.46,0
2026-06-06 19:18:00,payment,63.84,66.27,692.41,5271,6.87,1
2026-06-06 19:18:00,order,64.12,59.48,621.0,4901,5.02,1
2026-06-06 19:18:00,notification,53.37,61.2,334.39,4289,2.47,0
2026-06-06 19:21:00,payment,62.5,72.29,641.31,4918,5.26,1
2026-06-06 19:21:00,order,58.35,65.48,492.99,3954,5.29,1
2026-06-06 19:21:00,notification,61.69,50.0,542.21,4693,4.65,1
2026-06-06 19:24:00,notification,60.78,63.75,453.85,4442,3.83,0
2026-06-06 19:24:00,payment,59.55,62.01,609.02,4274,5.98,1
2026-06-06 19:24:00,order,46.89,62.57,548.02,4802,4.9,1
2026-06-06 19:27:00,notification,45.41,66.07,499.38,4737,5.11,0
2026-06-06 19:27:00,order,49.21,65.68,469.93,4148,4.55,0
2026-06-06 19:27:00,payment,66.84,58.49,542.79,4641,5.12,1
2026-06-06 19:30:00,order,56.38,62.18,434.1,4966,5.3,1
2026-06-06 19:30:00,notification,58.61,57.52,489.28,4820,3.91,1
2026-06-06 19:30:00,payment,55.03,62.0,553.35,4459,4.01,0
2026-06-06 19:33:00,order,57.24,60.94,448.5,4233,1.22,0
2026-06-06 19:33:00,notification,60.38,61.42,625.06,3813,4.64,1
2026-06-06 19:33:00,payment,52.57,59.75,619.39,5515,4.09,1
2026-06-06 19:36:00,order,52.97,61.51,497.56,4602,6.61,1
2026-06-06 19:36:00,notification,57.06,60.1,601.77,4160,6.15,1
2026-06-06 19:36:00,payment,56.72,55.9,538.64,4677,4.28,0
2026-06-06 19:39:00,notification,57.66,61.21,443.08,4549,3.97,0
2026-06-06 19:39:00,payment,66.09,60.54,466.34,4873,1.16,0
2026-06-06 19:39:00,order,60.06,63.34,548.19,3587,2.86,1
2026-06-06 19:42:00,order,56.65,62.19,550.4,4448,3.51,0
2026-06-06 19:42:00,payment,61.54,68.16,492.71,4988,4.1,0
2026-06-06 19:42:00,notification,60.44,59.6,414.72,3556,3.86,0
2026-06-06 19:45:00,notification,55.25,49.52,405.54,3601,5.28,0
2026-06-06 19:45:00,order,59.2,65.61,568.13,4702,4.23,1
2026-06-06 19:45:00,payment,57.85,63.13,570.6,4489,5.78,1
2026-06-06 19:48:00,order,56.51,64.58,569.27,4309,4.86,1
2026-06-06 19:48:00,notification,59.21,58.8,548.09,5371,5.31,0
2026-06-06 19:48:00,payment,68.91,65.31,560.21,4860,2.55,0
2026-06-06 19:51:00,order,56.17,54.19,580.4,4844,5.08,0
2026-06-06 19:51:00,notification,62.35,67.68,675.54,4717,6.11,1
2026-06-06 19:51:00,payment,65.93,54.42,532.28,5654,6.33,0
2026-06-06 19:54:00,notification,46.88,66.81,735.02,4947,6.85,1
2026-06-06 19:54:00,payment,58.36,66.0,635.12,4894,5.39,0
2026-06-06 19:54:00,order,54.93,61.37,581.14,4879,5.14,1
2026-06-06 19:57:00,payment,59.84,65.02,645.9,5047,4.42,1
2026-06-06 19:57:00,order,69.0,68.77,826.74,5000,8.48,1
2026-06-06 19:57:00,notification,65.8,73.56,509.89,4653,4.48,1
2026-06-06 20:00:00,notification,67.9,63.98,605.07,4955,5.39,1
2026-06-06 20:00:00,payment,60.38,59.17,400.6,4472,4.51,0
2026-06-06 20:00:00,order,65.34,71.08,744.35,5392,6.1,0
2026-06-06 20:03:00,payment,52.32,62.47,573.17,4792,5.95,1
2026-06-06 20:03:00,notification,65.59,53.69,626.49,4367,4.77,0
2026-06-06 20:03:00,order,57.5,71.33,649.24,5031,6.48,1
2026-06-06 20:06:00,payment,59.59,64.32,536.99,4744,4.23,1
2026-06-06 20:06:00,order,62.6,67.65,621.55,5093,3.46,0
2026-06-06 20:06:00,notification,60.03,70.52,570.61,4558,5.68,0
2026-06-06 20:09:00,notification,60.37,66.51,432.87,5309,7.48,0
2026-06-06 20:09:00,order,79.41,59.37,600.63,4449,3.94,0
2026-06-06 20:09:00,payment,63.05,59.57,604.94,4204,6.05,1
2026-06-06 20:12:00,notification,52.55,53.03,359.49,3356,4.59,0
2026-06-06 20:12:00,order,60.48,69.86,673.62,4704,4.25,1
2026-06-06 20:12:00,payment,47.63,63.61,572.02,4423,5.24,0
2026-06-06 20:15:00,notification,58.16,64.91,464.21,4095,5.59,1
2026-06-06 20:15:00,order,75.19,64.26,646.35,4719,8.37,0
2026-06-06 20:15:00,payment,54.0,65.72,540.85,3810,3.08,0
2026-06-06 20:18:00,notification,65.75,63.38,452.83,4049,3.69,1
2026-06-06 20:18:00,payment,53.58,58.81,507.79,4356,5.35,0
2026-06-06 20:18:00,order,50.82,75.52,809.61,6372,8.15,1
2026-06-06 20:21:00,payment,65.97,59.34,570.37,4419,5.97,1
2026-06-06 20:21:00,notification,45.5,56.33,465.08,4282,3.83,1
2026-06-06 20:21:00,order,54.76,67.44,511.96,4237,3.45,1
2026-06-06 20:24:00,payment,42.99,57.93,335.29,4359,3.48,0
2026-06-06 20:24:00,notification,63.66,66.33,495.34,4519,6.59,1
2026-06-06 20:24:00,order,56.02,55.58,320.31,3310,0.0,0
2026-06-06 20:27:00,payment,52.58,63.78,314.07,4272,6.83,1
2026-06-06 20:27:00,notification,55.01,61.07,440.72,5287,3.31,0
2026-06-06 20:27:00,order,51.01,52.92,303.6,4071,1.18,0
2026-06-06 20:30:00,payment,48.34,50.29,411.81,3364,4.3,0
2026-06-06 20:30:00,notification,55.42,58.69,619.37,5664,5.41,0
2026-06-06 20:30:00,order,47.17,52.77,440.82,3915,1.71,0
2026-06-06 20:33:00,notification,56.12,60.47,467.41,4428,6.01,0
2026-06-06 20:33:00,payment,55.81,58.32,416.94,3539,0.79,0
2026-06-06 20:33:00,order,51.41,51.24,457.61,4119,2.73,0
2026-06-06 20:36:00,order,61.14,55.19,537.92,4555,5.0,0
2026-06-06 20:36:00,payment,49.47,51.76,281.55,3949,2.28,0
2026-06-06 20:36:00,notification,48.12,63.57,558.57,3899,5.47,0
2026-06-06 20:39:00,order,71.04,61.4,435.81,5050,3.23,0
2026-06-06 20:39:00,payment,60.07,55.99,306.2,4113,5.61,1
2026-06-06 20:39:00,notification,47.12,59.21,400.63,4930,4.27,0
2026-06-06 20:42:00,order,64.4,59.36,497.31,4166,3.28,0
2026-06-06 20:42:00,payment,52.58,51.38,276.65,3219,1.33,1
2026-06-06 20:42:00,notification,42.01,53.97,391.04,3609,4.1,1
2026-06-06 20:45:00,order,50.39,50.23,407.38,4157,1.6,0
2026-06-06 20:45:00,notification,47.07,58.19,308.42,3784,5.43,0
2026-06-06 20:45:00,payment,46.95,52.05,289.54,3228,2.76,1
2026-06-06 20:48:00,notification,54.1,55.21,241.75,3945,2.7,0
2026-06-06 20:48:00,payment,50.1,61.87,375.65,4367,4.0,0
2026-06-06 20:48:00,order,48.87,53.19,430.7,3128,2.87,1
2026-06-06 20:51:00,order,49.59,56.65,401.96,3709,0.41,0
2026-06-06 20:51:00,notification,55.81,51.76,347.93,3399,5.57,0
2026-06-06 20:51:00,payment,43.48,44.62,273.38,3253,2.74,0
2026-06-06 20:54:00,notification,62.61,57.29,362.24,3611,3.54,0
2026-06-06 20:54:00,payment,53.97,56.81,300.0,3639,3.51,0
2026-06-06 20:54:00,order,47.2,55.73,369.34,4258,1.24,1
2026-06-06 20:57:00,notification,47.38,54.23,298.34,4419,2.53,0
2026-06-06 20:57:00,payment,43.46,65.27,522.9,3591,4.02,1
2026-06-06 20:57:00,order,48.45,50.39,333.8,3306,3.24,0
2026-06-06 21:00:00,notification,57.76,67.23,381.96,4129,5.22,1
2026-06-06 21:00:00,order,50.03,44.85,410.8,4803,5.01,1
2026-06-06 21:00:00,payment,48.97,62.12,328.43,4237,3.77,0
2026-06-06 21:03:00,notification,50.83,59.77,387.1,3869,1.82,0
2026-06-06 21:03:00,payment,52.52,48.54,364.3,4393,1.81,1
2026-06-06 21:03:00,order,40.13,58.86,333.07,3450,2.34,0
2026-06-06 21:06:00,order,46.29,47.79,300.57,2065,0.92,0
2026-06-06 21:06:00,notification,51.28,59.88,325.89,4066,2.96,0
2026-06-06 21:06:00,payment,58.39,49.86,292.42,3944,3.56,1
2026-06-06 21:09:00,payment,39.86,54.22,387.11,4487,3.04,1
2026-06-06 21:09:00,notification,51.82,46.32,403.8,3825,2.45,0
2026-06-06 21:09:00,order,43.25,49.14,280.6,3013,3.85,0
2026-06-06 21:12:00,notification,53.48,58.08,324.0,3960,4.43,1
2026-06-06 21:12:00,payment,58.59,56.46,350.8,3778,2.3,0
2026-06-06 21:12:00,order,42.25,52.98,342.81,4198,1.41,1
2026-06-06 21:15:00,payment,49.86,57.11,399.55,3396,4.74,0
2026-06-06 21:15:00,notification,46.47,54.57,293.97,3227,1.18,0
2026-06-06 21:15:00,order,51.92,58.74,309.35,2947,2.41,0
2026-06-06 21:18:00,notification,42.45,42.95,343.41,3090,1.53,0
2026-06-06 21:18:00,payment,39.37,49.59,332.55,3529,2.5,0
2026-06-06 21:18:00,order,41.32,54.14,242.18,3704,1.58,0
2026-06-06 21:21:00,notification,47.87,46.46,187.44,4357,1.67,0
2026-06-06 21:21:00,payment,37.71,55.86,432.96,3899,6.28,0
2026-06-06 21:21:00,order,40.63,50.76,176.17,2683,3.48,0
2026-06-06 21:24:00,notification,42.49,48.5,335.2,3063,0.0,0
2026-06-06 21:24:00,order,51.3,56.81,310.86,3404,2.88,0
2026-06-06 21:24:00,payment,51.02,59.96,549.69,4916,5.92,0
2026-06-06 21:27:00,notification,58.66,65.15,521.06,4101,5.57,0
2026-06-06 21:27:00,payment,54.55,58.43,366.31,4722,3.75,0
2026-06-06 21:27:00,order,49.6,57.54,250.69,2859,2.79,1
2026-06-06 21:30:00,notification,55.82,65.83,505.71,4809,4.02,1
2026-06-06 21:30:00,payment,60.36,74.41,619.15,4952,3.62,0
2026-06-06 21:30:00,order,48.03,63.24,392.5,4191,3.44,0
2026-06-06 21:33:00,payment,60.84,56.68,503.23,4366,7.16,1
2026-06-06 21:33:00,order,55.03,53.9,442.98,3944,3.0,0
2026-06-06 21:33:00,notification,44.63,56.65,441.99,4649,3.77,1
2026-06-06 21:36:00,notification,52.37,52.33,234.11,3885,4.55,0
2026-06-06 21:36:00,order,54.89,61.15,461.15,4770,3.74,0
2026-06-06 21:36:00,payment,55.51,57.95,556.17,4363,5.15,1
2026-06-06 21:39:00,order,46.67,49.6,442.27,3604,2.26,1
2026-06-06 21:39:00,payment,53.61,58.4,563.79,4977,2.91,0
2026-06-06 21:39:00,notification,59.01,47.61,551.07,3879,3.34,0
2026-06-06 21:42:00,notification,52.09,49.63,297.71,4012,3.9,1
2026-06-06 21:42:00,payment,53.88,63.95,458.52,3920,5.6,1
2026-06-06 21:42:00,order,52.64,56.06,371.79,4040,3.19,0
2026-06-06 21:45:00,order,61.15,61.64,436.78,3726,5.42,1
2026-06-06 21:45:00,payment,57.11,61.02,553.58,4020,4.51,1
2026-06-06 21:45:00,notification,51.86,52.24,464.5,3885,1.85,1
2026-06-06 21:48:00,payment,57.17,55.8,518.0,4714,3.13,1
2026-06-06 21:48:00,notification,45.37,50.72,233.86,3520,1.66,0
2026-06-06 21:48:00,order,59.68,65.72,465.22,5614,4.62,0
2026-06-06 21:51:00,notification,48.28,55.29,258.74,3493,3.11,1
2026-06-06 21:51:00,order,46.57,60.49,530.83,5223,5.49,0
2026-06-06 21:51:00,payment,51.81,59.11,559.27,4324,5.58,0
2026-06-06 21:54:00,order,55.75,62.77,545.29,5114,4.28,1
2026-06-06 21:54:00,payment,61.74,56.78,491.6,4293,1.34,0
2026-06-06 21:54:00,notification,54.04,56.98,310.41,3802,1.76,0
2026-06-06 21:57:00,payment,54.91,64.17,606.92,4593,4.25,1
2026-06-06 21:57:00,order,50.17,53.68,426.52,4346,3.04,0
2026-06-06 21:57:00,notification,43.71,53.41,267.2,3336,0.16,1
2026-06-06 22:00:00,order,35.9,50.2,277.46,3202,1.21,0
2026-06-06 22:00:00,payment,52.45,75.29,476.59,4846,4.44,0
2026-06-06 22:00:00,notification,43.5,52.41,474.29,4107,4.61,0
2026-06-06 22:03:00,notification,41.36,58.63,386.94,4249,2.17,0
2026-06-06 22:03:00,order,40.65,47.56,318.26,3227,0.46,0
2026-06-06 22:03:00,payment,52.94,63.38,454.11,4464,5.39,1
2026-06-06 22:06:00,order,44.94,52.06,127.9,2985,0.05,0
2026-06-06 22:06:00,notification,46.89,52.49,418.65,3263,4.16,0
2026-06-06 22:06:00,payment,64.66,61.87,586.84,4318,7.66,1
2026-06-06 22:09:00,order,47.57,44.41,271.47,2724,2.37,0
2026-06-06 22:09:00,payment,57.78,59.31,574.79,4371,4.79,0
2026-06-06 22:09:00,notification,47.48,56.61,448.65,4347,3.55,0
2026-06-06 22:12:00,notification,40.34,53.49,268.77,4025,3.99,0
2026-06-06 22:12:00,payment,55.09,56.5,524.23,4649,5.85,0
2026-06-06 22:12:00,order,24.73,30.2,166.0,1631,0.0,0
2026-06-06 22:15:00,payment,61.75,64.29,403.25,4518,7.66,1
2026-06-06 22:15:00,notification,40.51,56.59,315.45,3545,2.25,0
2026-06-06 22:15:00,order,40.78,45.79,184.63,1646,0.88,0
2026-06-06 22:18:00,payment,65.43,60.96,374.06,3994,3.41,1
2026-06-06 22:18:00,order,27.68,41.39,60.78,2006,1.26,0
2026-06-06 22:18:00,notification,38.34,55.1,235.97,2466,1.61,0
2026-06-06 22:21:00,order,48.19,47.73,212.82,2462,0.3,0
2026-06-06 22:21:00,payment,51.99,53.67,308.35,3759,3.53,0
2026-06-06 22:21:00,notification,37.5,46.03,305.38,3170,2.24,0
2026-06-06 22:24:00,notification,53.07,51.05,235.03,2967,1.86,1
2026-06-06 22:24:00,order,39.1,41.73,304.19,2582,1.17,0
2026-06-06 22:24:00,payment,56.42,60.62,420.82,3642,1.11,1
2026-06-06 22:27:00,order,39.64,50.32,255.85,2896,1.89,0
2026-06-06 22:27:00,payment,57.41,56.5,403.97,3844,5.42,0
2026-06-06 22:27:00,notification,32.37,52.41,302.18,2911,1.71,0
2026-06-06 22:30:00,payment,49.89,62.24,360.23,3798,2.78,0
2026-06-06 22:30:00,notification,45.73,48.16,235.42,3085,1.33,0
2026-06-06 22:30:00,order,51.33,40.36,318.16,3745,1.25,0
2026-06-06 22:33:00,payment,52.71,59.02,322.99,4448,3.72,0
2026-06-06 22:33:00,order,49.42,59.61,430.51,3736,3.14,0
2026-06-06 22:33:00,notification,44.13,45.91,123.53,2645,2.32,0
2026-06-06 22:36:00,order,57.83,55.01,392.26,3898,3.8,1
2026-06-06 22:36:00,payment,48.13,59.43,410.89,4165,4.55,1
2026-06-06 22:36:00,notification,46.52,54.34,113.72,3201,0.73,0
2026-06-06 22:39:00,payment,57.21,57.75,487.26,4691,5.14,1
2026-06-06 22:39:00,notification,43.85,53.64,348.54,3281,3.41,0
2026-06-06 22:39:00,order,52.47,51.77,407.96,3772,3.44,1
2026-06-06 22:42:00,notification,56.13,53.95,305.85,3705,2.95,0
2026-06-06 22:42:00,order,28.71,60.54,295.83,4227,1.45,1
2026-06-06 22:42:00,payment,53.96,61.19,492.82,3737,4.3,1
2026-06-06 22:45:00,order,47.91,57.14,420.31,4108,3.45,0
2026-06-06 22:45:00,payment,51.91,63.25,490.43,4110,4.14,0
2026-06-06 22:45:00,notification,90.71,85.21,1761.22,7961,23.74,1
2026-06-06 22:48:00,order,52.98,55.72,440.69,4063,3.27,0
2026-06-06 22:48:00,payment,53.15,59.32,443.22,4115,6.91,0
2026-06-06 22:48:00,notification,80.64,74.46,1352.98,7556,15.32,1
2026-06-06 22:51:00,payment,54.49,62.84,604.03,4008,7.11,0
2026-06-06 22:51:00,notification,82.9,78.24,1082.78,7100,14.95,1
2026-06-06 22:51:00,order,57.43,52.64,332.43,3468,4.13,0
2026-06-06 22:54:00,order,52.5,60.29,371.12,3801,2.79,0
2026-06-06 22:54:00,notification,66.47,73.26,789.93,5604,9.17,0
2026-06-06 22:54:00,payment,58.66,54.6,392.69,5288,3.95,1
2026-06-06 22:57:00,notification,52.05,59.94,506.88,4781,8.44,0
2026-06-06 22:57:00,payment,52.89,62.34,323.45,4219,3.12,0
2026-06-06 22:57:00,order,54.13,51.37,295.65,3186,1.77,0
2026-06-06 23:00:00,payment,39.39,57.44,447.81,4283,1.96,0
2026-06-06 23:00:00,notification,61.96,67.9,590.39,4528,4.81,1
2026-06-06 23:00:00,order,36.55,55.98,234.73,2563,2.21,0
2026-06-06 23:03:00,order,45.57,54.09,256.68,2931,2.53,0
2026-06-06 23:03:00,payment,42.01,46.4,353.59,3694,5.33,0
2026-06-06 23:03:00,notification,65.39,61.21,542.67,5000,3.93,0
2026-06-06 23:06:00,order,50.58,59.22,296.16,3053,0.28,0
2026-06-06 23:06:00,payment,39.35,52.96,296.65,3958,2.64,0
2026-06-06 23:06:00,notification,52.91,47.66,400.07,3892,2.92,0
2026-06-06 23:09:00,order,40.37,60.35,392.98,3704,2.11,1
2026-06-06 23:09:00,payment,47.91,57.03,296.48,3268,3.44,0
2026-06-06 23:09:00,notification,42.94,53.7,220.04,3106,2.85,0
2026-06-06 23:12:00,order,58.95,54.34,415.88,3875,0.7,0
2026-06-06 23:12:00,payment,57.73,53.07,456.53,4880,4.79,0
2026-06-06 23:12:00,notification,48.32,52.16,278.43,3082,3.69,0
2026-06-06 23:15:00,payment,52.48,50.83,361.69,4170,5.66,0
2026-06-06 23:15:00,notification,51.27,52.26,199.82,3580,1.57,0
2026-06-06 23:15:00,order,52.44,56.05,399.28,3312,1.65,0
2026-06-06 23:18:00,notification,41.21,57.39,356.57,3694,3.61,0
2026-06-06 23:18:00,order,46.41,52.76,323.21,3295,4.09,0
2026-06-06 23:18:00,payment,42.56,52.74,209.53,3454,1.96,0
2026-06-06 23:21:00,payment,50.24,65.0,163.82,3701,1.21,0
2026-06-06 23:21:00,notification,31.04,57.25,219.57,2976,2.05,0
2026-06-06 23:21:00,order,50.55,61.56,404.41,3758,1.95,1
2026-06-06 23:24:00,notification,41.89,52.14,74.82,3053,2.67,0
2026-06-06 23:24:00,payment,49.82,54.26,336.97,3960,5.65,0
2026-06-06 23:24:00,order,42.68,54.4,359.92,3460,3.02,0
2026-06-06 23:27:00,order,52.67,53.22,313.73,2889,2.95,0
2026-06-06 23:27:00,payment,45.3,59.66,486.05,3980,4.38,0
2026-06-06 23:27:00,notification,48.73,46.99,194.55,3119,0.15,0
2026-06-06 23:30:00,payment,57.45,59.22,506.41,4036,4.05,0
2026-06-06 23:30:00,notification,34.19,39.12,220.07,3128,0.37,0
2026-06-06 23:30:00,order,54.96,66.34,428.19,3777,2.73,0
2026-06-06 23:33:00,payment,52.36,50.28,274.38,3608,4.13,0
2026-06-06 23:33:00,notification,37.24,54.21,338.93,2831,0.3,0
2026-06-06 23:33:00,order,56.19,56.02,338.1,4384,2.77,1
2026-06-06 23:36:00,order,51.67,53.28,252.78,4035,4.64,0
2026-06-06 23:36:00,notification,45.61,50.91,154.7,2838,1.74,0
2026-06-06 23:36:00,payment,51.44,52.59,205.06,3968,2.59,0
2026-06-06 23:39:00,notification,41.28,45.28,296.78,2778,2.69,0
2026-06-06 23:39:00,order,54.94,56.51,418.61,3969,4.71,0
2026-06-06 23:39:00,payment,39.61,47.44,242.69,2523,3.46,0
2026-06-06 23:42:00,payment,46.08,44.29,199.91,3003,1.33,0
2026-06-06 23:42:00,notification,44.36,51.54,351.64,3580,4.04,0
2026-06-06 23:42:00,order,51.22,63.27,350.0,3581,6.08,0
2026-06-06 23:45:00,notification,56.53,62.49,300.46,3494,1.91,1
2026-06-06 23:45:00,order,59.16,58.61,507.62,4061,0.26,1
2026-06-06 23:45:00,payment,37.64,39.13,227.83,2571,2.3,0
2026-06-06 23:48:00,order,59.51,62.64,413.41,4749,4.8,1
2026-06-06 23:48:00,notification,45.64,59.87,383.4,3579,3.27,1
2026-06-06 23:48:00,payment,39.74,43.26,30.0,2711,1.36,0
2026-06-06 23:51:00,notification,51.15,60.2,336.32,3908,3.12,0
2026-06-06 23:51:00,order,49.04,54.87,348.17,4122,0.0,0
2026-06-06 23:51:00,payment,31.07,46.45,318.24,1888,0.21,0
2026-06-06 23:54:00,order,48.04,43.44,274.51,3397,2.4,0
2026-06-06 23:54:00,notification,52.05,58.14,249.81,2827,0.13,0
2026-06-06 23:54:00,payment,33.39,42.75,201.39,2251,0.39,0
2026-06-06 23:57:00,order,36.03,47.19,277.91,2944,1.75,0
2026-06-06 23:57:00,notification,43.64,52.36,316.03,2860,2.2,0
2026-06-06 23:57:00,payment,19.94,47.69,119.47,1994,0.15,0
2026-06-07 00:00:00,payment,35.61,47.64,114.19,1684,1.19,0
2026-06-07 00:00:00,order,34.29,50.77,205.24,3513,0.57,0
2026-06-07 00:00:00,notification,47.25,43.61,295.77,2613,0.0,0
2026-06-07 00:03:00,payment,40.24,46.36,240.41,3316,0.56,0
2026-06-07 00:03:00,notification,46.09,49.22,125.99,3374,1.29,0
2026-06-07 00:03:00,order,44.44,54.12,206.92,3513,1.29,1
2026-06-07 00:06:00,notification,40.0,49.28,194.54,2563,0.24,0
2026-06-07 00:06:00,order,52.58,46.21,270.42,3193,1.37,0
2026-06-07 00:06:00,payment,40.68,46.44,254.01,2614,2.08,0
2026-06-07 00:09:00,order,41.66,46.83,243.52,3033,2.41,0
2026-06-07 00:09:00,notification,40.23,48.45,206.08,3007,2.18,0
2026-06-07 00:09:00,payment,56.23,49.31,267.19,3300,2.45,0
2026-06-07 00:12:00,payment,41.89,47.07,342.18,3187,2.81,0
2026-06-07 00:12:00,order,43.07,51.34,330.89,2891,0.72,0
2026-06-07 00:12:00,notification,50.0,49.45,230.11,2467,2.18,0
2026-06-07 00:15:00,payment,45.2,52.85,302.88,3043,2.77,0
2026-06-07 00:15:00,notification,49.92,53.51,223.74,2935,3.42,0
2026-06-07 00:15:00,order,41.75,59.97,369.92,3740,1.31,0
2026-06-07 00:18:00,notification,47.11,54.03,309.02,1909,1.58,1
2026-06-07 00:18:00,order,40.04,42.74,202.69,3850,2.86,0
2026-06-07 00:18:00,payment,43.7,55.37,343.49,3554,1.94,0
2026-06-07 00:21:00,notification,44.66,55.3,128.35,3135,2.14,0
2026-06-07 00:21:00,payment,46.74,64.06,381.33,3506,2.49,0
2026-06-07 00:21:00,order,41.86,39.88,353.88,3300,3.01,0
2026-06-07 00:24:00,notification,37.8,45.98,207.93,2491,0.26,0
2026-06-07 00:24:00,order,48.68,61.53,225.16,4093,5.24,0
2026-06-07 00:24:00,payment,56.19,58.02,356.03,3262,0.8,0
2026-06-07 00:27:00,order,44.23,45.35,265.73,3522,2.32,0
2026-06-07 00:27:00,payment,57.35,49.78,325.39,3553,2.34,0
2026-06-07 00:27:00,notification,28.63,40.53,155.78,2026,0.45,0
2026-06-07 00:30:00,payment,43.15,45.95,372.16,2853,1.09,0
2026-06-07 00:30:00,order,41.45,48.85,162.01,3086,2.44,1
2026-06-07 00:30:00,notification,43.0,54.49,169.03,2752,0.5,0
2026-06-07 00:33:00,payment,40.79,50.23,157.25,3256,1.99,0
2026-06-07 00:33:00,notification,39.53,49.84,87.25,2438,1.18,0
2026-06-07 00:33:00,order,44.52,46.42,221.96,3071,2.06,1
2026-06-07 00:36:00,payment,39.51,56.44,225.89,3298,1.24,0
2026-06-07 00:36:00,notification,40.36,44.64,250.33,2580,3.47,0
2026-06-07 00:36:00,order,49.22,52.0,179.26,2812,3.92,0
2026-06-07 00:39:00,payment,54.07,51.09,271.79,2332,0.0,0
2026-06-07 00:39:00,order,48.91,51.8,251.28,3156,0.88,0
2026-06-07 00:39:00,notification,58.74,40.96,151.28,3183,1.84,0
2026-06-07 00:42:00,order,36.38,61.4,296.26,3619,2.11,0
2026-06-07 00:42:00,payment,51.28,53.49,200.7,2935,4.48,0
2026-06-07 00:42:00,notification,51.77,54.1,267.47,4215,3.36,0
2026-06-07 00:45:00,payment,42.49,48.67,200.42,3178,1.28,0
2026-06-07 00:45:00,order,42.57,56.56,262.58,4355,2.41,0
2026-06-07 00:45:00,notification,47.12,53.15,209.26,2966,2.48,1
2026-06-07 00:48:00,order,49.73,49.19,233.09,3786,3.33,0
2026-06-07 00:48:00,notification,40.35,46.35,179.35,2824,2.24,0
2026-06-07 00:48:00,payment,32.11,50.92,267.64,2280,2.94,0
2026-06-07 00:51:00,order,54.65,47.55,257.44,4185,4.27,0
2026-06-07 00:51:00,payment,36.08,42.26,226.34,3281,1.05,0
2026-06-07 00:51:00,notification,47.25,51.02,251.76,2902,1.71,0
2026-06-07 00:54:00,payment,45.52,58.75,133.88,3311,3.81,0
2026-06-07 00:54:00,notification,51.42,59.04,340.47,2984,1.88,0
2026-06-07 00:54:00,order,52.18,59.08,363.43,3552,2.76,1
2026-06-07 00:57:00,payment,45.83,43.51,190.76,2519,0.09,0
2026-06-07 00:57:00,order,58.04,55.41,444.57,4148,4.48,1
2026-06-07 00:57:00,notification,41.29,43.66,151.27,3116,1.84,0
2026-06-07 01:00:00,payment,32.81,55.3,257.7,3209,2.1,0
2026-06-07 01:00:00,order,44.23,54.05,403.65,4052,1.61,0
2026-06-07 01:00:00,notification,40.88,54.63,190.25,3217,0.52,1
2026-06-07 01:03:00,order,51.23,60.24,424.51,3216,2.72,1
2026-06-07 01:03:00,notification,43.75,44.25,230.29,3115,0.74,0
2026-06-07 01:03:00,payment,41.99,48.87,237.54,3405,0.37,0
2026-06-07 01:06:00,order,62.99,47.18,346.14,4339,0.57,0
2026-06-07 01:06:00,payment,50.32,46.86,225.24,2369,4.34,0
2026-06-07 01:06:00,notification,37.55,42.79,207.62,3147,1.4,0
2026-06-07 01:09:00,order,45.36,49.38,271.11,3146,1.47,0
2026-06-07 01:09:00,payment,42.81,49.2,266.43,3014,1.41,0
2026-06-07 01:09:00,notification,36.11,45.77,238.32,2351,1.3,0
2026-06-07 01:12:00,order,36.63,46.78,143.72,2676,3.63,0
2026-06-07 01:12:00,notification,35.39,55.59,301.5,2907,0.0,0
2026-06-07 01:12:00,payment,51.97,50.76,214.47,3440,2.54,0
2026-06-07 01:15:00,notification,56.25,47.95,223.32,2633,0.77,0
2026-06-07 01:15:00,order,42.54,40.54,131.35,2596,1.28,0
2026-06-07 01:15:00,payment,46.33,51.28,143.3,2573,2.0,1
2026-06-07 01:18:00,order,38.32,54.76,194.07,2692,0.65,0
2026-06-07 01:18:00,payment,36.6,54.84,197.38,3171,1.53,0
2026-06-07 01:18:00,notification,37.57,51.03,211.02,2565,2.69,0
2026-06-07 01:21:00,payment,44.78,59.49,237.62,2925,2.74,1
2026-06-07 01:21:00,notification,35.51,42.4,260.79,3689,2.49,0
2026-06-07 01:21:00,order,37.57,44.62,276.19,2691,2.08,0
2026-06-07 01:24:00,payment,45.75,54.1,257.72,3291,3.75,0
2026-06-07 01:24:00,notification,27.19,50.26,123.8,2785,0.0,0
2026-06-07 01:24:00,order,47.64,52.75,340.22,3299,2.08,0
2026-06-07 01:27:00,payment,37.63,58.32,268.56,3192,2.39,0
2026-06-07 01:27:00,notification,51.67,49.39,327.31,3754,2.6,0
2026-06-07 01:27:00,order,37.13,49.42,304.97,3999,0.74,0
2026-06-07 01:30:00,order,48.3,38.24,360.23,2932,0.0,0
2026-06-07 01:30:00,notification,40.85,50.17,271.77,3602,6.23,0
2026-06-07 01:30:00,payment,39.35,51.76,277.84,2248,2.07,0
2026-06-07 01:33:00,order,51.4,51.6,327.26,3783,2.26,0
2026-06-07 01:33:00,notification,52.31,57.99,285.55,3469,3.71,0
2026-06-07 01:33:00,payment,53.08,55.73,286.4,2875,2.32,1
2026-06-07 01:36:00,order,36.24,55.85,284.0,3161,1.64,0
2026-06-07 01:36:00,payment,43.39,56.89,298.63,3821,4.94,1
2026-06-07 01:36:00,notification,42.88,46.2,267.27,3520,0.16,0
2026-06-07 01:39:00,order,46.25,46.21,345.35,3457,1.47,0
2026-06-07 01:39:00,payment,55.24,51.6,403.46,3688,2.05,0
2026-06-07 01:39:00,notification,49.27,50.43,175.24,2766,1.55,0
2026-06-07 01:42:00,payment,39.93,49.98,256.65,2718,0.0,0
2026-06-07 01:42:00,notification,39.99,52.8,449.52,2331,2.11,1
2026-06-07 01:42:00,order,44.74,48.9,224.28,3387,2.92,0
2026-06-07 01:45:00,notification,43.29,50.61,203.75,3032,1.29,0
2026-06-07 01:45:00,order,55.77,50.18,366.75,2864,3.73,0
2026-06-07 01:45:00,payment,43.84,52.82,243.05,2642,0.37,0
2026-06-07 01:48:00,payment,52.73,54.68,359.75,3912,1.44,0
2026-06-07 01:48:00,order,53.76,54.6,206.56,3356,2.78,0
2026-06-07 01:48:00,notification,47.91,42.86,154.94,3154,2.5,0
2026-06-07 01:51:00,notification,50.18,50.26,357.18,2392,2.9,0
2026-06-07 01:51:00,order,49.7,49.06,229.82,4020,1.29,0
2026-06-07 01:51:00,payment,49.36,59.94,353.5,3919,2.44,0
2026-06-07 01:54:00,notification,48.15,47.4,202.91,2709,0.71,0
2026-06-07 01:54:00,order,49.2,48.68,98.14,2985,1.46,0
2026-06-07 01:54:00,payment,60.08,65.35,350.81,4667,3.49,1
2026-06-07 01:57:00,payment,40.14,57.31,346.58,4143,3.33,0
2026-06-07 01:57:00,notification,47.03,48.69,168.18,3488,2.41,0
2026-06-07 01:57:00,order,38.31,47.53,205.63,3078,2.45,0
2026-06-07 02:00:00,notification,42.17,52.48,203.4,3250,0.59,0
2026-06-07 02:00:00,order,47.61,49.43,346.89,3424,3.0,0
2026-06-07 02:00:00,payment,56.46,43.9,457.56,3963,4.01,0
2026-06-07 02:03:00,order,43.84,59.9,200.21,3545,2.52,0
2026-06-07 02:03:00,payment,35.96,64.43,355.05,4243,3.26,0
2026-06-07 02:03:00,notification,46.11,42.81,326.57,2873,1.34,0
2026-06-07 02:06:00,order,39.96,46.83,248.66,3006,1.35,0
2026-06-07 02:06:00,payment,49.28,54.44,339.48,3562,2.07,1
2026-06-07 02:06:00,notification,36.94,47.71,263.23,2853,3.75,0
2026-06-07 02:09:00,payment,51.76,48.42,225.83,3844,3.33,0
2026-06-07 02:09:00,notification,41.51,50.06,178.04,3049,0.55,0
2026-06-07 02:09:00,order,42.57,52.2,196.84,2828,2.65,0
2026-06-07 02:12:00,notification,49.31,55.25,251.9,2833,2.24,0
2026-06-07 02:12:00,payment,48.6,45.42,131.75,3706,2.47,0
2026-06-07 02:12:00,order,48.83,61.2,310.24,4010,4.28,1
2026-06-07 02:15:00,notification,46.02,38.28,228.24,2993,0.0,0
2026-06-07 02:15:00,payment,35.49,48.02,311.78,3427,3.48,0
2026-06-07 02:15:00,order,45.38,51.81,213.15,3224,3.11,0
2026-06-07 02:18:00,notification,31.4,46.82,206.85,2449,0.28,0
2026-06-07 02:18:00,payment,39.01,49.21,254.51,3231,3.04,0
2026-06-07 02:18:00,order,43.1,50.15,230.93,3454,5.14,1
2026-06-07 02:21:00,payment,43.98,50.1,275.72,4546,2.0,0
2026-06-07 02:21:00,order,44.05,52.69,326.09,2649,2.54,1
2026-06-07 02:21:00,notification,40.64,44.78,70.23,3108,0.18,0
2026-06-07 02:24:00,payment,49.64,50.73,268.38,3632,4.06,0
2026-06-07 02:24:00,notification,34.26,50.43,117.67,2702,0.06,0
2026-06-07 02:24:00,order,47.05,46.52,175.48,2862,2.74,0
2026-06-07 02:27:00,order,39.81,40.25,240.62,2907,2.36,0
2026-06-07 02:27:00,payment,32.45,53.5,321.05,3250,2.12,0
2026-06-07 02:27:00,notification,38.93,43.88,99.4,2572,0.0,0
2026-06-07 02:30:00,payment,43.97,60.5,289.99,3081,2.66,0
2026-06-07 02:30:00,notification,52.7,49.11,213.09,2832,0.11,0
2026-06-07 02:30:00,order,32.13,45.51,195.8,3688,0.97,0
2026-06-07 02:33:00,notification,31.19,44.22,298.25,2529,0.0,0
2026-06-07 02:33:00,order,47.77,58.29,208.45,2896,0.23,0
2026-06-07 02:33:00,payment,44.29,53.07,156.57,2462,2.32,0
2026-06-07 02:36:00,payment,43.54,56.97,324.5,3735,1.74,0
2026-06-07 02:36:00,notification,34.99,47.09,106.03,3339,0.5,0
2026-06-07 02:36:00,order,51.65,55.28,291.35,3523,1.19,0
2026-06-07 02:39:00,order,48.29,52.51,245.97,2519,1.14,1
2026-06-07 02:39:00,notification,47.64,55.78,206.58,3289,1.04,0
2026-06-07 02:39:00,payment,51.59,52.17,298.37,3333,2.6,0
2026-06-07 02:42:00,payment,52.18,56.62,314.87,4189,2.83,0
2026-06-07 02:42:00,notification,50.31,55.29,187.73,2308,2.24,0
2026-06-07 02:42:00,order,35.01,52.27,232.2,2385,0.0,0
2026-06-07 02:45:00,order,39.6,46.53,184.96,2817,0.85,1
2026-06-07 02:45:00,payment,44.93,55.98,284.99,3998,1.4,0
2026-06-07 02:45:00,notification,47.94,53.82,377.71,3538,4.36,0
2026-06-07 02:48:00,payment,29.14,44.27,146.68,2977,0.0,0
2026-06-07 02:48:00,order,43.13,48.27,117.44,2701,1.33,0
2026-06-07 02:48:00,notification,56.02,59.07,430.53,4112,3.19,0
2026-06-07 02:51:00,notification,49.36,68.17,364.65,3615,3.35,0
2026-06-07 02:51:00,payment,37.79,42.25,73.87,2052,0.0,0
2026-06-07 02:51:00,order,32.59,43.92,65.56,2447,2.46,0
2026-06-07 02:54:00,order,32.78,47.08,30.0,2239,0.0,0
2026-06-07 02:54:00,payment,36.36,52.95,256.7,2741,1.65,0
2026-06-07 02:54:00,notification,51.21,51.07,356.1,3136,1.86,0
2026-06-07 02:57:00,order,40.55,45.45,177.31,2734,2.39,0
2026-06-07 02:57:00,notification,45.77,54.14,255.14,3037,2.47,0
2026-06-07 02:57:00,payment,38.2,53.79,191.64,1762,2.66,0
2026-06-07 03:00:00,notification,45.71,53.31,275.51,3658,2.96,0
2026-06-07 03:00:00,order,49.67,47.52,266.45,2246,1.8,0
2026-06-07 03:00:00,payment,43.29,47.61,226.58,2651,2.15,0
2026-06-07 03:03:00,notification,52.55,59.17,342.35,3413,1.64,1
2026-06-07 03:03:00,payment,54.08,45.67,277.14,3575,1.61,0
2026-06-07 03:03:00,order,44.81,54.25,184.94,2991,2.06,0
2026-06-07 03:06:00,order,41.84,50.41,240.39,3133,1.78,0
2026-06-07 03:06:00,notification,43.07,50.87,243.11,3121,3.64,0
2026-06-07 03:06:00,payment,48.76,53.05,349.89,3527,1.78,0
2026-06-07 03:09:00,order,43.81,54.0,212.17,3621,4.37,0
2026-06-07 03:09:00,notification,52.99,56.37,292.77,3438,1.46,0
2026-06-07 03:09:00,payment,52.0,47.05,188.52,3351,2.31,0
2026-06-07 03:12:00,order,41.09,54.47,202.26,3535,0.92,0
2026-06-07 03:12:00,payment,38.91,53.71,240.33,3351,1.14,0
2026-06-07 03:12:00,notification,55.25,54.4,306.42,4121,2.29,0
2026-06-07 03:15:00,order,44.01,52.03,406.4,2220,1.44,0
2026-06-07 03:15:00,payment,48.55,54.19,318.08,3902,0.0,0
2026-06-07 03:15:00,notification,56.97,55.15,353.58,4419,3.47,0
2026-06-07 03:18:00,order,52.93,52.45,262.11,3286,2.65,0
2026-06-07 03:18:00,notification,62.45,55.14,278.88,3665,0.98,0
2026-06-07 03:18:00,payment,47.23,51.99,216.02,3449,0.46,0
2026-06-07 03:21:00,notification,54.66,57.98,250.0,3877,2.63,0
2026-06-07 03:21:00,payment,58.98,57.95,388.86,4646,4.82,1
2026-06-07 03:21:00,order,38.08,48.44,246.84,4408,3.19,0
2026-06-07 03:24:00,notification,55.61,54.99,479.88,4415,3.8,0
2026-06-07 03:24:00,payment,48.71,59.13,290.17,3713,5.48,1
2026-06-07 03:24:00,order,60.84,52.4,340.36,4410,3.76,0
2026-06-07 03:27:00,payment,51.61,59.25,397.26,4146,4.42,0
2026-06-07 03:27:00,order,65.21,60.19,380.5,4150,3.22,0
2026-06-07 03:27:00,notification,55.92,58.18,389.98,4556,2.76,0
2026-06-07 03:30:00,notification,47.46,62.02,329.81,4126,3.36,0
2026-06-07 03:30:00,order,48.75,56.45,261.22,3289,2.98,0
2026-06-07 03:30:00,payment,61.5,53.73,538.61,4111,4.0,0
2026-06-07 03:33:00,notification,50.17,50.14,461.9,3763,1.97,0
2026-06-07 03:33:00,order,45.47,50.82,361.26,4075,3.63,0
2026-06-07 03:33:00,payment,50.3,54.84,398.25,4652,1.32,0
2026-06-07 03:36:00,notification,44.61,57.4,336.06,3296,1.98,1
2026-06-07 03:36:00,payment,45.56,59.31,267.8,4041,3.12,0
2026-06-07 03:36:00,order,56.26,56.75,278.32,3046,2.6,0
2026-06-07 03:39:00,notification,64.35,65.72,420.84,4484,5.43,1
2026-06-07 03:39:00,payment,65.96,63.83,398.76,4652,3.68,0
2026-06-07 03:39:00,order,48.59,53.86,246.05,3172,4.39,1
2026-06-07 03:42:00,notification,46.09,57.04,283.67,3943,3.24,0
2026-06-07 03:42:00,order,45.62,59.03,270.7,3737,3.08,0
2026-06-07 03:42:00,payment,37.08,48.57,339.39,2868,2.62,1
2026-06-07 03:45:00,payment,38.15,48.44,336.43,3107,1.81,0
2026-06-07 03:45:00,order,43.64,65.77,320.29,3917,2.36,1
2026-06-07 03:45:00,notification,50.52,58.81,428.4,4486,4.98,1
2026-06-07 03:48:00,order,43.35,54.7,305.99,3363,3.48,0
2026-06-07 03:48:00,notification,51.84,58.07,421.54,3618,4.18,0
2026-06-07 03:48:00,payment,39.25,48.92,183.36,2396,2.3,0
2026-06-07 03:51:00,payment,41.65,45.98,103.35,2993,3.48,0
2026-06-07 03:51:00,notification,44.99,52.09,278.99,3630,5.25,0
2026-06-07 03:51:00,order,48.89,50.01,344.08,3643,0.0,0
2026-06-07 03:54:00,payment,40.27,53.86,227.73,2317,0.83,0
2026-06-07 03:54:00,order,57.9,61.24,469.62,4068,2.04,0
2026-06-07 03:54:00,notification,44.85,53.3,376.94,3938,1.95,0
2026-06-07 03:57:00,payment,41.66,55.27,314.98,3090,4.87,0
2026-06-07 03:57:00,order,54.28,52.35,307.44,3881,3.15,0
2026-06-07 03:57:00,notification,46.7,62.93,289.44,3670,1.01,0
2026-06-07 04:00:00,order,53.84,67.44,294.49,4387,1.64,0
2026-06-07 04:00:00,notification,51.11,51.65,260.85,2855,0.09,0
2026-06-07 04:00:00,payment,47.11,61.03,297.33,3143,0.07,0
2026-06-07 04:03:00,notification,37.2,51.97,262.64,3801,1.25,0
2026-06-07 04:03:00,payment,38.35,53.49,314.36,3300,0.93,0
2026-06-07 04:03:00,order,44.21,46.05,214.77,4063,3.02,0
2026-06-07 04:06:00,notification,39.71,44.66,133.64,2831,2.76,1
2026-06-07 04:06:00,payment,58.24,63.24,205.76,2620,2.15,0
2026-06-07 04:06:00,order,56.86,59.04,368.86,3896,4.12,0
2026-06-07 04:09:00,notification,40.14,47.54,133.98,2617,1.71,0
2026-06-07 04:09:00,order,48.51,55.18,266.26,3234,4.71,0
2026-06-07 04:09:00,payment,45.13,49.31,296.02,3310,2.76,0
2026-06-07 04:12:00,notification,42.14,40.91,198.43,2356,0.8,0
2026-06-07 04:12:00,payment,48.29,61.52,97.29,3598,1.59,0
2026-06-07 04:12:00,order,56.79,49.73,221.46,3180,1.29,0
2026-06-07 04:15:00,payment,43.21,55.18,197.37,3434,1.29,1
2026-06-07 04:15:00,notification,59.36,49.15,227.41,3162,4.23,0
2026-06-07 04:15:00,order,42.42,49.9,312.89,3370,2.76,0
2026-06-07 04:18:00,notification,53.8,37.59,220.31,3708,0.28,0
2026-06-07 04:18:00,payment,39.31,54.84,201.57,2314,3.97,1
2026-06-07 04:18:00,order,51.53,61.49,384.29,2756,4.16,0
2026-06-07 04:21:00,notification,54.89,51.26,229.52,3706,3.01,0
2026-06-07 04:21:00,order,65.31,60.05,419.52,4499,3.5,0
2026-06-07 04:21:00,payment,43.32,50.44,245.52,2546,1.38,0
2026-06-07 04:24:00,payment,35.25,55.0,166.36,3342,0.56,0
2026-06-07 04:24:00,notification,42.98,58.04,410.28,4576,2.63,0
2026-06-07 04:24:00,order,56.03,54.43,350.56,3451,3.94,0
2026-06-07 04:27:00,payment,49.38,62.81,311.96,4400,4.91,0
2026-06-07 04:27:00,order,53.72,63.41,281.8,3318,2.52,1
2026-06-07 04:27:00,notification,47.51,47.82,341.84,3046,4.03,0
2026-06-07 04:30:00,payment,47.47,49.87,353.55,3335,3.8,0
2026-06-07 04:30:00,notification,50.37,49.82,264.09,3613,1.63,0
2026-06-07 04:30:00,order,50.84,54.0,319.51,3493,4.18,1
2026-06-07 04:33:00,order,51.77,60.29,432.0,3698,2.22,1
2026-06-07 04:33:00,notification,37.18,47.32,189.51,2462,3.06,0
2026-06-07 04:33:00,payment,59.34,56.52,375.59,4818,4.65,1
2026-06-07 04:36:00,order,51.46,50.8,424.47,4023,1.52,0
2026-06-07 04:36:00,notification,43.74,54.65,399.72,3330,1.63,0
2026-06-07 04:36:00,payment,44.37,45.99,369.09,3895,3.39,0
2026-06-07 04:39:00,payment,47.51,55.32,398.05,3052,1.37,0
2026-06-07 04:39:00,notification,48.43,47.22,290.15,3768,4.65,0
2026-06-07 04:39:00,order,49.2,51.12,439.22,4323,2.94,1
2026-06-07 04:42:00,notification,47.72,55.94,207.5,2431,1.74,0
2026-06-07 04:42:00,payment,43.67,50.51,297.64,3005,2.71,0
2026-06-07 04:42:00,order,45.1,62.58,480.39,4705,3.74,1
2026-06-07 04:45:00,notification,51.74,57.52,200.43,2751,1.71,0
2026-06-07 04:45:00,payment,57.93,53.68,403.65,3960,0.83,1
2026-06-07 04:45:00,order,53.73,56.83,313.73,4034,3.31,0
2026-06-07 04:48:00,order,41.55,66.77,388.26,3437,3.52,0
2026-06-07 04:48:00,notification,45.03,50.79,341.97,3044,2.13,0
2026-06-07 04:48:00,payment,44.77,69.99,275.87,3781,3.09,0
2026-06-07 04:51:00,payment,51.11,62.06,410.69,4079,3.13,0
2026-06-07 04:51:00,notification,39.73,57.15,170.02,2868,2.37,0
2026-06-07 04:51:00,order,54.93,52.72,332.28,3797,2.18,1
2026-06-07 04:54:00,order,48.69,59.22,381.46,3830,1.73,1
2026-06-07 04:54:00,notification,43.96,54.43,188.22,3009,3.11,0
2026-06-07 04:54:00,payment,53.37,46.12,358.67,2988,3.6,0
2026-06-07 04:57:00,order,43.89,53.84,402.14,3813,4.68,0
2026-06-07 04:57:00,payment,45.27,54.9,247.49,3363,1.94,0
2026-06-07 04:57:00,notification,44.76,51.92,270.56,3330,3.39,0
2026-06-07 05:00:00,order,58.29,59.51,426.1,3911,2.61,0
2026-06-07 05:00:00,notification,46.51,45.61,243.22,2231,0.0,0
2026-06-07 05:00:00,payment,44.27,61.52,368.04,4006,4.29,0
2026-06-07 05:03:00,payment,43.58,55.19,382.1,3863,2.12,0
2026-06-07 05:03:00,order,39.55,57.74,339.36,3572,1.87,1
2026-06-07 05:03:00,notification,30.09,49.82,141.89,2364,0.98,0
2026-06-07 05:06:00,payment,60.53,60.82,483.0,4156,5.29,1
2026-06-07 05:06:00,order,51.45,59.86,472.52,4283,4.54,0
2026-06-07 05:06:00,notification,38.02,46.34,138.16,2367,0.17,0
2026-06-07 05:09:00,notification,42.9,44.5,187.28,2455,2.1,0
2026-06-07 05:09:00,payment,46.36,60.09,480.58,4008,4.55,0
2026-06-07 05:09:00,order,54.6,58.48,593.94,4960,3.75,1
2026-06-07 05:12:00,order,60.45,61.77,497.58,4706,4.54,1
2026-06-07 05:12:00,payment,56.25,51.95,333.8,4220,2.77,0
2026-06-07 05:12:00,notification,40.87,57.68,123.76,2882,0.55,0
2026-06-07 05:15:00,notification,41.74,52.27,204.66,3083,3.87,0
2026-06-07 05:15:00,payment,50.46,50.04,357.53,3827,3.39,1
2026-06-07 05:15:00,order,52.97,55.44,563.5,4829,5.45,0
2026-06-07 05:18:00,notification,49.33,49.52,425.14,2839,1.81,0
2026-06-07 05:18:00,order,61.84,59.81,404.44,4386,2.31,0
2026-06-07 05:18:00,payment,50.82,55.03,182.27,3676,3.81,0
2026-06-07 05:21:00,order,43.76,43.02,382.49,4525,1.66,0
2026-06-07 05:21:00,notification,46.85,59.21,484.26,3827,1.51,0
2026-06-07 05:21:00,payment,52.08,55.25,311.01,4132,2.74,0
2026-06-07 05:24:00,notification,56.78,57.02,352.58,3558,3.39,0
2026-06-07 05:24:00,payment,47.83,54.74,491.39,3619,2.63,0
2026-06-07 05:24:00,order,76.44,54.11,345.96,4025,2.82,0
2026-06-07 05:27:00,notification,45.16,55.0,276.99,3442,3.09,0
2026-06-07 05:27:00,order,41.48,58.07,226.2,4074,2.67,0
2026-06-07 05:27:00,payment,47.59,54.33,319.53,3377,3.83,0
2026-06-07 05:30:00,order,67.11,59.26,412.24,3542,4.32,1
2026-06-07 05:30:00,notification,36.5,55.89,352.79,4163,1.96,0
2026-06-07 05:30:00,payment,60.79,60.44,377.39,4837,5.12,1
2026-06-07 05:33:00,notification,47.82,50.36,237.23,3803,4.66,0
2026-06-07 05:33:00,payment,53.4,65.89,502.85,4126,3.66,0
2026-06-07 05:33:00,order,58.83,49.25,404.21,4113,3.73,0
2026-06-07 05:36:00,order,45.46,55.02,246.24,3618,2.66,0
2026-06-07 05:36:00,payment,43.84,63.75,653.3,4692,4.45,0
2026-06-07 05:36:00,notification,53.02,67.14,526.42,4035,4.03,1
2026-06-07 05:39:00,order,45.74,44.92,262.87,2721,0.52,0
2026-06-07 05:39:00,notification,52.4,68.07,438.83,4725,3.43,0
2026-06-07 05:39:00,payment,62.54,70.82,545.65,4417,5.73,1
2026-06-07 05:42:00,payment,57.38,63.41,547.32,4942,7.82,1
2026-06-07 05:42:00,notification,46.47,53.62,403.25,3453,3.02,0
2026-06-07 05:42:00,order,46.18,52.18,287.13,3406,2.71,1
2026-06-07 05:45:00,notification,53.41,58.15,480.62,3957,3.09,0
2026-06-07 05:45:00,order,51.79,58.96,227.69,3431,1.4,0
2026-06-07 05:45:00,payment,63.15,65.11,469.42,4262,8.24,1
2026-06-07 05:48:00,payment,65.23,59.43,488.03,4242,5.36,1
2026-06-07 05:48:00,order,43.14,48.45,281.34,3445,3.41,0
2026-06-07 05:48:00,notification,55.34,64.55,455.87,3415,6.15,0
2026-06-07 05:51:00,order,54.18,62.45,249.61,3509,2.92,0
2026-06-07 05:51:00,notification,52.09,58.81,518.14,4679,2.99,1
2026-06-07 05:51:00,payment,52.88,60.67,319.65,4289,2.0,1
2026-06-07 05:54:00,payment,64.49,58.68,530.98,4646,7.51,0
2026-06-07 05:54:00,notification,53.03,61.97,326.02,4029,1.65,0
2026-06-07 05:54:00,order,49.58,55.39,322.27,3610,2.43,1
2026-06-07 05:57:00,payment,60.41,73.05,559.38,4954,6.64,1
2026-06-07 05:57:00,notification,53.19,54.37,330.37,3840,1.76,0
2026-06-07 05:57:00,order,42.28,56.19,398.39,3507,3.04,1
2026-06-07 06:00:00,notification,44.63,48.62,193.49,3059,0.77,0
2026-06-07 06:00:00,order,48.22,57.09,222.57,3150,1.37,0
2026-06-07 06:00:00,payment,66.85,53.13,463.79,4321,2.29,0
2026-06-07 06:03:00,payment,53.25,72.1,660.06,5128,4.19,1
2026-06-07 06:03:00,notification,44.13,44.18,162.78,2932,0.0,0
2026-06-07 06:03:00,order,48.69,56.87,321.87,3413,1.53,0
2026-06-07 06:06:00,notification,48.39,47.1,286.8,3269,1.5,0
2026-06-07 06:06:00,payment,60.08,64.41,600.03,4618,5.0,0
2026-06-07 06:06:00,order,45.53,59.26,294.0,3439,1.63,1
2026-06-07 06:09:00,notification,31.54,44.73,185.67,1436,0.0,0
2026-06-07 06:09:00,payment,67.94,69.91,743.24,4384,7.96,1
2026-06-07 06:09:00,order,46.23,51.08,312.31,3256,4.69,0
2026-06-07 06:12:00,order,53.93,50.55,299.13,3345,2.72,0
2026-06-07 06:12:00,payment,56.85,68.82,564.85,4718,2.05,1
2026-06-07 06:12:00,notification,41.28,40.78,195.68,2778,0.92,0
2026-06-07 06:15:00,order,57.36,54.66,388.14,3103,2.61,0
2026-06-07 06:15:00,payment,63.23,65.02,460.08,4718,4.26,0
2026-06-07 06:15:00,notification,53.26,48.79,194.11,2181,0.68,0
2026-06-07 06:18:00,payment,51.81,55.46,413.65,3981,4.81,0
2026-06-07 06:18:00,order,52.88,60.91,491.42,3860,4.52,0
2026-06-07 06:18:00,notification,41.74,36.14,185.91,2866,2.82,0
2026-06-07 06:21:00,payment,61.28,57.42,296.78,4087,0.0,0
2026-06-07 06:21:00,order,57.8,50.83,390.42,4184,3.33,0
2026-06-07 06:21:00,notification,38.37,53.1,235.79,3440,0.07,0
2026-06-07 06:24:00,payment,64.79,66.46,416.48,3611,4.17,1
2026-06-07 06:24:00,notification,47.94,55.03,255.35,2779,2.37,0
2026-06-07 06:24:00,order,63.2,63.54,498.27,4318,1.58,0
2026-06-07 06:27:00,notification,48.49,51.14,364.91,3352,2.62,0
2026-06-07 06:27:00,payment,53.02,52.07,322.06,4142,4.14,0
2026-06-07 06:27:00,order,65.14,63.45,525.13,4524,7.12,1
2026-06-07 06:30:00,payment,56.67,68.82,506.14,4790,2.58,1
2026-06-07 06:30:00,notification,47.08,59.63,552.57,4289,3.12,0
2026-06-07 06:30:00,order,59.66,60.54,474.28,4340,4.07,0
2026-06-07 06:33:00,payment,66.46,65.19,498.26,4747,3.94,1
2026-06-07 06:33:00,notification,53.63,57.12,516.54,4224,3.81,0
2026-06-07 06:33:00,order,51.73,61.73,567.05,5272,3.63,0
2026-06-07 06:36:00,payment,50.21,59.42,506.21,4429,3.67,0
2026-06-07 06:36:00,order,60.54,60.11,412.02,4356,3.89,1
2026-06-07 06:36:00,notification,48.53,57.97,420.98,3766,4.62,0
2026-06-07 06:39:00,notification,46.61,59.57,435.13,4200,2.62,1
2026-06-07 06:39:00,order,52.25,60.47,309.15,3869,2.99,0
2026-06-07 06:39:00,payment,47.62,55.57,436.13,4280,0.96,0
2026-06-07 06:42:00,notification,66.09,63.89,552.75,4594,6.05,1
2026-06-07 06:42:00,order,56.98,62.45,359.97,3732,3.15,0
2026-06-07 06:42:00,payment,62.89,58.8,419.6,4958,3.74,1
2026-06-07 06:45:00,order,46.85,70.27,384.34,4483,3.08,0
2026-06-07 06:45:00,payment,59.15,51.96,627.99,4700,5.02,1
2026-06-07 06:45:00,notification,41.94,57.85,422.61,4283,4.33,1
2026-06-07 06:48:00,notification,62.4,60.06,311.9,4864,4.74,0
2026-06-07 06:48:00,payment,53.96,57.81,419.55,5161,2.65,0
2026-06-07 06:48:00,order,45.78,55.7,300.8,3103,0.44,0
2026-06-07 06:51:00,payment,53.38,56.87,383.37,4198,4.75,0
2026-06-07 06:51:00,notification,53.67,63.15,346.69,3821,3.38,0
2026-06-07 06:51:00,order,43.26,50.02,295.95,3139,3.17,0
2026-06-07 06:54:00,notification,57.99,56.88,292.75,3195,4.57,0
2026-06-07 06:54:00,order,41.83,45.67,317.06,3389,3.9,0
2026-06-07 06:54:00,payment,41.69,55.1,421.95,4116,4.43,0
2026-06-07 06:57:00,notification,58.62,53.28,308.7,3692,3.85,0
2026-06-07 06:57:00,order,48.28,49.87,381.37,3911,1.19,0
2026-06-07 06:57:00,payment,55.41,64.67,477.17,4203,4.78,0
2026-06-07 07:00:00,order,49.12,56.09,511.35,4445,4.66,0
2026-06-07 07:00:00,notification,53.78,58.99,253.0,3309,1.94,0
2026-06-07 07:00:00,payment,46.22,54.92,343.53,3835,2.49,0
2026-06-07 07:03:00,payment,53.46,50.47,231.45,2693,3.27,0
2026-06-07 07:03:00,notification,46.5,60.34,321.75,4206,4.29,0
2026-06-07 07:03:00,order,57.55,62.34,511.27,4204,2.77,0
2026-06-07 07:06:00,payment,58.65,56.03,362.94,3829,4.97,1
2026-06-07 07:06:00,notification,47.32,60.67,315.57,3664,3.28,0
2026-06-07 07:06:00,order,45.56,55.06,315.25,3794,2.72,0
2026-06-07 07:09:00,payment,57.32,60.43,450.08,3965,3.24,0
2026-06-07 07:09:00,notification,52.08,58.65,323.99,3760,4.4,0
2026-06-07 07:09:00,order,44.36,56.04,361.95,2996,2.89,0
2026-06-07 07:12:00,order,49.9,51.62,345.09,4460,3.82,0
2026-06-07 07:12:00,payment,54.23,57.32,433.26,4026,4.14,0
2026-06-07 07:12:00,notification,58.55,59.72,506.14,4454,3.32,0
2026-06-07 07:15:00,order,64.98,61.14,345.46,4279,4.19,1
2026-06-07 07:15:00,notification,68.75,64.97,421.09,4187,5.18,1
2026-06-07 07:15:00,payment,42.73,53.33,370.17,4692,4.12,0
2026-06-07 07:18:00,order,49.74,63.04,443.84,4377,2.07,0
2026-06-07 07:18:00,notification,51.79,67.87,692.17,4095,2.73,1
2026-06-07 07:18:00,payment,55.63,57.78,379.8,3977,3.78,0
2026-06-07 07:21:00,order,45.7,56.75,527.27,3890,3.84,0
2026-06-07 07:21:00,notification,58.66,55.18,330.35,4247,3.96,0
2026-06-07 07:21:00,payment,58.08,58.77,401.45,3425,5.85,0
2026-06-07 07:24:00,order,46.14,60.95,372.47,4044,4.35,0
2026-06-07 07:24:00,payment,58.23,50.33,319.79,3446,2.1,0
2026-06-07 07:24:00,notification,52.03,56.19,320.28,3991,3.93,0
2026-06-07 07:27:00,payment,61.82,53.19,263.97,3740,2.11,0
2026-06-07 07:27:00,order,49.56,57.18,418.72,4708,3.03,0
2026-06-07 07:27:00,notification,50.17,59.85,258.03,3190,3.51,0
2026-06-07 07:30:00,payment,40.47,58.81,253.98,3835,2.01,0
2026-06-07 07:30:00,order,53.34,55.38,395.69,3632,3.67,0
2026-06-07 07:30:00,notification,58.18,59.55,399.06,3395,1.78,0
2026-06-07 07:33:00,payment,48.63,59.06,311.75,4484,3.89,0
2026-06-07 07:33:00,order,75.7,68.19,604.92,5314,6.11,1
2026-06-07 07:33:00,notification,37.57,58.4,192.0,4184,3.06,0
2026-06-07 07:36:00,order,67.89,67.68,627.85,4934,6.96,1
2026-06-07 07:36:00,payment,48.56,56.79,449.66,4439,3.18,0
2026-06-07 07:36:00,notification,50.77,60.27,405.65,3920,1.98,0
2026-06-07 07:39:00,order,60.58,68.91,747.47,5240,5.73,1
2026-06-07 07:39:00,payment,51.13,58.85,311.81,4113,1.99,0
2026-06-07 07:39:00,notification,40.84,49.23,254.46,3760,2.39,0
2026-06-07 07:42:00,order,71.85,69.24,524.56,5552,6.08,1
2026-06-07 07:42:00,payment,51.84,51.97,348.82,3833,5.2,1
2026-06-07 07:42:00,notification,52.19,58.25,314.56,3894,0.0,1
2026-06-07 07:45:00,order,55.93,62.27,608.59,4574,3.9,0
2026-06-07 07:45:00,notification,49.15,48.53,390.73,3477,1.37,0
2026-06-07 07:45:00,payment,53.69,54.95,418.94,4719,6.23,0
2026-06-07 07:48:00,payment,62.55,59.53,545.3,4060,4.03,1
2026-06-07 07:48:00,notification,56.65,50.59,242.82,3290,2.2,0
2026-06-07 07:48:00,order,56.17,61.82,543.8,3579,5.43,0
2026-06-07 07:51:00,order,54.37,60.05,624.01,4068,2.47,1
2026-06-07 07:51:00,payment,49.99,68.45,419.87,4828,2.84,0
2026-06-07 07:51:00,notification,59.06,47.63,360.46,4027,2.26,0
2026-06-07 07:54:00,notification,46.52,53.21,283.03,3786,4.86,1
2026-06-07 07:54:00,payment,49.93,61.43,482.41,4283,6.6,1
2026-06-07 07:54:00,order,63.43,63.26,502.34,4518,5.05,1
2026-06-07 07:57:00,payment,47.78,57.33,410.77,3574,4.31,0
2026-06-07 07:57:00,order,58.23,62.01,522.97,5321,6.16,1
2026-06-07 07:57:00,notification,52.41,58.88,399.48,3213,2.53,1
2026-06-07 08:00:00,payment,51.85,66.5,420.83,4400,4.27,0
2026-06-07 08:00:00,order,67.42,63.1,570.04,4477,4.82,1
2026-06-07 08:00:00,notification,63.12,59.26,425.21,4195,3.53,0
2026-06-07 08:03:00,order,59.88,57.94,521.25,5133,5.35,0
2026-06-07 08:03:00,payment,50.2,60.35,513.74,5104,4.9,1
2026-06-07 08:03:00,notification,58.83,59.2,384.92,4631,2.24,0
2026-06-07 08:06:00,notification,58.71,61.27,505.88,3836,2.65,0
2026-06-07 08:06:00,order,62.87,56.52,551.4,3599,5.02,1
2026-06-07 08:06:00,payment,56.73,72.5,489.28,4324,3.65,0
2026-06-07 08:09:00,order,43.83,54.84,466.13,4038,2.3,0
2026-06-07 08:09:00,payment,53.58,56.7,476.75,4848,3.42,1
2026-06-07 08:09:00,notification,67.69,64.21,497.36,5251,5.84,0
2026-06-07 08:12:00,notification,66.45,56.35,486.65,4409,4.02,0
2026-06-07 08:12:00,payment,48.83,53.33,405.0,3450,4.46,0
2026-06-07 08:12:00,order,46.85,63.43,397.79,4904,3.2,0
2026-06-07 08:15:00,payment,59.74,58.36,532.07,3736,3.36,1
2026-06-07 08:15:00,notification,57.12,65.75,497.68,4782,4.1,0
2026-06-07 08:15:00,order,45.87,60.14,489.89,4740,3.84,0
2026-06-07 08:18:00,notification,64.89,65.27,577.94,4227,4.33,1
2026-06-07 08:18:00,payment,53.47,57.38,415.44,4084,4.24,0
2026-06-07 08:18:00,order,50.4,55.43,424.28,3268,3.32,1
2026-06-07 08:21:00,payment,61.89,56.01,348.09,4176,4.19,1
2026-06-07 08:21:00,order,45.48,62.69,387.91,3902,3.01,0
2026-06-07 08:21:00,notification,64.67,55.79,473.88,5034,6.05,1
2026-06-07 08:24:00,order,63.8,68.05,487.26,4359,2.95,1
2026-06-07 08:24:00,notification,69.85,71.5,602.63,5299,3.92,1
2026-06-07 08:24:00,payment,55.89,74.37,525.04,4224,3.35,1
2026-06-07 08:27:00,order,53.0,56.46,310.7,3917,0.39,0
2026-06-07 08:27:00,notification,59.02,60.88,515.42,4286,4.23,1
2026-06-07 08:27:00,payment,59.2,64.89,567.53,4790,7.28,1
2026-06-07 08:30:00,order,59.94,55.25,482.61,4870,6.39,0
2026-06-07 08:30:00,notification,65.84,56.82,494.07,4704,5.4,1
2026-06-07 08:30:00,payment,59.32,68.45,637.41,4886,7.21,1
2026-06-07 08:33:00,payment,64.41,65.31,671.4,5144,7.56,0
2026-06-07 08:33:00,notification,53.84,54.03,421.3,4275,3.89,0
2026-06-07 08:33:00,order,55.07,66.9,551.56,4600,6.96,1
2026-06-07 08:36:00,order,68.0,66.5,703.1,4558,5.61,1
2026-06-07 08:36:00,notification,58.75,52.28,465.49,3922,1.86,0
2026-06-07 08:36:00,payment,65.22,61.76,459.74,5021,6.54,0
2026-06-07 08:39:00,payment,55.6,67.34,394.67,4332,2.77,0
2026-06-07 08:39:00,order,49.8,64.28,646.28,5163,4.37,0
2026-06-07 08:39:00,notification,60.52,57.01,348.58,4289,3.86,0
2026-06-07 08:42:00,payment,60.9,53.6,603.43,4527,4.25,1
2026-06-07 08:42:00,order,60.55,69.65,530.46,5103,7.58,1
2026-06-07 08:42:00,notification,60.36,56.58,407.21,4227,2.21,0
2026-06-07 08:45:00,order,61.79,61.5,441.61,4217,2.61,0
2026-06-07 08:45:00,payment,51.72,55.25,440.5,4182,2.65,0
2026-06-07 08:45:00,notification,62.38,58.32,462.52,4712,5.49,1
2026-06-07 08:48:00,payment,58.37,57.38,470.39,3659,3.86,0
2026-06-07 08:48:00,order,63.43,65.76,615.39,4442,6.75,1
2026-06-07 08:48:00,notification,59.55,61.66,592.52,4263,6.31,1
2026-06-07 08:51:00,payment,49.8,64.91,304.8,4389,3.97,0
2026-06-07 08:51:00,order,57.7,64.31,574.96,4480,6.18,0
2026-06-07 08:51:00,notification,65.85,72.41,601.17,5270,5.19,1
2026-06-07 08:54:00,payment,57.87,55.84,327.21,4710,3.61,0
2026-06-07 08:54:00,order,51.67,81.71,643.4,5562,5.8,0
2026-06-07 08:54:00,notification,64.54,61.19,602.14,4747,7.08,0
2026-06-07 08:57:00,notification,64.65,65.21,632.46,5072,7.59,0
2026-06-07 08:57:00,payment,52.19,59.0,411.55,4352,4.63,0
2026-06-07 08:57:00,order,66.31,63.38,668.34,4798,7.3,1
2026-06-07 09:00:00,order,58.82,69.52,496.21,4050,5.16,0
2026-06-07 09:00:00,notification,71.68,72.78,760.45,5164,9.25,1
2026-06-07 09:00:00,payment,61.09,57.19,367.64,4075,1.46,0
2026-06-07 09:03:00,notification,55.98,76.71,678.01,5728,5.15,1
2026-06-07 09:03:00,payment,49.07,66.94,493.72,4119,3.35,0
2026-06-07 09:03:00,order,58.3,62.71,672.92,4341,6.6,0
2026-06-07 09:06:00,notification,62.16,64.1,560.45,4197,4.92,1
2026-06-07 09:06:00,payment,48.03,53.29,481.86,4358,5.07,0
2026-06-07 09:06:00,order,68.42,61.95,407.25,4566,3.76,1
2026-06-07 09:09:00,notification,46.04,62.64,366.63,3721,5.0,0
2026-06-07 09:09:00,payment,59.88,70.56,648.53,5616,7.14,1
2026-06-07 09:09:00,order,57.85,60.55,541.24,4350,3.22,0
2026-06-07 09:12:00,notification,53.96,67.11,537.36,4741,4.49,1
2026-06-07 09:12:00,order,49.83,61.85,393.19,3557,5.94,0
2026-06-07 09:12:00,payment,54.99,65.65,612.02,4250,5.14,0
2026-06-07 09:15:00,notification,62.06,66.02,580.46,4576,3.27,1
2026-06-07 09:15:00,order,49.95,57.8,383.3,3947,2.76,1
2026-06-07 09:15:00,payment,53.59,70.07,540.76,4865,7.64,1
2026-06-07 09:18:00,notification,57.11,53.05,516.16,4741,5.78,1
2026-06-07 09:18:00,payment,65.19,60.99,684.85,5258,7.9,1
2026-06-07 09:18:00,order,57.76,61.19,323.47,4541,3.22,0
2026-06-07 09:21:00,payment,61.75,65.47,703.5,4544,6.67,1
2026-06-07 09:21:00,order,49.72,55.54,390.45,5101,4.91,0
2026-06-07 09:21:00,notification,51.74,61.3,722.77,5592,7.12,1
2026-06-07 09:24:00,order,58.53,56.02,477.16,4295,5.65,1
2026-06-07 09:24:00,payment,59.65,65.48,568.31,5249,4.62,0
2026-06-07 09:24:00,notification,49.37,67.68,586.66,5360,7.25,1
2026-06-07 09:27:00,order,62.75,51.17,486.26,4588,2.77,1
2026-06-07 09:27:00,notification,57.53,60.55,594.48,5112,2.99,1
2026-06-07 09:27:00,payment,65.13,65.14,714.47,5761,8.59,1
2026-06-07 09:30:00,payment,60.48,60.88,654.3,4663,7.42,1
2026-06-07 09:30:00,notification,47.92,56.11,580.65,4286,4.78,1
2026-06-07 09:30:00,order,57.06,63.64,556.74,4507,6.51,0
2026-06-07 09:33:00,notification,54.0,64.18,570.98,5440,5.66,0
2026-06-07 09:33:00,payment,75.53,65.7,743.07,5448,7.3,1
2026-06-07 09:33:00,order,63.53,58.58,458.58,4637,4.78,1
2026-06-07 09:36:00,payment,60.87,68.96,701.05,5129,9.11,0
2026-06-07 09:36:00,notification,56.31,66.31,599.72,4589,4.19,0
2026-06-07 09:36:00,order,64.31,78.82,739.88,4946,7.16,1
2026-06-07 09:39:00,order,58.98,64.11,650.97,5719,6.44,0
2026-06-07 09:39:00,payment,52.44,60.38,601.12,5014,5.54,0
2026-06-07 09:39:00,notification,68.41,68.95,529.42,4676,6.76,1
2026-06-07 09:42:00,order,49.46,69.61,584.62,4564,5.34,0
2026-06-07 09:42:00,payment,67.09,64.16,621.6,5325,8.88,1
2026-06-07 09:42:00,notification,57.12,67.49,625.24,5458,7.32,1
2026-06-07 09:45:00,order,57.53,66.08,489.46,3923,2.4,1
2026-06-07 09:45:00,payment,63.98,58.88,704.94,5535,8.43,0
2026-06-07 09:45:00,notification,54.12,60.52,806.93,5386,7.8,1
2026-06-07 09:48:00,order,60.01,61.12,487.27,4309,5.46,0
2026-06-07 09:48:00,payment,74.51,63.92,768.33,5082,6.67,1
2026-06-07 09:48:00,notification,76.06,71.6,729.66,5600,10.53,1
2026-06-07 09:51:00,notification,72.87,63.9,854.48,5908,6.06,1
2026-06-07 09:51:00,payment,58.8,70.62,582.97,5134,7.33,1
2026-06-07 09:51:00,order,60.29,55.43,440.44,4470,4.11,0
2026-06-07 09:54:00,order,57.47,56.54,405.31,3683,2.86,1
2026-06-07 09:54:00,payment,62.32,65.04,589.48,4039,6.51,1
2026-06-07 09:54:00,notification,70.62,73.76,875.46,6026,9.29,1
2026-06-07 09:57:00,notification,67.28,72.04,808.04,5491,6.79,1
2026-06-07 09:57:00,payment,60.95,58.72,513.35,4198,4.96,0
2026-06-07 09:57:00,order,62.29,60.97,380.64,4325,3.03,0
2026-06-07 10:00:00,order,49.2,69.09,478.92,4276,3.18,0
2026-06-07 10:00:00,payment,54.98,63.46,542.71,4285,4.85,1
2026-06-07 10:00:00,notification,77.18,65.02,709.97,5360,7.32,0
2026-06-07 10:03:00,notification,67.69,61.99,713.31,5797,8.17,1
2026-06-07 10:03:00,order,59.49,55.43,455.85,4867,4.62,0
2026-06-07 10:03:00,payment,52.83,57.41,376.72,4928,3.89,0
2026-06-07 10:06:00,payment,59.39,67.69,439.15,4536,2.67,0
2026-06-07 10:06:00,notification,65.35,73.61,710.11,5038,8.85,1
2026-06-07 10:06:00,order,51.3,60.05,378.32,4147,4.65,1
2026-06-07 10:09:00,payment,59.89,71.17,440.99,4696,1.51,0
2026-06-07 10:09:00,notification,66.48,71.69,845.39,4984,8.04,1
2026-06-07 10:09:00,order,62.93,58.58,571.0,4273,4.43,1
2026-06-07 10:12:00,order,45.49,54.47,278.44,3857,2.11,0
2026-06-07 10:12:00,payment,47.31,61.09,457.52,5037,4.45,0
2026-06-07 10:12:00,notification,72.37,67.44,927.62,5662,9.58,1
2026-06-07 10:15:00,notification,65.6,79.67,872.32,5752,6.79,0
2026-06-07 10:15:00,payment,48.59,72.87,382.99,4175,3.66,0
2026-06-07 10:15:00,order,56.11,64.45,409.52,3324,3.86,1
2026-06-07 10:18:00,order,49.38,54.75,357.49,4328,2.42,0
2026-06-07 10:18:00,payment,42.95,58.89,559.33,4390,4.55,0
2026-06-07 10:18:00,notification,77.94,73.59,830.65,5967,11.48,1
2026-06-07 10:21:00,order,58.72,50.83,381.34,4541,5.06,0
2026-06-07 10:21:00,payment,59.2,53.89,512.07,4195,5.44,1
2026-06-07 10:21:00,notification,78.88,69.97,886.47,6903,10.72,1
2026-06-07 10:24:00,notification,78.57,78.39,914.61,5693,10.14,0
2026-06-07 10:24:00,order,65.05,63.0,500.29,4294,4.43,0
2026-06-07 10:24:00,payment,52.58,55.35,490.02,3537,3.67,0
2026-06-07 10:27:00,payment,54.69,59.08,430.94,3731,6.49,0
2026-06-07 10:27:00,notification,67.6,74.51,843.18,5590,8.74,1
2026-06-07 10:27:00,order,43.24,59.46,299.03,4283,4.45,0
2026-06-07 10:30:00,order,43.94,54.99,316.79,4050,4.99,0
2026-06-07 10:30:00,payment,48.94,74.64,473.82,4958,4.56,0
2026-06-07 10:30:00,notification,69.87,73.23,812.12,5282,7.64,1
2026-06-07 10:33:00,order,56.08,55.93,330.78,4679,3.87,0
2026-06-07 10:33:00,payment,56.13,64.74,656.98,4541,5.34,1
2026-06-07 10:33:00,notification,59.95,71.76,873.21,5752,8.01,1
2026-06-07 10:36:00,payment,57.99,60.28,689.56,4470,4.33,1
2026-06-07 10:36:00,order,57.66,62.02,522.89,5130,5.62,0
2026-06-07 10:36:00,notification,60.43,64.98,756.66,5872,7.71,1
2026-06-07 10:39:00,payment,59.43,62.29,661.81,5140,7.65,1
2026-06-07 10:39:00,notification,72.39,65.08,750.83,5942,7.44,1
2026-06-07 10:39:00,order,57.25,56.25,534.4,5012,5.98,0
2026-06-07 10:42:00,payment,61.93,70.58,621.13,4774,7.35,1
2026-06-07 10:42:00,order,57.15,65.96,562.07,4785,5.77,0
2026-06-07 10:42:00,notification,72.95,68.15,841.32,5711,8.59,1
2026-06-07 10:45:00,payment,69.61,74.0,723.73,5820,7.12,1
2026-06-07 10:45:00,notification,61.62,64.16,885.54,6146,12.22,1
2026-06-07 10:45:00,order,52.22,59.87,490.22,5005,5.43,1
2026-06-07 10:48:00,payment,76.21,63.61,602.08,5110,5.18,1
2026-06-07 10:48:00,notification,63.26,74.54,838.14,5018,9.42,1
2026-06-07 10:48:00,order,58.05,67.45,462.08,4403,3.99,0
2026-06-07 10:51:00,payment,65.89,59.55,774.11,5135,9.62,1
2026-06-07 10:51:00,order,57.25,68.01,616.17,5028,8.59,1
2026-06-07 10:51:00,notification,66.02,73.26,926.71,6344,10.45,1
2026-06-07 10:54:00,order,61.87,62.8,609.93,4528,5.54,1
2026-06-07 10:54:00,payment,70.46,61.39,660.2,5602,5.16,1
2026-06-07 10:54:00,notification,72.39,72.83,922.86,6468,9.46,1
2026-06-07 10:57:00,payment,63.84,79.92,850.11,6049,10.21,1
2026-06-07 10:57:00,notification,67.46,80.17,881.27,5575,9.31,1
2026-06-07 10:57:00,order,52.98,59.67,365.79,4461,3.56,0
2026-06-07 11:00:00,payment,59.38,75.27,877.03,5259,8.59,0
2026-06-07 11:00:00,notification,59.76,63.82,600.78,5186,7.73,1
2026-06-07 11:00:00,order,56.59,53.44,451.74,5115,4.74,1
2026-06-07 11:03:00,payment,63.67,69.07,748.5,5531,8.17,1
2026-06-07 11:03:00,notification,62.77,68.47,684.94,4871,9.12,1
2026-06-07 11:03:00,order,64.21,60.61,564.69,4062,5.64,0
2026-06-07 11:06:00,payment,54.4,76.56,706.36,4950,8.27,1
2026-06-07 11:06:00,notification,61.18,60.83,604.34,5395,6.54,1
2026-06-07 11:06:00,order,68.19,64.91,644.63,4576,5.3,0
2026-06-07 11:09:00,payment,65.94,78.59,678.57,5141,8.3,1
2026-06-07 11:09:00,order,63.66,72.26,732.06,5357,11.64,0
2026-06-07 11:09:00,notification,64.98,69.82,620.67,4305,6.46,0
2026-06-07 11:12:00,order,62.78,69.68,818.16,6079,10.21,1
2026-06-07 11:12:00,payment,63.48,70.57,749.05,6434,8.35,1
2026-06-07 11:12:00,notification,58.82,59.05,480.11,4802,5.62,0
2026-06-07 11:15:00,order,72.75,77.82,705.75,5836,7.19,1
2026-06-07 11:15:00,payment,55.49,69.86,770.41,5634,9.97,1
2026-06-07 11:15:00,notification,67.31,72.08,558.0,4056,7.14,0
2026-06-07 11:18:00,payment,77.14,66.63,756.08,5444,8.43,1
2026-06-07 11:18:00,order,53.99,64.7,710.56,5677,7.39,1
2026-06-07 11:18:00,notification,44.23,56.05,474.31,4596,6.0,1
2026-06-07 11:21:00,order,74.1,64.18,770.17,5179,6.37,1
2026-06-07 11:21:00,notification,65.9,68.07,664.74,4974,7.63,1
2026-06-07 11:21:00,payment,64.95,69.34,772.95,5721,13.13,1
2026-06-07 11:24:00,order,60.06,54.89,667.3,4237,4.3,1
2026-06-07 11:24:00,notification,78.84,71.68,790.03,5565,8.74,1
2026-06-07 11:24:00,payment,57.96,63.01,806.1,5996,6.5,1
2026-06-07 11:27:00,notification,70.42,77.67,897.04,5674,10.88,1
2026-06-07 11:27:00,order,52.92,58.56,452.79,5041,3.86,0
2026-06-07 11:27:00,payment,69.16,59.58,721.03,4932,4.83,1
2026-06-07 11:30:00,notification,68.31,66.93,871.36,5597,8.95,1
2026-06-07 11:30:00,order,57.83,56.72,430.87,4272,3.94,1
2026-06-07 11:30:00,payment,57.24,56.6,676.09,4769,7.3,0
2026-06-07 11:33:00,notification,64.36,64.96,914.19,5476,9.08,1
2026-06-07 11:33:00,payment,69.06,71.4,714.97,5341,6.39,0
2026-06-07 11:33:00,order,68.22,57.4,530.17,5084,6.44,0
2026-06-07 11:36:00,notification,60.05,68.95,884.78,5413,11.79,1
2026-06-07 11:36:00,payment,61.44,60.99,650.59,4830,8.67,0
2026-06-07 11:36:00,order,43.95,59.53,447.88,3922,4.83,1
2026-06-07 11:39:00,notification,75.49,75.05,892.68,5432,9.67,1
2026-06-07 11:39:00,payment,66.48,81.83,786.86,6251,8.1,1
2026-06-07 11:39:00,order,62.53,66.47,493.42,4489,4.92,1
2026-06-07 11:42:00,payment,72.93,69.39,878.81,5335,10.01,1
2026-06-07 11:42:00,order,60.33,62.74,288.65,4006,3.55,0
2026-06-07 11:42:00,notification,62.86,70.3,839.24,5113,7.74,1
2026-06-07 11:45:00,notification,70.65,73.66,823.94,5557,5.71,1
2026-06-07 11:45:00,order,52.02,52.31,414.93,3585,3.11,0
2026-06-07 11:45:00,payment,74.12,81.47,890.32,5846,10.35,1
2026-06-07 11:48:00,notification,69.07,65.36,791.94,5651,7.5,1
2026-06-07 11:48:00,payment,76.12,71.76,904.95,5407,9.61,1
2026-06-07 11:48:00,order,52.93,58.41,341.82,4849,2.97,1
2026-06-07 11:51:00,notification,66.3,64.57,633.08,4891,4.98,0
2026-06-07 11:51:00,payment,68.11,63.33,786.96,5316,9.2,1
2026-06-07 11:51:00,order,54.12,60.29,370.69,3730,4.91,0
2026-06-07 11:54:00,order,61.01,63.9,558.9,4068,4.07,0
2026-06-07 11:54:00,payment,70.74,76.66,765.97,6141,6.81,1
2026-06-07 11:54:00,notification,58.61,67.08,719.87,5570,7.53,0
2026-06-07 11:57:00,order,54.09,70.57,581.69,4381,6.73,1
2026-06-07 11:57:00,payment,69.38,75.01,729.55,5753,7.81,1
2026-06-07 11:57:00,notification,65.69,66.28,629.34,5790,5.21,1
2026-06-07 12:00:00,order,60.7,58.66,625.97,4020,5.05,1
2026-06-07 12:00:00,payment,62.76,60.63,523.37,5435,7.82,1
2026-06-07 12:00:00,notification,65.93,71.78,782.12,5159,5.94,0
2026-06-07 12:03:00,notification,69.74,77.32,880.25,5817,9.13,1
2026-06-07 12:03:00,payment,61.97,64.58,779.66,4532,5.06,1
2026-06-07 12:03:00,order,60.37,60.24,625.38,4781,5.93,1
2026-06-07 12:06:00,payment,54.86,62.31,660.8,4767,5.25,1
2026-06-07 12:06:00,notification,54.53,69.04,832.88,5926,7.53,1
2026-06-07 12:06:00,order,67.41,63.36,638.01,4905,7.1,0
2026-06-07 12:09:00,notification,69.1,66.55,724.95,5191,8.0,1
2026-06-07 12:09:00,payment,69.04,67.85,780.16,5530,8.99,1
2026-06-07 12:09:00,order,79.45,68.56,652.86,5571,8.18,1
2026-06-07 12:12:00,notification,75.36,67.0,635.85,4498,8.14,1
2026-06-07 12:12:00,payment,66.97,70.07,722.09,5816,6.5,1
2026-06-07 12:12:00,order,57.88,52.17,529.17,5179,7.51,1
2026-06-07 12:15:00,notification,50.73,64.15,481.64,5613,5.5,0
2026-06-07 12:15:00,payment,64.53,68.02,800.88,5243,9.22,1
2026-06-07 12:15:00,order,64.57,66.17,602.17,4741,7.39,1
2026-06-07 12:18:00,notification,63.82,67.67,451.59,4745,5.79,1
2026-06-07 12:18:00,payment,75.76,61.6,807.53,5447,8.74,1
2026-06-07 12:18:00,order,58.5,57.53,653.51,4876,6.72,0
2026-06-07 12:21:00,order,59.5,65.9,560.8,5932,5.31,0
2026-06-07 12:21:00,payment,58.89,67.25,832.17,5158,7.9,1
2026-06-07 12:21:00,notification,53.98,60.42,433.34,4323,4.85,1
2026-06-07 12:24:00,order,59.09,78.89,761.64,5040,7.37,1
2026-06-07 12:24:00,notification,50.52,60.07,483.64,4587,2.21,0
2026-06-07 12:24:00,payment,77.97,74.23,790.25,6344,10.44,1
2026-06-07 12:27:00,order,58.77,75.08,794.06,5993,11.33,1
2026-06-07 12:27:00,payment,65.58,67.63,818.43,5232,8.78,0
2026-06-07 12:27:00,notification,51.46,68.94,494.24,5312,1.57,0
2026-06-07 12:30:00,order,73.8,63.39,738.65,5257,6.93,1
2026-06-07 12:30:00,payment,68.44,67.73,661.49,5523,8.34,1
2026-06-07 12:30:00,notification,64.37,61.79,486.21,4248,4.73,1
2026-06-07 12:33:00,notification,58.76,64.91,483.36,4506,5.42,0
2026-06-07 12:33:00,order,70.82,69.1,784.96,5342,8.27,1
2026-06-07 12:33:00,payment,65.64,65.97,855.81,5703,6.06,1
2026-06-07 12:36:00,order,65.35,63.45,724.06,5106,5.64,0
2026-06-07 12:36:00,notification,58.5,55.33,576.46,4751,5.86,1
2026-06-07 12:36:00,payment,55.79,65.7,735.03,5873,8.55,1
2026-06-07 12:39:00,order,58.8,73.74,715.44,5831,6.11,0
2026-06-07 12:39:00,payment,64.96,75.79,666.81,5050,6.41,1
2026-06-07 12:39:00,notification,48.63,61.52,480.19,5035,5.28,0
2026-06-07 12:42:00,order,61.78,54.72,569.21,4460,4.9,0
2026-06-07 12:42:00,payment,66.05,61.57,791.82,5710,6.74,0
2026-06-07 12:42:00,notification,61.32,67.82,420.02,4702,4.08,1
2026-06-07 12:45:00,notification,66.49,64.43,549.49,4188,6.02,1
2026-06-07 12:45:00,payment,66.87,69.83,749.74,4599,6.55,1
2026-06-07 12:45:00,order,55.7,63.88,602.17,5354,5.0,0
2026-06-07 12:48:00,notification,62.28,63.9,588.64,4151,6.76,1
2026-06-07 12:48:00,order,64.74,64.51,689.21,5823,7.73,1
2026-06-07 12:48:00,payment,59.03,64.27,442.61,5298,7.9,0
2026-06-07 12:51:00,notification,53.93,55.08,547.49,5306,5.23,0
2026-06-07 12:51:00,payment,51.08,68.66,691.1,4578,6.78,1
2026-06-07 12:51:00,order,68.37,63.37,765.28,5273,8.81,1
2026-06-07 12:54:00,order,64.02,78.29,793.28,5989,8.74,1
2026-06-07 12:54:00,payment,57.89,66.23,812.84,5534,6.55,0
2026-06-07 12:54:00,notification,66.39,65.93,563.01,5254,5.72,1
2026-06-07 12:57:00,payment,80.55,69.06,832.83,6344,10.5,1
2026-06-07 12:57:00,notification,72.36,71.13,541.69,4803,4.32,1
2026-06-07 12:57:00,order,62.77,62.2,769.84,5931,7.11,0
2026-06-07 13:00:00,order,63.62,63.44,794.88,5192,6.0,1
2026-06-07 13:00:00,notification,63.01,67.27,600.33,4918,5.39,0
2026-06-07 13:00:00,payment,66.35,74.74,1060.92,6476,11.83,1
2026-06-07 13:03:00,notification,76.33,74.8,788.11,6595,9.07,1
2026-06-07 13:03:00,payment,79.82,70.77,988.6,6188,11.05,1
2026-06-07 13:03:00,order,74.38,79.85,840.39,5449,6.85,1
2026-06-07 13:06:00,payment,72.63,80.93,1195.22,6352,15.66,1
2026-06-07 13:06:00,order,66.04,67.44,614.47,5266,5.85,1
2026-06-07 13:06:00,notification,68.79,70.83,874.0,5990,9.81,1
2026-06-07 13:09:00,payment,74.6,79.42,1213.28,6204,14.5,1
2026-06-07 13:09:00,order,53.52,65.64,728.99,5191,5.44,1
2026-06-07 13:09:00,notification,67.17,69.19,878.19,5904,10.42,1
2026-06-07 13:12:00,payment,78.55,87.23,1097.86,6939,10.88,1
2026-06-07 13:12:00,order,68.89,64.57,748.58,5149,6.65,1
2026-06-07 13:12:00,notification,65.28,67.59,677.55,5570,6.29,1
2026-06-07 13:15:00,notification,60.8,68.88,713.78,5298,5.14,1
2026-06-07 13:15:00,payment,67.42,75.68,928.24,6325,9.0,1
2026-06-07 13:15:00,order,71.9,71.14,737.04,5963,9.23,1
2026-06-07 13:18:00,order,68.36,67.83,784.53,5278,7.84,1
2026-06-07 13:18:00,notification,61.53,71.37,525.15,5089,7.4,1
2026-06-07 13:18:00,payment,100.0,93.16,2635.23,10111,37.4,1
2026-06-07 13:21:00,order,76.16,65.49,821.19,5119,9.8,1
2026-06-07 13:21:00,payment,100.0,100.0,2342.98,9105,29.79,1
2026-06-07 13:21:00,notification,64.25,70.92,689.46,5172,6.39,1
2026-06-07 13:24:00,order,62.94,59.2,619.86,5109,9.3,1
2026-06-07 13:24:00,notification,69.99,65.75,712.96,5517,8.53,1
2026-06-07 13:24:00,payment,95.1,90.18,1803.47,8176,23.51,1
2026-06-07 13:27:00,payment,89.85,100.0,1779.66,8501,21.66,1
2026-06-07 13:27:00,order,64.36,65.55,655.65,5090,6.03,1
2026-06-07 13:27:00,notification,64.59,68.39,630.41,5603,7.88,1
2026-06-07 13:30:00,payment,90.99,94.08,1564.05,7823,20.35,1
2026-06-07 13:30:00,order,66.98,64.38,744.84,5780,4.75,1
2026-06-07 13:30:00,notification,62.79,60.07,591.21,5554,7.29,1
2026-06-07 13:33:00,payment,93.09,81.3,1436.71,7283,17.74,1
2026-06-07 13:33:00,order,73.72,68.66,829.85,5900,8.19,1
2026-06-07 13:33:00,notification,64.4,67.88,629.38,4835,5.01,1
2026-06-07 13:36:00,order,65.91,73.27,902.49,5871,7.99,1
2026-06-07 13:36:00,notification,70.97,55.09,654.21,5037,5.31,1
2026-06-07 13:36:00,payment,77.05,82.55,1151.46,6163,13.46,1
2026-06-07 13:39:00,payment,86.92,74.87,1031.04,6970,11.23,1
2026-06-07 13:39:00,notification,56.41,58.26,553.99,4734,7.56,0
2026-06-07 13:39:00,order,61.03,65.46,739.37,5197,8.16,1
2026-06-07 13:42:00,payment,70.44,75.8,1085.06,6503,13.03,1
2026-06-07 13:42:00,order,71.01,67.67,714.64,5228,5.84,1
2026-06-07 13:42:00,notification,67.22,67.58,600.57,5103,6.4,1
2026-06-07 13:45:00,order,66.54,73.07,578.37,4662,3.95,0
2026-06-07 13:45:00,notification,72.22,72.62,693.08,5477,5.61,1
2026-06-07 13:45:00,payment,75.5,76.46,873.65,5740,10.28,1
2026-06-07 13:48:00,notification,63.94,61.97,737.37,5334,9.34,1
2026-06-07 13:48:00,payment,68.0,73.69,826.47,5824,8.74,1
2026-06-07 13:48:00,order,72.55,69.91,697.51,5408,7.65,1
2026-06-07 13:51:00,order,64.28,62.66,575.83,5058,5.51,1
2026-06-07 13:51:00,payment,65.66,78.54,957.74,6205,8.02,1
2026-06-07 13:51:00,notification,74.29,72.49,721.28,5921,7.79,1
2026-06-07 13:54:00,payment,71.68,73.02,956.01,6033,9.8,1
2026-06-07 13:54:00,notification,74.54,70.57,822.85,5426,9.41,1
2026-06-07 13:54:00,order,53.27,61.03,581.91,5186,5.99,0
2026-06-07 13:57:00,notification,72.76,76.08,818.78,6426,9.02,1
2026-06-07 13:57:00,order,65.27,66.81,627.99,5188,6.04,0
2026-06-07 13:57:00,payment,65.92,81.24,768.33,5794,6.87,0
2026-06-07 14:00:00,payment,58.89,65.41,752.41,5506,7.03,1
2026-06-07 14:00:00,notification,58.04,75.94,694.34,5918,7.49,0
2026-06-07 14:00:00,order,66.3,72.95,728.96,5447,7.34,0
2026-06-07 14:03:00,order,74.05,66.54,803.86,6189,8.3,1
2026-06-07 14:03:00,payment,66.24,59.28,710.41,5366,8.15,1
2026-06-07 14:03:00,notification,65.91,60.4,748.06,5144,10.56,1
2026-06-07 14:06:00,payment,66.6,61.62,739.91,5348,8.12,1
2026-06-07 14:06:00,order,72.86,69.13,769.86,5618,5.11,1
2026-06-07 14:06:00,notification,61.19,77.86,739.79,5490,7.25,0
2026-06-07 14:09:00,notification,67.47,71.08,682.54,4678,6.27,1
2026-06-07 14:09:00,payment,66.7,77.25,835.92,6369,8.28,1
2026-06-07 14:09:00,order,71.15,67.09,791.3,5845,8.42,1
2026-06-07 14:12:00,payment,68.23,70.78,969.15,5445,8.94,1
2026-06-07 14:12:00,notification,66.11,67.47,675.95,5020,8.72,1
2026-06-07 14:12:00,order,56.9,69.71,970.68,6001,10.06,1
2026-06-07 14:15:00,order,68.48,68.83,1090.67,6184,11.76,1
2026-06-07 14:15:00,notification,58.14,61.91,570.68,4195,3.48,1
2026-06-07 14:15:00,payment,65.95,70.14,733.7,5805,6.12,0
2026-06-07 14:18:00,notification,58.42,66.38,563.32,5257,5.71,1
2026-06-07 14:18:00,payment,65.02,67.25,820.99,5552,7.21,1
2026-06-07 14:18:00,order,67.19,72.83,789.74,6031,11.78,1
2026-06-07 14:21:00,payment,65.52,65.55,693.5,5493,8.6,1
2026-06-07 14:21:00,order,61.96,67.65,715.72,5247,6.46,0
2026-06-07 14:21:00,notification,77.93,69.6,708.08,5780,7.68,1
2026-06-07 14:24:00,notification,64.84,71.24,651.69,5006,7.58,1
2026-06-07 14:24:00,payment,59.32,62.61,679.85,5644,6.07,1
2026-06-07 14:24:00,order,61.2,71.08,495.14,4328,5.5,1
2026-06-07 14:27:00,order,65.15,60.91,483.94,4173,5.91,0
2026-06-07 14:27:00,notification,72.13,73.63,842.61,5881,11.59,1
2026-06-07 14:27:00,payment,77.08,67.16,594.26,4805,7.3,0
2026-06-07 14:30:00,payment,50.23,62.25,397.66,4907,6.11,1
2026-06-07 14:30:00,order,59.2,55.32,345.57,5015,3.96,0
2026-06-07 14:30:00,notification,69.72,76.1,869.44,5490,10.24,1
2026-06-07 14:33:00,order,47.19,64.61,352.5,4488,5.24,0
2026-06-07 14:33:00,notification,76.95,75.2,846.23,5543,7.73,1
2026-06-07 14:33:00,payment,58.95,68.11,616.69,5179,7.46,0
2026-06-07 14:36:00,payment,61.66,69.51,754.02,5056,7.66,1
2026-06-07 14:36:00,order,48.55,59.86,443.62,3990,4.62,1
2026-06-07 14:36:00,notification,69.62,60.25,787.45,5504,8.56,1
2026-06-07 14:39:00,payment,79.57,67.92,730.76,6100,7.82,1
2026-06-07 14:39:00,notification,68.48,68.73,768.38,4967,8.3,1
2026-06-07 14:39:00,order,52.01,62.37,470.7,4810,4.93,1
2026-06-07 14:42:00,payment,59.21,62.59,825.57,5860,8.08,1
2026-06-07 14:42:00,notification,68.62,70.09,718.27,6235,9.73,1
2026-06-07 14:42:00,order,59.62,63.72,504.97,4929,5.64,1
2026-06-07 14:45:00,payment,71.44,63.63,838.86,5590,9.8,1
2026-06-07 14:45:00,order,64.29,63.81,505.52,5445,5.08,1
2026-06-07 14:45:00,notification,61.48,65.35,582.89,5279,7.81,1
2026-06-07 14:48:00,notification,56.6,71.46,590.72,5539,6.09,1
2026-06-07 14:48:00,order,64.72,58.29,476.77,4641,5.16,0
2026-06-07 14:48:00,payment,65.25,82.16,654.82,5654,4.34,1
2026-06-07 14:51:00,notification,58.73,70.89,488.63,4584,4.56,0
2026-06-07 14:51:00,payment,68.23,76.51,795.9,5146,9.37,0
2026-06-07 14:51:00,order,62.85,67.41,731.59,5447,6.41,0
2026-06-07 14:54:00,notification,100.0,97.02,2163.7,8641,29.34,1
2026-06-07 14:54:00,order,66.5,68.04,827.82,5207,8.88,1
2026-06-07 14:54:00,payment,73.96,76.08,792.23,5500,7.41,1
2026-06-07 14:57:00,order,76.95,71.12,751.11,5497,10.46,1
2026-06-07 14:57:00,payment,75.27,67.22,822.79,5494,8.52,1
2026-06-07 14:57:00,notification,90.67,92.02,1826.38,8325,24.09,1
2026-06-07 15:00:00,order,58.05,74.96,826.48,4460,6.01,1
2026-06-07 15:00:00,notification,92.78,86.87,1652.1,8026,17.31,1
2026-06-07 15:00:00,payment,65.83,71.12,877.33,6027,8.78,1
2026-06-07 15:03:00,order,69.76,73.34,697.84,5550,9.17,1
2026-06-07 15:03:00,notification,78.31,73.56,1258.7,6751,13.65,1
2026-06-07 15:03:00,payment,66.63,64.39,729.75,5203,7.52,1
2026-06-07 15:06:00,payment,50.33,58.56,503.35,5273,4.49,0
2026-06-07 15:06:00,notification,64.92,73.21,1015.49,6642,13.26,1
2026-06-07 15:06:00,order,74.2,75.37,895.57,6395,10.31,1
2026-06-07 15:09:00,payment,60.79,61.07,543.55,5066,5.79,1
2026-06-07 15:09:00,notification,67.0,68.15,871.66,5653,8.43,1
2026-06-07 15:09:00,order,67.85,63.02,960.33,6521,10.62,1
2026-06-07 15:12:00,order,69.22,69.21,832.28,6004,8.53,1
2026-06-07 15:12:00,payment,57.62,72.5,518.26,4914,7.09,1
2026-06-07 15:12:00,notification,59.6,75.84,820.25,4948,7.57,1
2026-06-07 15:15:00,notification,74.82,70.67,988.9,5765,10.08,1
2026-06-07 15:15:00,order,66.91,58.09,749.13,5134,6.92,1
2026-06-07 15:15:00,payment,63.45,71.92,729.83,6031,4.75,0
2026-06-07 15:18:00,notification,62.3,74.77,1002.28,6280,9.7,1
2026-06-07 15:18:00,order,61.05,71.28,595.6,4782,8.06,1
2026-06-07 15:18:00,payment,50.96,59.9,643.63,4624,4.35,0
2026-06-07 15:21:00,payment,61.52,61.5,593.93,4146,6.32,0
2026-06-07 15:21:00,notification,74.35,74.77,1059.19,6290,11.11,1
2026-06-07 15:21:00,order,57.87,64.32,605.95,4800,6.07,0
2026-06-07 15:24:00,notification,69.75,74.64,1022.28,6217,12.54,1
2026-06-07 15:24:00,order,59.16,65.66,605.21,4538,7.76,0
2026-06-07 15:24:00,payment,47.9,65.96,541.01,4942,5.78,0
2026-06-07 15:27:00,notification,71.97,87.63,1088.36,6525,11.04,1
2026-06-07 15:27:00,order,72.8,61.44,609.15,4881,5.4,1
2026-06-07 15:27:00,payment,59.05,59.43,571.75,3749,5.31,1
2026-06-07 15:30:00,notification,75.94,73.5,859.47,5694,10.51,1
2026-06-07 15:30:00,order,59.58,71.69,636.2,4556,6.08,1
2026-06-07 15:30:00,payment,48.25,60.53,357.84,4931,3.38,1
2026-06-07 15:33:00,order,62.22,64.86,633.84,4678,6.5,0
2026-06-07 15:33:00,payment,48.18,60.16,394.42,4123,4.43,1
2026-06-07 15:33:00,notification,65.64,76.27,741.96,5678,8.88,1
2026-06-07 15:36:00,payment,59.77,59.75,306.94,3466,2.02,0
2026-06-07 15:36:00,order,63.41,61.82,492.67,4586,5.61,0
2026-06-07 15:36:00,notification,67.94,67.23,747.96,5491,7.45,1
2026-06-07 15:39:00,order,55.35,61.26,466.14,4575,5.48,0
2026-06-07 15:39:00,notification,65.17,63.17,699.46,5740,9.48,0
2026-06-07 15:39:00,payment,58.36,60.74,413.38,3871,3.82,0
2026-06-07 15:42:00,notification,62.95,72.84,732.02,4813,6.56,1
2026-06-07 15:42:00,order,57.57,62.27,565.29,3862,4.3,1
2026-06-07 15:42:00,payment,60.12,54.84,496.73,3423,1.99,0
2026-06-07 15:45:00,payment,63.97,56.53,495.52,4380,3.73,0
2026-06-07 15:45:00,notification,57.79,66.83,654.68,5106,6.81,1
2026-06-07 15:45:00,order,61.71,61.71,454.76,4530,5.12,0
2026-06-07 15:48:00,payment,54.2,57.19,570.61,4151,3.93,0
2026-06-07 15:48:00,order,53.97,69.0,387.93,4980,6.4,1
2026-06-07 15:48:00,notification,55.85,71.97,742.55,5620,6.44,1
2026-06-07 15:51:00,order,48.47,67.8,462.83,5118,6.54,0
2026-06-07 15:51:00,payment,65.28,52.89,457.32,4608,5.3,1
2026-06-07 15:51:00,notification,70.14,79.53,756.41,6137,7.57,1
2026-06-07 15:54:00,payment,48.16,60.69,424.51,4357,5.11,0
2026-06-07 15:54:00,order,53.94,62.54,554.48,4597,4.0,0
2026-06-07 15:54:00,notification,65.47,67.91,796.32,4975,8.58,0
2026-06-07 15:57:00,notification,70.89,69.23,668.19,5694,9.04,0
2026-06-07 15:57:00,payment,65.19,68.53,591.38,4694,5.1,0
2026-06-07 15:57:00,order,68.75,58.23,524.13,5511,6.45,0
2026-06-07 16:00:00,notification,69.17,67.9,772.5,5695,9.21,1
2026-06-07 16:00:00,order,53.09,62.2,416.88,4715,3.54,0
2026-06-07 16:00:00,payment,57.19,57.07,631.65,5027,6.9,0
2026-06-07 16:03:00,notification,63.33,69.64,810.86,6133,7.2,1
2026-06-07 16:03:00,order,58.68,58.73,511.41,4605,5.12,0
2026-06-07 16:03:00,payment,53.67,64.58,566.15,4976,4.15,1
2026-06-07 16:06:00,notification,64.74,70.01,668.84,4817,6.4,1
2026-06-07 16:06:00,payment,66.69,70.31,548.93,5589,6.56,1
2026-06-07 16:06:00,order,55.57,73.61,637.37,5684,7.14,1
2026-06-07 16:09:00,order,71.26,74.06,556.16,4950,6.1,1
2026-06-07 16:09:00,notification,71.39,73.05,786.2,5743,6.41,1
2026-06-07 16:09:00,payment,68.02,56.65,631.85,4807,5.63,1
2026-06-07 16:12:00,payment,70.95,67.11,602.75,5383,8.45,1
2026-06-07 16:12:00,order,57.71,66.69,527.99,4336,5.17,0
2026-06-07 16:12:00,notification,73.27,70.96,865.26,5494,8.27,1
2026-06-07 16:15:00,order,61.26,61.06,717.61,5608,4.86,1
2026-06-07 16:15:00,notification,63.62,61.2,762.26,5504,5.65,1
2026-06-07 16:15:00,payment,67.62,77.44,793.1,5235,8.69,1
2026-06-07 16:18:00,order,66.42,67.28,756.56,5797,9.17,1
2026-06-07 16:18:00,notification,74.38,78.02,837.18,5972,8.06,1
2026-06-07 16:18:00,payment,65.85,70.89,663.72,5417,8.97,0
2026-06-07 16:21:00,notification,64.06,68.1,666.05,5834,7.75,1
2026-06-07 16:21:00,payment,69.27,59.66,664.25,5153,7.93,1
2026-06-07 16:21:00,order,85.5,71.31,789.94,6347,9.41,1
2026-06-07 16:24:00,order,71.94,67.16,945.41,6217,9.17,1
2026-06-07 16:24:00,payment,68.39,72.7,801.33,5345,4.47,1
2026-06-07 16:24:00,notification,58.64,73.98,607.94,5202,5.3,0
2026-06-07 16:27:00,order,65.46,67.4,687.22,6300,7.26,1
2026-06-07 16:27:00,payment,72.02,67.53,857.78,5584,8.46,1
2026-06-07 16:27:00,notification,54.47,58.28,452.51,3965,4.86,1
2026-06-07 16:30:00,notification,62.59,64.99,802.15,5102,6.5,1
2026-06-07 16:30:00,order,46.34,67.74,685.06,4618,7.72,0
2026-06-07 16:30:00,payment,67.78,72.85,765.71,5630,9.89,1
2026-06-07 16:33:00,notification,64.4,66.61,660.34,6534,7.72,1
2026-06-07 16:33:00,order,74.69,71.69,802.43,5373,8.24,1
2026-06-07 16:33:00,payment,71.25,65.63,871.74,5475,7.47,0
2026-06-07 16:36:00,payment,55.84,68.32,759.95,5613,5.32,0
2026-06-07 16:36:00,notification,73.93,67.74,685.87,5166,8.17,1
2026-06-07 16:36:00,order,66.09,78.62,900.37,5797,8.28,1
2026-06-07 16:39:00,notification,74.69,68.49,725.05,5224,5.89,1
2026-06-07 16:39:00,payment,66.29,67.15,729.8,5527,8.77,1
2026-06-07 16:39:00,order,61.7,69.16,746.14,6008,7.99,1
2026-06-07 16:42:00,payment,55.52,67.1,699.32,4987,7.55,1
2026-06-07 16:42:00,notification,65.28,74.84,711.69,5787,6.33,1
2026-06-07 16:42:00,order,55.14,61.76,444.62,4926,4.21,1
2026-06-07 16:45:00,order,68.96,57.21,636.06,5294,5.63,1
2026-06-07 16:45:00,payment,68.02,66.39,728.38,5568,7.06,1
2026-06-07 16:45:00,notification,56.98,75.17,753.84,5756,9.79,1
2026-06-07 16:48:00,payment,76.92,68.71,844.13,5201,7.93,1
2026-06-07 16:48:00,order,57.99,63.75,445.92,4732,5.8,1
2026-06-07 16:48:00,notification,64.97,68.71,855.69,5465,8.05,1
2026-06-07 16:51:00,payment,60.17,60.52,661.47,5360,5.6,0
2026-06-07 16:51:00,order,47.97,58.79,546.18,4488,4.86,0
2026-06-07 16:51:00,notification,65.35,66.9,832.78,6137,7.15,0
2026-06-07 16:54:00,notification,65.36,70.8,580.06,5675,8.26,1
2026-06-07 16:54:00,order,56.12,60.21,560.29,4793,5.22,0
2026-06-07 16:54:00,payment,66.89,71.49,761.19,5353,8.46,1
2026-06-07 16:57:00,order,54.23,60.01,467.4,4828,6.56,0
2026-06-07 16:57:00,payment,75.97,74.39,829.8,6120,10.29,1
2026-06-07 16:57:00,notification,55.6,63.95,768.16,5651,7.73,0
2026-06-07 17:00:00,order,59.86,58.87,428.21,4716,3.83,0
2026-06-07 17:00:00,notification,72.31,72.24,667.8,5066,8.88,1
2026-06-07 17:00:00,payment,60.31,66.52,966.76,6265,9.46,0
2026-06-07 17:03:00,notification,57.01,64.69,630.39,4824,6.36,0
2026-06-07 17:03:00,order,56.46,66.07,505.92,4937,4.62,0
2026-06-07 17:03:00,payment,71.77,81.42,1042.26,7053,11.99,1
2026-06-07 17:06:00,order,49.59,62.38,590.41,4874,3.06,1
2026-06-07 17:06:00,payment,75.45,74.18,921.71,6388,10.26,1
2026-06-07 17:06:00,notification,59.98,60.06,564.51,4323,5.22,1
2026-06-07 17:09:00,order,53.02,65.83,370.21,4502,3.18,0
2026-06-07 17:09:00,payment,49.92,70.84,762.55,5623,10.09,1
2026-06-07 17:09:00,notification,59.12,49.65,454.24,4675,6.05,1
2026-06-07 17:12:00,order,55.91,54.74,473.01,4424,3.64,0
2026-06-07 17:12:00,payment,55.89,69.15,634.94,4719,7.23,1
2026-06-07 17:12:00,notification,56.14,65.29,538.39,5354,5.52,0
2026-06-07 17:15:00,notification,69.04,70.51,530.64,5011,4.65,0
2026-06-07 17:15:00,payment,69.09,67.59,628.99,5395,6.27,1
2026-06-07 17:15:00,order,48.44,66.35,430.63,4440,5.08,0
2026-06-07 17:18:00,order,41.84,55.62,454.91,3717,4.21,0
2026-06-07 17:18:00,notification,59.07,59.4,618.4,5225,5.59,0
2026-06-07 17:18:00,payment,66.9,70.42,500.06,4794,5.94,1
2026-06-07 17:21:00,order,54.66,57.28,356.31,4443,5.3,1
2026-06-07 17:21:00,payment,60.92,61.25,510.24,4054,6.33,1
2026-06-07 17:21:00,notification,55.7,66.46,532.36,5004,3.42,1
2026-06-07 17:24:00,payment,64.28,68.16,506.7,4620,5.01,1
2026-06-07 17:24:00,notification,65.68,68.44,670.02,5664,7.19,1
2026-06-07 17:24:00,order,53.15,61.61,391.64,4935,3.38,0
2026-06-07 17:27:00,notification,69.54,64.8,665.8,4620,6.17,1
2026-06-07 17:27:00,order,54.7,65.25,399.53,3655,4.78,0
2026-06-07 17:27:00,payment,62.3,65.31,599.85,4993,6.8,1
2026-06-07 17:30:00,order,63.0,67.59,459.14,4905,5.96,0
2026-06-07 17:30:00,payment,60.67,64.13,498.5,4193,6.47,1
2026-06-07 17:30:00,notification,62.3,68.94,654.67,3652,5.28,1
2026-06-07 17:33:00,notification,65.65,72.17,703.34,5257,7.94,1
2026-06-07 17:33:00,order,48.49,68.84,628.11,4762,8.34,0
2026-06-07 17:33:00,payment,54.91,63.16,455.88,4416,3.95,1
2026-06-07 17:36:00,notification,71.35,69.48,553.4,5378,7.57,1
2026-06-07 17:36:00,order,57.64,60.17,470.52,4440,5.21,0
2026-06-07 17:36:00,payment,62.13,71.26,572.77,4933,8.01,1
2026-06-07 17:39:00,notification,66.47,73.15,725.37,5598,9.86,1
2026-06-07 17:39:00,payment,54.83,66.29,529.58,4637,6.73,1
2026-06-07 17:39:00,order,54.19,64.29,282.4,4004,2.79,0
2026-06-07 17:42:00,payment,68.87,62.72,653.57,5439,6.29,1
2026-06-07 17:42:00,order,51.09,59.97,277.96,3954,3.46,1
2026-06-07 17:42:00,notification,59.49,63.35,674.17,4609,3.31,1
2026-06-07 17:45:00,notification,64.6,67.79,483.73,4246,5.06,1
2026-06-07 17:45:00,order,46.68,44.71,426.31,4444,4.64,0
2026-06-07 17:45:00,payment,69.14,60.65,578.03,4283,5.02,1
2026-06-07 17:48:00,notification,60.6,56.53,537.8,4899,5.33,1
2026-06-07 17:48:00,payment,69.86,64.94,689.43,5791,6.38,1
2026-06-07 17:48:00,order,51.56,60.03,401.43,4182,5.82,0
2026-06-07 17:51:00,payment,61.89,63.72,751.56,5262,6.83,1
2026-06-07 17:51:00,notification,62.22,73.49,739.53,5373,9.06,0
2026-06-07 17:51:00,order,55.35,60.1,450.64,5200,4.41,0
2026-06-07 17:54:00,payment,60.02,63.45,816.17,5658,6.73,1
2026-06-07 17:54:00,notification,69.01,77.64,879.35,5848,9.3,1
2026-06-07 17:54:00,order,46.4,58.59,412.19,4270,3.42,0
2026-06-07 17:57:00,notification,65.14,69.32,814.42,6233,11.9,1
2026-06-07 17:57:00,order,57.93,63.19,462.0,4040,7.37,0
2026-06-07 17:57:00,payment,75.02,59.43,859.67,5651,8.99,1
2026-06-07 18:00:00,order,54.07,60.14,347.88,4305,2.42,0
2026-06-07 18:00:00,payment,66.62,58.94,748.12,4478,5.51,1
2026-06-07 18:00:00,notification,75.88,73.73,1083.5,7004,14.79,1
2026-06-07 18:03:00,payment,67.79,78.7,659.6,5012,7.3,1
2026-06-07 18:03:00,notification,79.5,83.52,1072.44,6587,12.18,1
2026-06-07 18:03:00,order,52.97,57.58,462.85,4132,5.58,0
2026-06-07 18:06:00,payment,58.99,62.93,676.98,4898,6.14,1
2026-06-07 18:06:00,notification,69.78,80.23,1150.89,6614,13.54,1
2026-06-07 18:06:00,order,60.91,66.93,491.77,4363,4.53,1
2026-06-07 18:09:00,notification,76.08,70.05,1042.55,6726,11.11,1
2026-06-07 18:09:00,payment,65.65,75.98,719.86,5538,5.0,1
2026-06-07 18:09:00,order,58.02,58.19,558.83,5590,6.33,0
2026-06-07 18:12:00,order,68.58,56.63,489.31,4757,3.97,1
2026-06-07 18:12:00,payment,56.81,68.68,737.5,4612,7.52,0
2026-06-07 18:12:00,notification,74.95,72.37,976.08,5539,10.89,1
2026-06-07 18:15:00,payment,67.9,67.06,630.03,4906,6.75,1
2026-06-07 18:15:00,notification,64.88,59.66,690.26,5012,10.01,1
2026-06-07 18:15:00,order,60.21,59.76,674.12,4462,9.43,1
2026-06-07 18:18:00,order,54.55,66.1,563.1,4671,5.85,1
2026-06-07 18:18:00,payment,72.62,60.03,723.28,5342,8.68,1
2026-06-07 18:18:00,notification,72.21,65.97,696.18,5882,8.49,1
2026-06-07 18:21:00,notification,65.31,67.9,655.29,5737,6.7,1
2026-06-07 18:21:00,order,58.14,68.6,653.58,5529,6.25,1
2026-06-07 18:21:00,payment,71.27,65.12,605.66,5156,5.76,1
2026-06-07 18:24:00,payment,61.96,71.37,613.31,4737,4.33,1
2026-06-07 18:24:00,notification,65.84,69.86,717.46,4576,6.45,1
2026-06-07 18:24:00,order,67.02,65.06,780.33,5547,6.38,1
2026-06-07 18:27:00,payment,51.97,71.85,484.72,4441,4.55,0
2026-06-07 18:27:00,notification,71.53,66.71,630.31,4853,8.83,1
2026-06-07 18:27:00,order,58.17,64.56,686.01,5583,4.81,1
2026-06-07 18:30:00,notification,70.75,78.29,799.9,6349,7.12,1
2026-06-07 18:30:00,payment,61.81,65.75,531.63,4235,5.81,1
2026-06-07 18:30:00,order,65.41,67.47,693.79,5043,8.04,1
2026-06-07 18:33:00,notification,66.43,69.93,640.79,5181,8.31,1
2026-06-07 18:33:00,payment,76.26,61.0,547.75,5391,6.82,0
2026-06-07 18:33:00,order,64.68,64.29,674.28,5405,7.23,1
2026-06-07 18:36:00,payment,57.47,61.33,643.58,5669,7.38,0
2026-06-07 18:36:00,notification,67.96,63.22,974.28,5182,9.0,1
2026-06-07 18:36:00,order,64.15,73.3,705.88,5782,7.75,1
2026-06-07 18:39:00,order,62.92,74.16,760.62,5792,5.95,0
2026-06-07 18:39:00,payment,58.14,58.31,657.98,4507,5.14,1
2026-06-07 18:39:00,notification,69.93,76.09,973.45,5750,9.37,1
2026-06-07 18:42:00,order,68.75,65.06,573.72,4946,7.15,1
2026-06-07 18:42:00,payment,69.56,71.15,587.56,4466,8.43,0
2026-06-07 18:42:00,notification,73.9,74.39,859.71,5867,10.9,1
2026-06-07 18:45:00,order,56.94,65.55,570.6,4844,6.08,0
2026-06-07 18:45:00,notification,64.68,70.86,934.08,6250,9.92,1
2026-06-07 18:45:00,payment,63.49,71.83,561.62,4613,6.02,1
2026-06-07 18:48:00,payment,75.41,65.27,608.12,5021,4.54,1
2026-06-07 18:48:00,notification,75.44,75.49,702.7,5948,7.85,1
2026-06-07 18:48:00,order,61.48,64.51,675.71,5288,6.58,1
2026-06-07 18:51:00,payment,54.16,61.11,516.82,4559,3.79,1
2026-06-07 18:51:00,notification,100.0,96.22,1830.05,8197,25.59,1
2026-06-07 18:51:00,order,60.74,68.85,552.75,4652,5.87,1
2026-06-07 18:54:00,payment,56.89,73.98,661.1,5675,7.18,1
2026-06-07 18:54:00,order,51.85,72.6,555.23,4966,4.39,1
2026-06-07 18:54:00,notification,76.71,73.6,1101.35,6567,13.83,1
2026-06-07 18:57:00,notification,60.45,74.25,901.44,6072,10.8,1
2026-06-07 18:57:00,payment,67.23,58.86,581.59,5165,4.29,1
2026-06-07 18:57:00,order,57.49,57.08,376.06,3903,2.24,0
2026-06-07 19:00:00,notification,72.52,78.08,846.53,5938,8.82,0
2026-06-07 19:00:00,payment,51.59,63.06,478.31,4748,5.86,1
2026-06-07 19:00:00,order,56.91,57.06,337.51,3949,3.09,0
2026-06-07 19:03:00,payment,57.77,65.27,528.19,3913,6.28,1
2026-06-07 19:03:00,notification,73.45,75.05,960.35,6033,12.7,1
2026-06-07 19:03:00,order,56.68,60.22,333.69,3576,3.62,1
2026-06-07 19:06:00,payment,55.58,56.13,505.48,4097,5.41,1
2026-06-07 19:06:00,notification,72.78,64.82,759.99,5866,7.77,1
2026-06-07 19:06:00,order,44.88,58.21,385.35,3221,3.28,0
2026-06-07 19:09:00,order,42.32,49.41,385.6,3221,0.26,1
2026-06-07 19:09:00,payment,63.34,58.23,543.95,4278,3.59,1
2026-06-07 19:09:00,notification,66.95,71.86,834.36,6146,8.47,1
2026-06-07 19:12:00,notification,74.03,69.32,798.33,5643,8.34,1
2026-06-07 19:12:00,order,47.32,44.15,300.47,3656,2.39,0
2026-06-07 19:12:00,payment,65.1,61.47,677.17,4661,7.14,0
2026-06-07 19:15:00,order,50.5,53.19,323.64,4077,1.87,0
2026-06-07 19:15:00,notification,62.58,69.82,800.36,5603,8.57,1
2026-06-07 19:15:00,payment,62.31,70.57,570.0,4837,5.79,1
2026-06-07 19:18:00,order,54.57,60.59,420.66,4517,3.91,0
2026-06-07 19:18:00,notification,64.63,60.83,675.74,5277,7.61,1
2026-06-07 19:18:00,payment,57.88,73.67,590.25,4923,4.92,1
2026-06-07 19:21:00,order,46.17,51.79,336.12,3752,3.61,1
2026-06-07 19:21:00,notification,65.4,68.46,624.11,4952,5.22,1
2026-06-07 19:21:00,payment,60.0,58.25,434.06,3353,3.24,0
2026-06-07 19:24:00,payment,77.45,56.83,365.63,4407,4.15,0
2026-06-07 19:24:00,order,49.24,48.33,321.95,3440,0.0,1
2026-06-07 19:24:00,notification,62.89,61.32,558.09,4501,5.7,0
2026-06-07 19:27:00,notification,65.19,68.27,612.58,5014,5.05,1
2026-06-07 19:27:00,order,37.47,54.65,375.91,3298,5.26,0
2026-06-07 19:27:00,payment,57.21,54.97,358.18,4066,2.71,0
2026-06-07 19:30:00,order,58.38,68.09,358.79,3750,2.62,1
2026-06-07 19:30:00,notification,69.97,74.34,743.85,5516,8.58,1
2026-06-07 19:30:00,payment,52.12,56.68,357.46,4038,3.51,0
2026-06-07 19:33:00,notification,58.35,69.11,670.83,5326,9.32,1
2026-06-07 19:33:00,order,64.69,54.5,522.99,4803,5.46,0
2026-06-07 19:33:00,payment,47.36,56.98,365.36,4582,5.8,1
2026-06-07 19:36:00,payment,50.71,58.74,452.73,3912,5.06,0
2026-06-07 19:36:00,notification,70.32,63.76,717.34,5146,6.2,1
2026-06-07 19:36:00,order,54.15,59.93,480.87,4197,5.75,1
2026-06-07 19:39:00,notification,69.2,66.89,717.58,5489,9.38,1
2026-06-07 19:39:00,order,56.06,56.71,449.96,4223,3.63,0
2026-06-07 19:39:00,payment,53.11,61.17,488.04,4707,3.96,0
2026-06-07 19:42:00,order,65.74,69.75,412.98,4364,4.76,1
2026-06-07 19:42:00,notification,64.87,69.82,710.43,5558,11.79,1
2026-06-07 19:42:00,payment,50.52,56.51,368.04,4075,3.97,0
2026-06-07 19:45:00,order,57.19,53.74,442.94,3929,3.76,0
2026-06-07 19:45:00,payment,49.05,53.71,345.86,4243,1.98,0
2026-06-07 19:45:00,notification,67.18,70.06,806.52,4924,7.82,0
2026-06-07 19:48:00,order,58.99,57.32,519.0,4634,2.58,1
2026-06-07 19:48:00,notification,65.07,64.27,552.3,5615,6.81,1
2026-06-07 19:48:00,payment,57.94,52.15,249.36,3079,1.64,0
2026-06-07 19:51:00,notification,65.14,66.68,798.44,5921,7.69,1
2026-06-07 19:51:00,order,67.03,60.57,385.19,4986,5.67,1
2026-06-07 19:51:00,payment,58.58,54.73,295.52,4424,1.21,0
2026-06-07 19:54:00,order,68.08,60.99,388.53,4354,3.45,1
2026-06-07 19:54:00,payment,45.39,50.09,395.36,2975,2.38,0
2026-06-07 19:54:00,notification,49.24,66.57,666.31,4184,6.58,0
2026-06-07 19:57:00,payment,38.54,55.63,202.98,4296,2.8,0
2026-06-07 19:57:00,notification,57.75,66.57,411.28,4695,6.25,1
2026-06-07 19:57:00,order,46.53,63.25,483.51,3935,5.64,0
2026-06-07 20:00:00,notification,55.63,61.1,417.88,4781,6.43,0
2026-06-07 20:00:00,order,52.45,64.45,486.5,3797,5.07,1
2026-06-07 20:00:00,payment,54.26,43.35,193.55,2945,1.98,0
2026-06-07 20:03:00,order,56.66,52.77,385.43,3760,2.08,1
2026-06-07 20:03:00,payment,51.89,65.1,391.04,4388,2.25,0
2026-06-07 20:03:00,notification,60.29,65.38,515.99,4963,3.78,0
2026-06-07 20:06:00,payment,44.32,60.02,447.51,4089,4.02,0
2026-06-07 20:06:00,order,52.79,56.6,267.49,3926,3.47,1
2026-06-07 20:06:00,notification,62.43,66.15,612.55,4442,7.93,0
2026-06-07 20:09:00,payment,57.61,61.25,442.14,4375,5.2,0
2026-06-07 20:09:00,order,56.65,56.37,396.1,3987,3.99,0
2026-06-07 20:09:00,notification,72.08,64.83,606.93,4604,5.26,0
2026-06-07 20:12:00,notification,57.35,59.35,570.09,4422,4.86,0
2026-06-07 20:12:00,payment,63.16,64.94,605.59,4469,5.68,1
2026-06-07 20:12:00,order,37.86,55.94,403.21,3941,5.72,0
2026-06-07 20:15:00,payment,40.24,55.91,387.52,3811,3.94,0
2026-06-07 20:15:00,order,40.84,62.44,359.39,4408,2.81,0
2026-06-07 20:15:00,notification,49.54,64.69,522.65,4568,4.81,1
2026-06-07 20:18:00,order,59.18,55.17,302.34,3461,2.21,0
2026-06-07 20:18:00,payment,52.5,57.12,461.53,3414,7.19,0
2026-06-07 20:18:00,notification,54.56,66.57,363.1,3790,4.97,0
2026-06-07 20:21:00,order,53.95,62.58,236.88,3485,3.18,0
2026-06-07 20:21:00,notification,50.49,59.89,382.55,4760,2.93,0
2026-06-07 20:21:00,payment,52.87,53.21,502.85,5113,6.88,1
2026-06-07 20:24:00,notification,49.97,56.4,465.27,3767,4.17,0
2026-06-07 20:24:00,order,50.61,56.29,183.79,3623,2.51,0
2026-06-07 20:24:00,payment,60.91,59.65,529.68,4459,3.88,0
2026-06-07 20:27:00,notification,48.35,51.82,369.83,3436,2.86,0
2026-06-07 20:27:00,payment,52.06,63.25,490.26,3108,3.78,0
2026-06-07 20:27:00,order,43.2,60.38,365.67,4323,1.28,0
2026-06-07 20:30:00,notification,53.27,56.64,412.74,3452,3.67,1
2026-06-07 20:30:00,payment,47.39,54.48,346.89,4108,4.19,0
2026-06-07 20:30:00,order,47.39,41.52,342.98,3656,4.0,0
2026-06-07 20:33:00,payment,56.48,60.21,444.33,4234,2.19,0
2026-06-07 20:33:00,notification,53.31,47.98,426.78,4656,4.28,0
2026-06-07 20:33:00,order,49.42,52.26,281.61,2945,3.94,0
2026-06-07 20:36:00,notification,56.73,62.55,535.03,4186,2.72,0
2026-06-07 20:36:00,order,35.34,51.98,277.39,3263,1.82,0
2026-06-07 20:36:00,payment,50.34,46.21,446.48,3784,4.56,0
2026-06-07 20:39:00,order,39.86,52.83,268.45,2962,0.18,0
2026-06-07 20:39:00,payment,55.26,55.16,385.99,3663,3.38,0
2026-06-07 20:39:00,notification,62.87,65.98,414.22,4676,2.69,1
2026-06-07 20:42:00,payment,47.07,64.39,375.81,4125,4.14,0
2026-06-07 20:42:00,notification,52.47,54.48,449.78,4223,4.08,0
2026-06-07 20:42:00,order,48.11,59.43,353.38,3506,1.86,0
2026-06-07 20:45:00,notification,45.33,57.01,461.69,3546,1.95,0
2026-06-07 20:45:00,order,47.57,53.25,307.61,2268,0.6,0
2026-06-07 20:45:00,payment,44.13,56.43,385.81,4453,2.63,0
2026-06-07 20:48:00,payment,58.61,54.69,517.09,4209,2.84,0
2026-06-07 20:48:00,order,40.38,43.66,233.0,3046,1.31,0
2026-06-07 20:48:00,notification,49.85,62.47,395.85,3629,3.61,0
2026-06-07 20:51:00,notification,46.0,54.88,428.87,3720,3.27,0
2026-06-07 20:51:00,payment,56.67,56.46,376.52,4871,1.69,1
2026-06-07 20:51:00,order,52.98,55.45,293.56,3317,2.44,0
2026-06-07 20:54:00,notification,53.61,63.77,401.91,4687,4.15,1
2026-06-07 20:54:00,payment,60.28,44.26,384.93,4694,5.74,0
2026-06-07 20:54:00,order,78.91,79.05,994.98,5846,11.9,1
2026-06-07 20:57:00,order,53.18,63.97,579.56,4746,8.65,0
2026-06-07 20:57:00,payment,50.19,53.19,365.64,4004,4.73,0
2026-06-07 20:57:00,notification,33.52,55.53,408.26,4989,4.38,0
2026-06-07 21:00:00,notification,58.3,61.02,551.62,4152,5.16,1
2026-06-07 21:00:00,order,67.67,59.8,560.96,4462,5.61,0
2026-06-07 21:00:00,payment,48.99,63.85,386.59,3507,4.51,0
2026-06-07 21:03:00,order,60.5,62.13,440.88,3680,2.36,0
2026-06-07 21:03:00,notification,47.67,59.73,584.17,4395,5.12,0
2026-06-07 21:03:00,payment,63.25,56.78,439.74,4188,4.47,1
2026-06-07 21:06:00,notification,63.98,49.78,548.14,4984,3.79,0
2026-06-07 21:06:00,payment,51.0,61.64,622.2,5032,2.83,0
2026-06-07 21:06:00,order,53.16,56.87,273.44,2751,4.06,1
2026-06-07 21:09:00,order,50.42,61.75,452.28,3394,2.74,0
2026-06-07 21:09:00,payment,68.99,53.44,628.99,4991,5.16,1
2026-06-07 21:09:00,notification,52.27,55.31,414.76,4359,4.4,0
2026-06-07 21:12:00,payment,70.63,57.99,639.43,5353,6.19,1
2026-06-07 21:12:00,notification,51.81,57.82,480.0,3965,4.63,0
2026-06-07 21:12:00,order,58.59,59.43,387.69,3658,3.52,0
2026-06-07 21:15:00,order,59.4,49.58,458.8,4410,4.35,1
2026-06-07 21:15:00,notification,60.86,65.65,375.6,3926,2.66,0
2026-06-07 21:15:00,payment,74.39,77.6,856.18,6146,7.89,1
2026-06-07 21:18:00,payment,63.93,73.75,837.91,5887,6.63,1
2026-06-07 21:18:00,notification,50.05,55.8,403.29,4242,3.12,1
2026-06-07 21:18:00,order,55.08,61.21,469.73,3977,4.68,1
2026-06-07 21:21:00,payment,62.07,63.25,664.03,5447,7.02,1
2026-06-07 21:21:00,notification,42.54,50.43,289.65,3352,1.81,0
2026-06-07 21:21:00,order,64.4,57.29,423.08,4243,5.18,1
2026-06-07 21:24:00,payment,65.33,66.27,817.22,5725,8.09,1
2026-06-07 21:24:00,notification,46.04,56.13,409.37,3228,3.94,0
2026-06-07 21:24:00,order,40.67,61.12,545.05,3704,4.18,0
2026-06-07 21:27:00,payment,54.03,65.22,560.42,5895,6.23,1
2026-06-07 21:27:00,order,44.86,56.4,298.76,3919,1.14,1
2026-06-07 21:27:00,notification,41.94,39.47,341.75,4045,1.47,0
2026-06-07 21:30:00,order,51.87,49.85,301.06,3793,0.83,0
2026-06-07 21:30:00,payment,53.41,57.17,513.01,4123,6.37,0
2026-06-07 21:30:00,notification,53.3,60.24,342.27,2649,1.93,1
2026-06-07 21:33:00,payment,60.64,51.09,500.19,4654,7.01,0
2026-06-07 21:33:00,notification,52.29,57.61,255.38,3092,1.33,0
2026-06-07 21:33:00,order,49.06,55.72,325.14,3543,3.45,0
2026-06-07 21:36:00,notification,47.84,52.55,283.56,3695,3.67,0
2026-06-07 21:36:00,payment,61.6,61.11,497.97,5293,5.64,1
2026-06-07 21:36:00,order,50.35,54.68,218.07,3374,2.7,0
2026-06-07 21:39:00,payment,50.05,63.62,498.95,3944,4.2,1
2026-06-07 21:39:00,order,44.76,60.13,415.35,4297,5.05,0
2026-06-07 21:39:00,notification,53.62,58.16,250.09,3979,1.36,0
2026-06-07 21:42:00,order,52.81,63.81,374.66,4222,3.73,0
2026-06-07 21:42:00,notification,57.35,60.08,439.65,4217,2.81,0
2026-06-07 21:42:00,payment,60.04,63.41,469.8,4776,6.47,1
2026-06-07 21:45:00,notification,50.7,56.71,387.99,3755,2.97,0
2026-06-07 21:45:00,order,58.62,51.6,398.87,3972,3.53,0
2026-06-07 21:45:00,payment,60.86,66.64,495.72,5060,3.05,1
2026-06-07 21:48:00,notification,53.77,60.07,301.92,4302,3.48,0
2026-06-07 21:48:00,payment,68.41,55.53,635.95,4147,2.84,1
2026-06-07 21:48:00,order,48.04,60.4,422.73,3641,5.17,0
2026-06-07 21:51:00,notification,49.15,55.44,366.42,3479,2.47,0
2026-06-07 21:51:00,order,53.4,48.21,399.88,4044,2.12,0
2026-06-07 21:51:00,payment,61.13,62.2,545.16,4846,3.75,1
2026-06-07 21:54:00,payment,61.33,58.26,456.3,4158,5.0,1
2026-06-07 21:54:00,order,53.25,66.61,411.61,4112,2.5,0
2026-06-07 21:54:00,notification,49.22,58.92,407.49,4339,3.56,0
2026-06-07 21:57:00,payment,60.19,61.15,534.87,4496,4.9,1
2026-06-07 21:57:00,notification,34.58,58.08,222.27,3539,0.48,0
2026-06-07 21:57:00,order,58.03,60.82,426.15,4781,5.15,0
2026-06-07 22:00:00,payment,64.25,61.41,476.85,4502,3.67,0
2026-06-07 22:00:00,order,56.26,58.13,307.18,3994,4.18,1
2026-06-07 22:00:00,notification,48.7,53.87,300.83,3300,3.71,0
2026-06-07 22:03:00,notification,48.03,53.17,316.89,3813,2.8,0
2026-06-07 22:03:00,payment,45.33,54.67,526.79,4585,2.65,1
2026-06-07 22:03:00,order,53.14,56.91,239.13,3736,5.01,0
2026-06-07 22:06:00,payment,51.15,41.89,306.85,3888,1.74,0
2026-06-07 22:06:00,order,54.27,62.87,442.4,4609,6.52,0
2026-06-07 22:06:00,notification,35.62,44.5,175.42,3720,1.78,0
2026-06-07 22:09:00,notification,48.26,43.27,210.82,2847,0.0,0
2026-06-07 22:09:00,payment,51.88,62.98,383.56,3772,1.8,0
2026-06-07 22:09:00,order,57.85,66.91,404.43,3927,4.38,1
2026-06-07 22:12:00,order,55.11,59.08,567.79,4352,3.91,0
2026-06-07 22:12:00,notification,41.28,40.71,173.72,3342,1.54,0
2026-06-07 22:12:00,payment,52.42,60.32,396.85,3970,5.59,1
2026-06-07 22:15:00,order,49.7,57.35,312.06,2929,1.16,0
2026-06-07 22:15:00,payment,58.38,52.8,435.62,4210,4.06,0
2026-06-07 22:15:00,notification,47.68,53.18,160.03,2425,1.07,0
2026-06-07 22:18:00,payment,59.44,62.52,425.85,3905,6.33,1
2026-06-07 22:18:00,order,59.48,58.0,392.07,3522,3.59,0
2026-06-07 22:18:00,notification,45.34,48.56,106.36,2514,0.88,1
2026-06-07 22:21:00,payment,58.68,58.5,423.0,4223,3.34,1
2026-06-07 22:21:00,order,40.19,42.2,307.95,3266,0.0,0
2026-06-07 22:21:00,notification,38.58,40.49,106.54,2188,1.04,0
2026-06-07 22:24:00,order,51.25,51.17,256.96,4227,1.47,0
2026-06-07 22:24:00,notification,32.22,41.43,261.34,2128,2.16,0
2026-06-07 22:24:00,payment,54.49,57.99,522.45,4375,4.77,1
2026-06-07 22:27:00,order,41.8,55.4,264.9,3396,2.66,1
2026-06-07 22:27:00,notification,33.92,40.2,91.93,2658,3.17,0
2026-06-07 22:27:00,payment,48.54,54.04,321.82,4210,3.77,0
2026-06-07 22:30:00,order,57.95,58.36,314.42,2967,1.27,0
2026-06-07 22:30:00,notification,30.96,48.91,189.29,2293,2.75,0
2026-06-07 22:30:00,payment,58.39,59.59,429.51,4406,4.27,0
2026-06-07 22:33:00,order,45.62,58.02,292.89,3148,1.81,0
2026-06-07 22:33:00,payment,53.64,52.69,404.13,3992,3.46,0
2026-06-07 22:33:00,notification,51.63,54.38,218.12,2593,1.38,0
2026-06-07 22:36:00,payment,45.05,50.88,334.88,3665,4.25,1
2026-06-07 22:36:00,order,40.81,47.92,358.77,4136,2.23,0
2026-06-07 22:36:00,notification,44.69,55.99,336.98,3278,3.47,0
2026-06-07 22:39:00,payment,44.85,57.67,298.62,2896,2.69,1
2026-06-07 22:39:00,order,42.6,55.3,196.85,2261,0.36,0
2026-06-07 22:39:00,notification,38.73,50.12,122.07,2808,3.58,0
2026-06-07 22:42:00,payment,35.03,50.67,249.04,3362,0.62,0
2026-06-07 22:42:00,notification,43.84,46.55,148.32,3258,1.31,0
2026-06-07 22:42:00,order,37.97,57.78,313.13,3686,0.0,0
2026-06-07 22:45:00,notification,29.56,35.08,167.21,1990,0.0,0
2026-06-07 22:45:00,payment,46.42,51.44,203.75,3275,2.94,0
2026-06-07 22:45:00,order,44.2,55.76,263.26,3667,3.23,0
2026-06-07 22:48:00,payment,44.74,55.4,199.97,3258,1.89,0
2026-06-07 22:48:00,notification,38.23,35.19,125.76,2540,0.0,0
2026-06-07 22:48:00,order,51.69,43.59,360.12,3468,2.18,0
2026-06-07 22:51:00,payment,42.32,48.47,302.19,3380,1.05,0
2026-06-07 22:51:00,notification,38.89,50.6,121.89,2583,0.0,0
2026-06-07 22:51:00,order,55.17,50.16,341.47,3283,2.61,0
2026-06-07 22:54:00,order,55.06,54.72,227.07,4151,2.44,0
2026-06-07 22:54:00,payment,57.04,50.95,327.67,3672,3.13,0
2026-06-07 22:54:00,notification,36.32,48.11,221.36,2712,0.63,0
2026-06-07 22:57:00,notification,29.38,51.73,46.07,2624,1.12,0
2026-06-07 22:57:00,order,46.86,52.08,307.28,3747,2.2,0
2026-06-07 22:57:00,payment,38.0,52.63,264.63,3293,2.95,0
2026-06-07 23:00:00,notification,35.03,35.97,146.07,2495,0.0,0
2026-06-07 23:00:00,order,49.94,41.6,209.12,2941,2.31,0
2026-06-07 23:00:00,payment,45.53,40.31,176.66,2724,0.72,0
2026-06-07 23:03:00,payment,54.63,49.3,191.43,2495,0.91,0
2026-06-07 23:03:00,order,51.88,51.56,332.72,3419,1.98,0
2026-06-07 23:03:00,notification,41.86,47.74,166.02,3245,2.39,0
2026-06-07 23:06:00,notification,31.85,39.45,253.28,1920,1.54,0
2026-06-07 23:06:00,payment,51.03,47.01,225.12,2900,0.12,0
2026-06-07 23:06:00,order,65.24,52.21,301.63,4416,2.79,1
2026-06-07 23:09:00,order,43.71,56.09,307.61,3659,1.06,0
2026-06-07 23:09:00,payment,49.37,59.29,222.51,4022,0.54,0
2026-06-07 23:09:00,notification,38.63,38.59,93.01,2824,0.0,0
2026-06-07 23:12:00,order,57.87,56.78,358.13,3708,5.53,0
2026-06-07 23:12:00,notification,51.72,45.88,222.06,3152,1.96,0
2026-06-07 23:12:00,payment,44.63,59.33,366.83,3715,2.84,0
2026-06-07 23:15:00,notification,40.86,57.28,189.86,3281,0.0,0
2026-06-07 23:15:00,payment,38.99,55.06,316.72,2887,3.18,0
2026-06-07 23:15:00,order,41.83,56.63,310.22,3035,3.68,0
2026-06-07 23:18:00,payment,44.27,44.59,282.37,3843,1.47,0
2026-06-07 23:18:00,order,54.88,51.68,347.83,4419,4.14,0
2026-06-07 23:18:00,notification,62.86,48.95,257.1,3183,4.73,0
2026-06-07 23:21:00,notification,47.48,57.43,213.38,2346,0.32,0
2026-06-07 23:21:00,order,40.18,50.32,252.55,3362,3.2,0
2026-06-07 23:21:00,payment,43.51,52.86,399.36,3098,4.03,0
2026-06-07 23:24:00,payment,43.86,47.95,242.26,3548,2.18,0
2026-06-07 23:24:00,order,35.87,46.48,278.43,3364,0.81,0
2026-06-07 23:24:00,notification,49.11,54.46,332.65,2757,1.77,0
2026-06-07 23:27:00,notification,45.94,62.81,427.33,3908,2.61,0
2026-06-07 23:27:00,order,40.37,53.25,144.04,2998,1.19,0
2026-06-07 23:27:00,payment,47.61,54.83,287.74,3880,2.47,0
2026-06-07 23:30:00,notification,44.66,60.22,404.08,3373,3.32,0
2026-06-07 23:30:00,payment,46.33,41.23,289.76,3403,1.85,0
2026-06-07 23:30:00,order,35.01,43.98,157.88,2610,1.11,0
2026-06-07 23:33:00,payment,50.18,45.37,301.67,2444,3.43,0
2026-06-07 23:33:00,notification,48.0,59.65,240.46,3328,1.75,1
2026-06-07 23:33:00,order,46.11,46.14,114.84,2778,1.19,0
2026-06-07 23:36:00,notification,45.18,51.51,256.75,3016,0.54,0
2026-06-07 23:36:00,payment,41.02,60.02,193.24,3719,1.33,0
2026-06-07 23:36:00,order,48.92,53.05,185.68,3211,2.39,0
2026-06-07 23:39:00,notification,45.87,54.99,229.78,3353,2.48,0
2026-06-07 23:39:00,payment,46.4,57.65,381.03,4314,2.76,0
2026-06-07 23:39:00,order,31.25,54.35,164.07,3675,0.7,0
2026-06-07 23:42:00,notification,48.29,53.72,344.99,4211,1.56,0
2026-06-07 23:42:00,payment,47.03,51.91,314.13,3828,1.73,0
2026-06-07 23:42:00,order,41.95,51.79,139.12,3392,0.26,0
2026-06-07 23:45:00,notification,39.74,63.0,196.56,3578,0.96,0
2026-06-07 23:45:00,payment,45.86,48.33,156.05,2561,1.53,0
2026-06-07 23:45:00,order,35.55,56.57,116.71,3778,0.0,0
2026-06-07 23:48:00,payment,51.1,41.57,178.7,3513,1.2,0
2026-06-07 23:48:00,order,45.95,57.8,162.39,2762,0.82,0
2026-06-07 23:48:00,notification,51.82,57.17,201.69,3366,4.07,0
2026-06-07 23:51:00,order,51.22,55.36,233.61,2696,0.93,0
2026-06-07 23:51:00,payment,40.98,47.57,131.45,2078,0.96,0
2026-06-07 23:51:00,notification,50.83,54.08,323.67,3532,2.16,0
2026-06-07 23:54:00,payment,29.72,44.69,150.69,2157,2.34,0
2026-06-07 23:54:00,notification,40.89,60.96,256.83,2776,1.37,0
2026-06-07 23:54:00,order,44.23,47.65,283.89,3324,1.15,0
2026-06-07 23:57:00,payment,40.45,52.92,82.18,2745,0.91,0
2026-06-07 23:57:00,notification,44.7,60.41,206.68,3233,1.78,0
2026-06-07 23:57:00,order,40.55,55.11,307.71,3488,1.91,0
2026-06-08 00:00:00,payment,43.05,45.81,207.14,2811,1.79,1
2026-06-08 00:00:00,order,36.99,53.13,334.13,3268,0.74,0
2026-06-08 00:00:00,notification,29.41,46.47,227.88,2849,2.16,0
2026-06-08 00:03:00,payment,40.0,47.85,299.27,2766,1.44,0
2026-06-08 00:03:00,order,58.49,49.87,211.66,3368,3.06,0
2026-06-08 00:03:00,notification,46.97,52.34,231.99,3690,2.13,0
2026-06-08 00:06:00,payment,28.56,36.46,158.61,1978,2.41,0
2026-06-08 00:06:00,order,51.3,46.09,183.21,3104,0.28,0
2026-06-08 00:06:00,notification,47.6,49.66,283.73,3277,0.0,0
2026-06-08 00:09:00,order,33.06,52.44,261.65,3382,0.43,0
2026-06-08 00:09:00,payment,48.64,43.51,34.45,2980,0.57,0
2026-06-08 00:09:00,notification,33.11,43.75,270.43,3300,1.56,0
2026-06-08 00:12:00,payment,30.61,45.29,170.62,2317,0.47,0
2026-06-08 00:12:00,order,48.4,54.79,255.73,3189,0.99,0
2026-06-08 00:12:00,notification,35.81,53.79,239.55,2728,1.73,0
2026-06-08 00:15:00,order,31.38,52.17,246.41,2528,0.77,0
2026-06-08 00:15:00,payment,43.75,44.88,170.58,2004,2.01,0
2026-06-08 00:15:00,notification,49.93,41.71,405.77,3691,1.78,0
2026-06-08 00:18:00,order,35.32,48.92,149.6,2732,2.0,1
2026-06-08 00:18:00,payment,38.73,42.4,92.27,2880,0.5,0
2026-06-08 00:18:00,notification,46.49,56.11,286.09,4504,1.34,0
2026-06-08 00:21:00,payment,42.62,47.72,194.87,2635,1.63,0
2026-06-08 00:21:00,notification,52.13,57.27,315.79,3373,4.71,1
2026-06-08 00:21:00,order,27.76,45.77,183.71,2449,0.59,0
2026-06-08 00:24:00,order,21.78,40.64,117.61,1786,0.0,0
2026-06-08 00:24:00,notification,56.51,60.35,472.07,4288,4.52,1
2026-06-08 00:24:00,payment,49.69,54.03,231.26,3040,3.89,0
2026-06-08 00:27:00,notification,67.92,61.76,547.23,4572,4.49,1
2026-06-08 00:27:00,payment,44.71,48.78,160.64,3027,0.14,0
2026-06-08 00:27:00,order,34.82,43.85,157.8,1390,1.25,0
2026-06-08 00:30:00,notification,56.49,60.59,573.63,4754,5.51,0
2026-06-08 00:30:00,payment,39.12,54.74,116.71,3876,3.3,1
2026-06-08 00:30:00,order,48.01,36.61,173.18,1876,1.36,0
2026-06-08 00:33:00,order,30.42,46.35,142.56,2405,0.04,0
2026-06-08 00:33:00,notification,62.19,54.12,630.73,4795,6.54,0
2026-06-08 00:33:00,payment,49.08,52.1,94.23,2792,0.87,0
2026-06-08 00:36:00,payment,35.29,51.57,134.46,2561,2.65,0
2026-06-08 00:36:00,order,44.3,48.19,114.43,2248,1.23,0
2026-06-08 00:36:00,notification,55.04,55.09,392.77,4349,5.49,0
2026-06-08 00:39:00,payment,37.35,40.8,138.04,2550,1.6,0
2026-06-08 00:39:00,order,46.09,56.32,199.02,2738,2.84,0
2026-06-08 00:39:00,notification,62.9,64.09,537.47,5203,7.38,0
2026-06-08 00:42:00,payment,28.62,42.82,116.51,2142,1.49,0
2026-06-08 00:42:00,order,44.04,46.48,220.01,2599,0.07,0
2026-06-08 00:42:00,notification,54.96,61.49,500.0,4271,5.06,0
2026-06-08 00:45:00,payment,31.68,44.11,120.81,2746,0.73,0
2026-06-08 00:45:00,notification,46.93,63.82,532.4,4467,4.81,0
2026-06-08 00:45:00,order,52.82,53.59,201.11,2771,2.4,0
2026-06-08 00:48:00,order,50.55,48.63,82.65,3369,3.34,0
2026-06-08 00:48:00,payment,37.89,47.61,192.97,1214,0.58,0
2026-06-08 00:48:00,notification,48.17,54.63,343.82,3295,2.96,0
2026-06-08 00:51:00,notification,59.65,56.3,392.22,4202,6.17,0
2026-06-08 00:51:00,order,50.3,54.96,168.16,3073,1.3,0
2026-06-08 00:51:00,payment,42.75,51.34,218.79,2682,0.34,0
2026-06-08 00:54:00,notification,52.75,62.09,484.22,4154,7.49,0
2026-06-08 00:54:00,order,37.01,57.46,275.55,3066,0.2,0
2026-06-08 00:54:00,payment,30.48,48.13,204.83,2687,1.24,0
2026-06-08 00:57:00,notification,56.6,49.62,448.77,4482,4.59,0
2026-06-08 00:57:00,payment,42.02,50.49,222.9,2494,0.81,0
2026-06-08 00:57:00,order,47.13,54.83,159.03,2523,3.06,0
2026-06-08 01:00:00,payment,34.49,43.6,138.61,2239,1.31,0
2026-06-08 01:00:00,order,50.25,48.23,262.82,2905,2.39,0
2026-06-08 01:00:00,notification,53.44,57.6,384.3,4002,1.62,0
2026-06-08 01:03:00,payment,48.71,52.22,131.24,3126,0.0,0
2026-06-08 01:03:00,notification,52.23,58.48,467.56,3575,3.01,0
2026-06-08 01:03:00,order,36.28,46.58,158.68,3036,1.91,0
2026-06-08 01:06:00,notification,54.23,61.86,288.29,3798,2.66,0
2026-06-08 01:06:00,order,18.49,44.57,158.81,1688,1.01,0
2026-06-08 01:06:00,payment,40.55,54.25,186.45,2738,1.52,0
2026-06-08 01:09:00,notification,62.11,56.74,361.83,3230,3.61,1
2026-06-08 01:09:00,payment,41.34,57.15,265.41,3604,3.92,0
2026-06-08 01:09:00,order,30.12,40.14,172.66,2120,2.29,0
2026-06-08 01:12:00,order,36.85,50.28,143.77,2794,0.27,0
2026-06-08 01:12:00,notification,37.7,45.86,314.41,3707,1.5,0
2026-06-08 01:12:00,payment,46.52,52.72,144.37,3291,3.16,0
2026-06-08 01:15:00,order,45.73,47.68,268.6,2716,2.48,0
2026-06-08 01:15:00,notification,41.26,46.51,190.98,3376,1.75,0
2026-06-08 01:15:00,payment,40.39,55.47,232.0,3488,2.03,0
2026-06-08 01:18:00,notification,46.74,52.05,379.78,3024,2.95,0
2026-06-08 01:18:00,payment,54.65,48.41,349.55,3984,5.28,0
2026-06-08 01:18:00,order,34.55,47.1,238.38,2486,0.54,0
2026-06-08 01:21:00,payment,46.85,53.7,328.09,3468,1.48,1
2026-06-08 01:21:00,notification,45.5,50.67,269.29,3076,1.72,1
2026-06-08 01:21:00,order,40.95,48.56,129.71,2504,0.0,0
2026-06-08 01:24:00,notification,53.35,46.47,205.05,3123,2.47,0
2026-06-08 01:24:00,payment,44.52,53.02,289.16,3575,1.82,0
2026-06-08 01:24:00,order,39.46,44.16,212.39,3360,0.35,0
2026-06-08 01:27:00,payment,45.06,41.55,210.72,2873,0.0,0
2026-06-08 01:27:00,notification,56.27,51.39,401.58,3677,2.85,0
2026-06-08 01:27:00,order,38.9,51.95,294.6,2639,1.59,0
2026-06-08 01:30:00,payment,34.83,50.03,281.84,2544,0.77,0
2026-06-08 01:30:00,order,40.71,48.34,263.82,2052,1.55,0
2026-06-08 01:30:00,notification,64.36,61.06,346.01,3862,0.37,0
2026-06-08 01:33:00,notification,55.13,62.35,389.34,3933,4.15,0
2026-06-08 01:33:00,payment,31.12,39.71,108.33,2473,3.16,0
2026-06-08 01:33:00,order,39.67,54.16,131.97,3319,2.14,1
2026-06-08 01:36:00,order,44.61,40.83,251.08,2937,0.67,0
2026-06-08 01:36:00,notification,47.02,63.01,383.84,3966,1.99,1
2026-06-08 01:36:00,payment,37.89,40.93,81.39,2049,0.26,0
2026-06-08 01:39:00,notification,49.6,52.31,306.35,3951,4.7,1
2026-06-08 01:39:00,payment,28.37,42.86,202.77,2338,0.0,0
2026-06-08 01:39:00,order,49.66,44.27,30.0,2787,1.57,0
2026-06-08 01:42:00,payment,27.3,38.11,128.7,2039,1.63,0
2026-06-08 01:42:00,notification,44.04,62.15,294.27,3535,2.06,0
2026-06-08 01:42:00,order,33.43,45.23,225.29,1952,1.93,0
2026-06-08 01:45:00,notification,56.65,58.57,373.6,3935,2.64,0
2026-06-08 01:45:00,payment,42.26,45.0,115.23,2038,1.32,0
2026-06-08 01:45:00,order,43.89,50.32,165.39,3292,4.31,1
2026-06-08 01:48:00,notification,52.08,55.37,266.0,3847,3.27,0
2026-06-08 01:48:00,payment,43.27,47.35,219.17,2577,2.16,0
2026-06-08 01:48:00,order,32.09,46.97,220.19,2317,0.76,0
2026-06-08 01:51:00,notification,51.96,52.88,406.49,3177,0.0,0
2026-06-08 01:51:00,payment,31.13,41.68,143.48,1898,0.64,0
2026-06-08 01:51:00,order,33.66,57.28,253.8,2959,2.95,0
2026-06-08 01:54:00,notification,59.76,40.7,259.53,3775,0.84,0
2026-06-08 01:54:00,payment,35.36,48.98,124.11,2480,0.0,1
2026-06-08 01:54:00,order,50.04,55.33,241.86,2835,2.44,0
2026-06-08 01:57:00,payment,29.86,39.11,86.02,2146,0.46,0
2026-06-08 01:57:00,order,54.59,45.43,251.48,2352,1.62,0
2026-06-08 01:57:00,notification,50.59,62.72,330.43,3752,4.45,0
2026-06-08 02:00:00,order,39.22,62.66,169.13,2784,0.0,0
2026-06-08 02:00:00,payment,46.26,54.64,159.96,2904,1.37,0
2026-06-08 02:00:00,notification,44.56,55.6,390.22,3496,2.41,0
2026-06-08 02:03:00,payment,43.64,44.85,177.46,2999,0.86,0
2026-06-08 02:03:00,order,55.18,50.04,203.08,3185,3.39,1
2026-06-08 02:03:00,notification,47.4,48.34,363.1,2925,0.56,1
2026-06-08 02:06:00,payment,38.99,42.35,293.99,2403,1.8,0
2026-06-08 02:06:00,notification,42.95,64.73,352.77,3898,1.62,0
2026-06-08 02:06:00,order,38.69,55.56,272.52,2976,1.78,0
2026-06-08 02:09:00,notification,42.62,52.75,249.1,4156,0.54,0
2026-06-08 02:09:00,payment,43.79,42.29,171.22,2770,0.54,0
2026-06-08 02:09:00,order,44.44,50.45,264.44,3199,1.29,0
2026-06-08 02:12:00,order,56.43,55.49,239.13,3048,1.04,0
2026-06-08 02:12:00,payment,35.79,55.98,216.85,3164,2.19,0
2026-06-08 02:12:00,notification,44.65,48.95,325.58,2722,0.97,0
2026-06-08 02:15:00,order,37.29,54.01,208.52,3539,1.82,0
2026-06-08 02:15:00,notification,52.62,50.23,300.29,3313,2.27,0
2026-06-08 02:15:00,payment,36.26,45.13,274.54,2593,1.18,0
2026-06-08 02:18:00,order,48.82,42.21,210.93,3085,0.46,0
2026-06-08 02:18:00,notification,45.55,52.72,276.65,4406,5.03,0
2026-06-08 02:18:00,payment,38.54,38.34,221.31,2362,0.07,0
2026-06-08 02:21:00,order,41.76,58.92,213.5,2694,0.99,0
2026-06-08 02:21:00,payment,43.69,52.02,204.99,2617,1.43,0
2026-06-08 02:21:00,notification,45.15,49.93,354.53,4312,2.2,0
2026-06-08 02:24:00,payment,45.5,49.99,174.16,4058,1.57,0
2026-06-08 02:24:00,order,36.17,43.43,217.07,2883,0.5,1
2026-06-08 02:24:00,notification,58.15,56.44,456.18,3874,2.06,0
2026-06-08 02:27:00,notification,47.13,56.79,361.2,4661,3.0,0
2026-06-08 02:27:00,payment,48.85,56.42,239.99,3280,3.01,0
2026-06-08 02:27:00,order,38.3,46.32,148.7,2945,1.37,0
2026-06-08 02:30:00,notification,50.76,58.06,339.5,3535,2.81,0
2026-06-08 02:30:00,order,30.46,46.83,320.15,3273,2.33,0
2026-06-08 02:30:00,payment,47.54,57.58,220.5,3551,3.26,0
2026-06-08 02:33:00,order,54.37,49.84,292.76,3373,1.78,0
2026-06-08 02:33:00,notification,54.69,44.47,232.1,3511,1.95,0
2026-06-08 02:33:00,payment,40.23,49.32,201.4,1773,1.9,0
2026-06-08 02:36:00,order,50.87,52.37,216.35,3429,2.45,0
2026-06-08 02:36:00,notification,50.52,47.7,304.89,3401,1.88,0
2026-06-08 02:36:00,payment,34.92,56.1,119.85,2627,0.0,0
2026-06-08 02:39:00,payment,35.89,36.98,263.81,2960,0.0,0
2026-06-08 02:39:00,order,54.33,53.83,460.16,3745,4.22,0
2026-06-08 02:39:00,notification,47.38,44.0,183.92,3373,3.6,0
2026-06-08 02:42:00,order,49.71,62.46,357.72,3934,2.83,0
2026-06-08 02:42:00,notification,48.68,53.28,152.29,3064,0.08,0
2026-06-08 02:42:00,payment,40.06,41.71,75.74,2090,0.23,0
2026-06-08 02:45:00,payment,39.39,43.04,82.84,2117,0.0,0
2026-06-08 02:45:00,order,56.02,59.47,418.17,3515,3.1,0
2026-06-08 02:45:00,notification,46.21,54.35,229.36,3997,1.57,0
2026-06-08 02:48:00,notification,35.85,39.5,131.62,3474,3.16,0
2026-06-08 02:48:00,payment,39.68,56.95,182.76,2671,0.33,0
2026-06-08 02:48:00,order,56.69,55.87,353.03,4000,2.56,0
2026-06-08 02:51:00,notification,61.43,51.2,216.25,4003,4.21,0
2026-06-08 02:51:00,payment,32.88,55.87,215.43,2656,2.25,0
2026-06-08 02:51:00,order,53.87,65.13,490.97,3681,4.52,0
2026-06-08 02:54:00,notification,51.23,61.19,251.59,3314,2.92,1
2026-06-08 02:54:00,payment,37.36,56.2,72.04,3201,2.43,0
2026-06-08 02:54:00,order,57.59,65.75,410.62,3783,5.15,0
2026-06-08 02:57:00,payment,46.54,46.46,134.43,2985,1.21,0
2026-06-08 02:57:00,order,57.42,52.46,469.41,4643,2.75,0
2026-06-08 02:57:00,notification,52.83,59.07,343.27,3860,0.63,1
2026-06-08 03:00:00,payment,56.5,50.03,278.08,4225,3.04,1
2026-06-08 03:00:00,order,58.24,70.95,644.48,4581,5.44,1
2026-06-08 03:00:00,notification,51.1,53.7,288.0,4412,3.76,0
2026-06-08 03:03:00,order,60.37,59.41,392.76,4234,3.73,0
2026-06-08 03:03:00,payment,48.41,49.12,372.29,3193,2.69,0
2026-06-08 03:03:00,notification,40.36,58.02,358.71,3636,3.95,1
2026-06-08 03:06:00,payment,44.56,48.96,396.44,4487,2.17,0
2026-06-08 03:06:00,notification,43.61,58.41,299.04,3453,2.99,0
2026-06-08 03:06:00,order,53.27,53.97,550.88,4588,4.2,0
2026-06-08 03:09:00,notification,56.12,61.08,237.04,3702,1.57,0
2026-06-08 03:09:00,order,48.51,62.54,545.65,4584,3.73,0
2026-06-08 03:09:00,payment,51.06,62.6,305.24,4196,4.12,1
2026-06-08 03:12:00,notification,33.6,49.13,321.81,3398,1.02,0
2026-06-08 03:12:00,order,53.2,57.78,426.31,4524,5.01,0
2026-06-08 03:12:00,payment,39.86,51.36,267.18,3706,1.35,1
2026-06-08 03:15:00,order,52.33,61.48,404.32,4183,0.38,0
2026-06-08 03:15:00,payment,61.83,58.19,365.73,3742,3.82,0
2026-06-08 03:15:00,notification,41.24,55.39,103.89,2858,2.51,0
2026-06-08 03:18:00,order,50.64,57.78,430.94,4086,1.89,0
2026-06-08 03:18:00,notification,45.45,47.43,265.07,3177,2.18,0
2026-06-08 03:18:00,payment,54.96,62.5,450.97,4507,2.46,0
2026-06-08 03:21:00,payment,49.73,50.23,502.63,4375,2.49,0
2026-06-08 03:21:00,notification,39.54,45.34,130.68,2104,2.69,0
2026-06-08 03:21:00,order,59.24,58.95,357.63,3172,4.59,0
2026-06-08 03:24:00,notification,56.23,49.48,182.93,2962,1.4,1
2026-06-08 03:24:00,payment,53.04,59.07,492.81,3318,2.14,0
2026-06-08 03:24:00,order,58.17,57.58,412.13,4384,5.47,0
2026-06-08 03:27:00,payment,54.66,56.52,503.62,4011,3.67,0
2026-06-08 03:27:00,order,54.69,54.8,420.12,4974,6.25,0
2026-06-08 03:27:00,notification,37.02,53.02,238.66,2988,2.65,0
2026-06-08 03:30:00,payment,66.09,60.87,464.97,4759,5.07,1
2026-06-08 03:30:00,order,52.05,60.86,393.77,4214,3.65,0
2026-06-08 03:30:00,notification,42.63,56.63,262.95,4050,0.95,0
2026-06-08 03:33:00,payment,51.12,54.43,381.75,3928,2.98,0
2026-06-08 03:33:00,order,53.71,55.49,371.71,4465,4.14,0
2026-06-08 03:33:00,notification,47.58,51.23,251.81,3192,3.84,0
2026-06-08 03:36:00,order,50.88,55.47,251.45,3215,0.1,0
2026-06-08 03:36:00,notification,46.0,47.46,231.36,3079,3.79,1
2026-06-08 03:36:00,payment,56.09,56.56,525.08,4079,3.75,1
2026-06-08 03:39:00,payment,56.48,59.08,371.76,4488,3.15,0
2026-06-08 03:39:00,notification,42.83,44.53,175.35,3335,1.41,0
2026-06-08 03:39:00,order,46.91,59.93,213.86,3336,2.13,0
2026-06-08 03:42:00,payment,47.95,58.52,273.69,3635,5.48,0
2026-06-08 03:42:00,notification,42.15,50.35,41.86,3333,0.0,0
2026-06-08 03:42:00,order,44.97,51.11,205.78,3514,2.67,0
2026-06-08 03:45:00,notification,37.64,48.37,152.22,2920,2.8,0
2026-06-08 03:45:00,payment,49.43,52.82,282.49,3361,1.08,0
2026-06-08 03:45:00,order,39.77,57.0,257.21,3667,1.76,0
2026-06-08 03:48:00,payment,51.1,56.77,308.6,3412,1.19,0
2026-06-08 03:48:00,order,48.01,57.15,342.94,4291,3.22,0
2026-06-08 03:48:00,notification,39.98,50.12,252.91,2532,3.9,0
2026-06-08 03:51:00,payment,91.06,93.67,2204.77,9360,29.8,1
2026-06-08 03:51:00,order,53.73,55.31,382.19,3499,4.75,0
2026-06-08 03:51:00,notification,41.44,55.46,322.21,3269,1.95,0
2026-06-08 03:54:00,payment,90.41,91.7,1685.01,7231,20.93,1
2026-06-08 03:54:00,order,51.52,47.9,296.31,3455,4.64,0
2026-06-08 03:54:00,notification,54.88,64.47,413.41,4117,2.97,0
2026-06-08 03:57:00,payment,78.69,78.87,1240.38,6651,14.93,1
2026-06-08 03:57:00,order,39.19,53.58,330.81,3009,2.71,0
2026-06-08 03:57:00,notification,45.45,65.79,432.41,4471,3.81,0
2026-06-08 04:00:00,notification,45.69,62.43,436.41,3827,3.4,0
2026-06-08 04:00:00,payment,77.72,75.76,1237.71,5942,13.87,1
2026-06-08 04:00:00,order,46.78,54.69,456.48,3850,2.78,0
2026-06-08 04:03:00,order,43.65,50.38,396.28,3573,3.52,0
2026-06-08 04:03:00,notification,54.5,53.99,286.45,2825,3.98,0
2026-06-08 04:03:00,payment,76.09,73.3,1003.7,6392,13.67,1
2026-06-08 04:06:00,payment,71.9,71.39,921.76,6210,9.57,1
2026-06-08 04:06:00,order,55.84,43.22,229.92,3400,1.88,0
2026-06-08 04:06:00,notification,45.89,48.53,296.07,3023,3.3,0
2026-06-08 04:09:00,notification,62.98,51.73,266.3,3096,1.21,0
2026-06-08 04:09:00,order,51.61,47.12,319.51,3469,4.08,0
2026-06-08 04:09:00,payment,74.03,78.28,792.38,5750,7.31,1
2026-06-08 04:12:00,notification,45.68,53.64,358.35,3479,2.16,1
2026-06-08 04:12:00,order,55.35,66.65,313.94,3691,2.82,0
2026-06-08 04:12:00,payment,54.35,64.74,630.81,4670,8.0,0
2026-06-08 04:15:00,payment,59.52,59.46,543.45,5190,2.75,0
2026-06-08 04:15:00,notification,46.71,51.52,163.47,3547,3.05,0
2026-06-08 04:15:00,order,49.1,55.15,337.97,3677,3.6,0
2026-06-08 04:18:00,order,41.59,44.26,271.46,3672,1.88,0
2026-06-08 04:18:00,payment,62.13,66.86,449.19,4532,5.02,1
2026-06-08 04:18:00,notification,58.93,59.09,355.13,3177,2.28,1
2026-06-08 04:21:00,notification,51.79,52.28,265.08,3194,2.54,0
2026-06-08 04:21:00,payment,53.63,53.65,355.39,4354,3.48,1
2026-06-08 04:21:00,order,42.78,48.53,268.44,3868,1.18,0
2026-06-08 04:24:00,notification,48.41,50.54,332.46,4352,2.86,0
2026-06-08 04:24:00,payment,55.61,59.22,397.42,3985,5.72,1
2026-06-08 04:24:00,order,45.81,49.39,157.43,3589,1.95,0
2026-06-08 04:27:00,payment,67.24,52.96,315.53,2618,0.97,0
2026-06-08 04:27:00,order,38.73,49.42,149.16,2498,0.71,0
2026-06-08 04:27:00,notification,51.27,63.73,358.44,4070,4.56,1
2026-06-08 04:30:00,payment,53.9,61.97,416.99,4111,2.35,0
2026-06-08 04:30:00,order,41.77,44.7,228.16,2045,2.2,0
2026-06-08 04:30:00,notification,55.79,57.4,397.59,4506,3.66,1
2026-06-08 04:33:00,payment,52.57,48.86,239.04,3092,0.35,0
2026-06-08 04:33:00,order,43.73,59.46,244.45,3316,0.33,0
2026-06-08 04:33:00,notification,53.04,57.44,365.77,3929,2.68,0
2026-06-08 04:36:00,order,47.13,61.8,204.4,3740,2.18,0
2026-06-08 04:36:00,payment,46.13,60.66,185.42,3402,0.23,0
2026-06-08 04:36:00,notification,48.62,61.35,326.92,3787,2.99,1
2026-06-08 04:39:00,notification,49.25,51.75,373.68,3882,1.96,0
2026-06-08 04:39:00,order,54.26,59.14,301.1,4132,2.43,0
2026-06-08 04:39:00,payment,47.1,52.73,382.94,4194,3.28,0
2026-06-08 04:42:00,notification,61.51,52.0,226.35,4423,5.21,0
2026-06-08 04:42:00,order,46.78,53.5,329.91,3714,4.23,0
2026-06-08 04:42:00,payment,52.34,57.5,450.27,3616,4.82,0
2026-06-08 04:45:00,order,51.3,59.98,391.22,3820,4.4,0
2026-06-08 04:45:00,notification,45.73,51.56,241.39,4101,3.13,0
2026-06-08 04:45:00,payment,61.43,68.44,509.59,4531,6.09,0
2026-06-08 04:48:00,order,59.2,51.91,333.88,4376,3.64,1
2026-06-08 04:48:00,payment,56.1,59.32,429.16,4338,3.04,0
2026-06-08 04:48:00,notification,42.58,53.33,298.93,3439,0.09,0
2026-06-08 04:51:00,notification,51.95,58.9,387.55,4138,3.03,0
2026-06-08 04:51:00,order,62.49,61.68,346.52,4125,3.13,0
2026-06-08 04:51:00,payment,55.93,69.71,495.62,4254,4.44,1
2026-06-08 04:54:00,order,56.23,56.85,320.1,3921,4.99,0
2026-06-08 04:54:00,notification,53.67,73.82,309.96,3743,1.63,0
2026-06-08 04:54:00,payment,49.05,54.32,274.94,3527,2.64,0
2026-06-08 04:57:00,order,32.23,48.48,281.31,3177,3.5,0
2026-06-08 04:57:00,payment,47.27,56.25,300.95,4074,3.37,0
2026-06-08 04:57:00,notification,48.54,53.06,544.5,3515,2.99,0
2026-06-08 05:00:00,order,45.08,52.14,302.82,3292,1.82,0
2026-06-08 05:00:00,payment,50.34,66.11,455.52,3484,4.51,0
2026-06-08 05:00:00,notification,66.66,61.81,469.73,4314,4.72,1
2026-06-08 05:03:00,payment,55.66,48.93,242.68,3621,2.87,0
2026-06-08 05:03:00,order,52.78,60.02,392.71,3917,4.4,1
2026-06-08 05:03:00,notification,49.29,55.31,310.71,4503,4.17,0
2026-06-08 05:06:00,payment,52.34,44.91,284.37,3385,3.55,0
2026-06-08 05:06:00,order,44.08,47.63,353.63,4219,2.28,0
2026-06-08 05:06:00,notification,53.5,58.0,251.16,4497,4.12,0
2026-06-08 05:09:00,order,45.78,53.16,463.04,4379,3.6,1
2026-06-08 05:09:00,notification,58.55,58.6,385.07,2944,0.88,1
2026-06-08 05:09:00,payment,38.12,46.46,312.33,3219,0.26,0
2026-06-08 05:12:00,payment,45.9,52.11,273.41,2666,2.1,0
2026-06-08 05:12:00,order,52.93,57.66,460.48,4156,1.63,0
2026-06-08 05:12:00,notification,45.5,54.41,226.9,3998,2.5,0
2026-06-08 05:15:00,notification,50.28,55.4,265.9,4228,2.74,0
2026-06-08 05:15:00,payment,39.9,42.09,273.15,3554,2.9,0
2026-06-08 05:15:00,order,60.48,67.37,568.21,3905,6.01,1
2026-06-08 05:18:00,payment,52.82,58.38,376.81,3849,3.92,1
2026-06-08 05:18:00,order,57.71,67.35,337.24,4696,2.96,1
2026-06-08 05:18:00,notification,39.62,50.99,293.81,3899,2.29,0
2026-06-08 05:21:00,notification,38.09,57.37,90.33,2762,0.0,0
2026-06-08 05:21:00,order,51.0,59.99,408.55,4572,3.31,0
2026-06-08 05:21:00,payment,52.33,60.96,342.77,4135,2.2,0
2026-06-08 05:24:00,notification,42.01,45.49,239.44,3099,0.3,0
2026-06-08 05:24:00,order,51.85,43.4,405.39,4266,2.23,0
2026-06-08 05:24:00,payment,57.36,63.74,381.37,3616,2.14,0
2026-06-08 05:27:00,order,45.9,50.62,397.39,3662,3.24,0
2026-06-08 05:27:00,notification,37.68,31.26,123.29,2036,0.92,0
2026-06-08 05:27:00,payment,49.42,62.24,300.96,4231,3.61,0
2026-06-08 05:30:00,notification,44.93,44.19,245.58,2126,2.11,1
2026-06-08 05:30:00,payment,55.12,60.63,349.01,4262,4.3,1
2026-06-08 05:30:00,order,50.43,70.65,304.36,3326,2.36,0
2026-06-08 05:33:00,notification,36.29,58.22,186.16,3575,0.0,0
2026-06-08 05:33:00,order,50.34,54.22,388.87,3855,0.8,0
2026-06-08 05:33:00,payment,53.05,61.68,347.78,2943,2.82,0
2026-06-08 05:36:00,payment,43.47,56.99,282.37,4027,4.25,1
2026-06-08 05:36:00,notification,38.97,41.37,250.85,2517,0.53,0
2026-06-08 05:36:00,order,52.42,39.79,226.29,3619,2.24,0
2026-06-08 05:39:00,order,47.78,64.71,239.92,3236,1.88,0
2026-06-08 05:39:00,payment,51.33,54.58,382.25,3969,1.65,0
2026-06-08 05:39:00,notification,37.86,50.6,207.68,2359,1.01,0
2026-06-08 05:42:00,order,38.39,45.54,291.04,4208,3.54,0
2026-06-08 05:42:00,notification,43.98,40.56,209.49,2211,0.0,0
2026-06-08 05:42:00,payment,51.37,52.17,420.32,4324,3.21,1
2026-06-08 05:45:00,notification,35.31,46.19,167.65,3011,0.3,0
2026-06-08 05:45:00,payment,46.09,51.84,426.91,3479,0.6,0
2026-06-08 05:45:00,order,50.39,60.35,376.58,3386,2.53,0
2026-06-08 05:48:00,notification,35.29,51.65,163.39,3018,1.49,0
2026-06-08 05:48:00,order,56.12,50.48,297.55,3595,3.6,0
2026-06-08 05:48:00,payment,48.31,55.99,379.64,3102,3.76,0
2026-06-08 05:51:00,notification,35.38,45.05,203.72,2441,0.03,0
2026-06-08 05:51:00,order,42.02,68.46,405.75,3761,1.6,0
2026-06-08 05:51:00,payment,52.0,52.31,218.99,2316,2.57,0
2026-06-08 05:54:00,payment,41.96,40.94,300.06,2873,5.96,0
2026-06-08 05:54:00,order,53.01,51.28,376.34,4151,3.73,0
2026-06-08 05:54:00,notification,31.02,51.16,30.0,2353,0.29,0
2026-06-08 05:57:00,order,50.42,51.37,339.03,4045,2.96,0
2026-06-08 05:57:00,notification,45.78,53.64,163.48,3020,0.63,0
2026-06-08 05:57:00,payment,52.69,53.69,272.5,3861,3.89,1
2026-06-08 06:00:00,payment,51.46,55.17,382.42,4204,3.11,1
2026-06-08 06:00:00,order,64.87,63.04,289.95,4369,3.96,0
2026-06-08 06:00:00,notification,44.13,52.34,307.67,3413,2.54,0
2026-06-08 06:03:00,payment,40.11,56.85,311.95,3689,2.8,0
2026-06-08 06:03:00,notification,69.29,56.33,281.51,4104,1.16,1
2026-06-08 06:03:00,order,50.59,56.17,403.19,4233,3.67,0
2026-06-08 06:06:00,payment,54.31,64.53,382.44,3438,2.69,1
2026-06-08 06:06:00,notification,52.88,59.4,420.92,4008,3.65,1
2026-06-08 06:06:00,order,53.41,61.32,428.96,3645,5.88,1
2026-06-08 06:09:00,order,66.58,65.0,482.31,4807,4.01,0
2026-06-08 06:09:00,payment,45.25,59.47,303.82,3818,3.85,0
2026-06-08 06:09:00,notification,43.89,53.95,299.38,3979,5.36,0
2026-06-08 06:12:00,notification,51.32,51.89,271.58,3564,4.72,0
2026-06-08 06:12:00,order,52.03,60.97,493.26,3875,4.76,0
2026-06-08 06:12:00,payment,60.54,56.57,344.86,5004,4.87,1
2026-06-08 06:15:00,notification,66.09,60.37,352.84,4380,4.62,1
2026-06-08 06:15:00,order,63.68,55.95,476.23,4348,4.29,1
2026-06-08 06:15:00,payment,55.21,53.27,425.9,4094,2.62,1
2026-06-08 06:18:00,notification,57.8,61.86,470.05,4303,5.83,0
2026-06-08 06:18:00,order,53.86,52.72,391.34,3862,2.14,1
2026-06-08 06:18:00,payment,60.11,67.33,667.34,5654,5.8,1
2026-06-08 06:21:00,order,52.33,56.56,404.8,3801,2.25,0
2026-06-08 06:21:00,payment,52.94,60.1,511.03,5633,5.91,0
2026-06-08 06:21:00,notification,53.87,61.09,398.21,4332,2.67,0
2026-06-08 06:24:00,order,56.56,61.58,457.22,3814,2.63,1
2026-06-08 06:24:00,payment,60.79,68.23,606.53,5667,7.67,1
2026-06-08 06:24:00,notification,54.28,66.7,411.7,4268,6.25,1
2026-06-08 06:27:00,order,53.19,62.89,325.87,4524,4.51,1
2026-06-08 06:27:00,notification,55.43,61.46,414.0,4781,2.18,0
2026-06-08 06:27:00,payment,64.63,70.04,498.21,4859,5.08,1
2026-06-08 06:30:00,order,65.12,57.74,209.72,4482,4.75,1
2026-06-08 06:30:00,notification,61.68,65.83,360.01,4485,3.21,0
2026-06-08 06:30:00,payment,52.55,53.92,480.38,4390,3.8,0
2026-06-08 06:33:00,payment,49.81,61.07,401.97,4244,3.94,1
2026-06-08 06:33:00,notification,46.05,48.11,328.98,3278,3.78,0
2026-06-08 06:33:00,order,38.7,59.82,431.63,3818,3.77,0
2026-06-08 06:36:00,notification,54.07,67.64,347.85,4471,3.95,1
2026-06-08 06:36:00,payment,53.52,62.51,449.12,4179,3.07,0
2026-06-08 06:36:00,order,48.93,47.95,313.17,3086,2.54,0
2026-06-08 06:39:00,notification,57.06,60.44,522.54,3938,4.62,0
2026-06-08 06:39:00,order,46.4,55.12,195.99,3619,1.62,0
2026-06-08 06:39:00,payment,53.17,60.73,376.09,3501,2.71,0
2026-06-08 06:42:00,order,48.74,54.67,317.32,3402,2.9,0
2026-06-08 06:42:00,notification,58.54,59.01,469.58,4375,3.88,0
2026-06-08 06:42:00,payment,36.65,45.96,382.63,3425,1.55,1
2026-06-08 06:45:00,order,60.57,61.32,387.38,4315,2.54,1
2026-06-08 06:45:00,notification,49.03,55.55,314.06,4198,0.0,0
2026-06-08 06:45:00,payment,67.29,55.52,521.02,4177,3.9,0
2026-06-08 06:48:00,order,47.51,59.31,361.28,3869,3.91,0
2026-06-08 06:48:00,notification,42.12,63.98,373.97,3564,3.44,0
2026-06-08 06:48:00,payment,57.89,52.98,394.45,3930,3.26,0
2026-06-08 06:51:00,payment,61.23,63.97,550.66,4986,4.36,1
2026-06-08 06:51:00,notification,55.69,55.78,293.99,4256,5.07,0
2026-06-08 06:51:00,order,54.82,51.71,401.34,3179,3.67,0
2026-06-08 06:54:00,payment,58.39,65.28,595.53,4480,6.18,0
2026-06-08 06:54:00,order,52.33,55.63,328.43,3676,1.85,0
2026-06-08 06:54:00,notification,48.82,56.26,426.18,3749,3.03,0
2026-06-08 06:57:00,notification,59.73,52.18,422.09,3413,3.63,0
2026-06-08 06:57:00,order,54.9,61.95,388.85,3963,4.57,0
2026-06-08 06:57:00,payment,46.59,48.43,556.35,4600,4.01,0
2026-06-08 07:00:00,order,49.75,57.39,273.64,3754,1.48,0
2026-06-08 07:00:00,notification,50.01,58.26,394.38,4414,3.47,0
2026-06-08 07:00:00,payment,62.64,61.15,515.45,5049,4.82,1
2026-06-08 07:03:00,order,53.15,55.92,217.9,3423,3.14,0
2026-06-08 07:03:00,notification,48.62,60.74,262.69,4193,1.55,0
2026-06-08 07:03:00,payment,53.78,65.46,463.3,5015,5.3,0
2026-06-08 07:06:00,order,51.3,51.02,384.12,4212,4.27,0
2026-06-08 07:06:00,notification,48.67,54.89,234.17,3678,2.14,0
2026-06-08 07:06:00,payment,63.32,64.64,510.47,4897,5.24,0
2026-06-08 07:09:00,notification,55.56,55.86,343.69,3910,1.99,0
2026-06-08 07:09:00,order,43.42,57.53,307.68,2992,3.54,0
2026-06-08 07:09:00,payment,59.43,65.21,532.55,5041,8.93,1
2026-06-08 07:12:00,payment,58.02,59.14,420.55,4034,4.78,0
2026-06-08 07:12:00,notification,44.4,57.73,410.88,4336,5.3,0
2026-06-08 07:12:00,order,62.42,50.82,277.76,4128,2.71,0
2026-06-08 07:15:00,notification,56.56,59.91,498.9,4779,1.15,0
2026-06-08 07:15:00,payment,51.95,55.68,497.78,4851,2.99,0
2026-06-08 07:15:00,order,48.62,57.19,435.65,3858,3.06,0
2026-06-08 07:18:00,notification,50.13,66.84,443.43,4641,5.31,1
2026-06-08 07:18:00,payment,65.68,64.18,560.56,5366,4.71,1
2026-06-08 07:18:00,order,51.98,57.03,333.39,4426,2.84,0
2026-06-08 07:21:00,payment,51.93,63.31,562.55,3958,4.11,0
2026-06-08 07:21:00,notification,52.5,63.72,501.84,4076,6.02,1
2026-06-08 07:21:00,order,52.76,64.03,500.44,4489,5.13,1
2026-06-08 07:24:00,notification,56.82,52.7,373.24,3971,4.05,0
2026-06-08 07:24:00,order,54.76,54.38,427.63,4178,4.33,1
2026-06-08 07:24:00,payment,72.97,66.5,577.29,5459,4.39,1
2026-06-08 07:27:00,notification,69.76,59.17,549.65,3658,3.32,1
2026-06-08 07:27:00,payment,73.58,67.45,501.45,4543,6.24,1
2026-06-08 07:27:00,order,51.42,57.37,438.24,4737,1.55,0
2026-06-08 07:30:00,order,62.98,54.12,426.15,4427,4.4,0
2026-06-08 07:30:00,payment,66.4,61.4,410.37,4679,3.16,0
2026-06-08 07:30:00,notification,50.49,68.08,486.69,4714,4.94,0
2026-06-08 07:33:00,notification,50.64,62.64,482.97,4425,5.16,0
2026-06-08 07:33:00,order,59.85,59.77,448.38,4717,3.91,1
2026-06-08 07:33:00,payment,65.28,67.32,486.91,4583,4.39,1
2026-06-08 07:36:00,notification,45.07,60.5,491.56,4632,4.27,1
2026-06-08 07:36:00,payment,53.06,56.53,360.72,4091,5.02,1
2026-06-08 07:36:00,order,52.62,60.08,432.64,4424,3.72,1
2026-06-08 07:39:00,order,51.34,59.4,510.88,3775,3.26,0
2026-06-08 07:39:00,notification,49.6,62.64,399.66,3978,4.42,0
2026-06-08 07:39:00,payment,59.14,49.97,324.44,3878,2.67,0
2026-06-08 07:42:00,payment,54.78,62.31,548.59,3911,4.94,0
2026-06-08 07:42:00,order,53.12,57.02,373.06,4170,2.96,0
2026-06-08 07:42:00,notification,70.26,49.2,408.31,3864,2.97,0
2026-06-08 07:45:00,order,58.15,60.46,371.39,4379,6.43,0
2026-06-08 07:45:00,notification,44.62,62.27,357.24,4245,2.96,1
2026-06-08 07:45:00,payment,46.93,61.31,375.47,4613,2.36,0
2026-06-08 07:48:00,order,55.52,65.3,504.17,4576,3.85,0
2026-06-08 07:48:00,notification,42.65,77.58,645.91,4495,6.39,0
2026-06-08 07:48:00,payment,64.33,62.36,567.02,4188,3.67,1
2026-06-08 07:51:00,order,54.49,63.62,557.2,4270,4.11,1
2026-06-08 07:51:00,notification,62.03,61.46,563.34,4697,4.13,1
2026-06-08 07:51:00,payment,63.25,54.54,490.15,3904,3.38,0
2026-06-08 07:54:00,notification,66.11,66.05,534.73,5185,5.33,1
2026-06-08 07:54:00,payment,55.99,69.56,524.83,3981,4.72,0
2026-06-08 07:54:00,order,46.55,51.18,477.9,4304,2.33,0
2026-06-08 07:57:00,payment,48.77,64.12,516.58,3873,3.1,0
2026-06-08 07:57:00,order,65.61,61.04,220.03,3579,6.4,1
2026-06-08 07:57:00,notification,62.59,64.16,682.74,5923,5.12,1
2026-06-08 08:00:00,payment,54.26,60.52,541.23,4358,7.32,0
2026-06-08 08:00:00,order,53.89,66.53,515.84,5076,4.61,0
2026-06-08 08:00:00,notification,60.31,58.68,598.97,5333,7.06,1
2026-06-08 08:03:00,payment,44.67,55.45,552.02,4527,2.23,0
2026-06-08 08:03:00,order,50.83,66.6,499.03,4931,5.22,1
2026-06-08 08:03:00,notification,64.38,61.07,453.56,4893,5.55,0
2026-06-08 08:06:00,payment,61.44,65.65,391.19,4067,5.61,1
2026-06-08 08:06:00,notification,66.15,69.44,644.14,4860,7.16,1
2026-06-08 08:06:00,order,57.25,54.91,772.5,4837,7.98,0
2026-06-08 08:09:00,notification,56.03,68.51,576.36,5407,3.67,0
2026-06-08 08:09:00,payment,45.39,54.11,429.46,4660,5.09,0
2026-06-08 08:09:00,order,61.87,68.5,609.07,5773,7.39,1
2026-06-08 08:12:00,notification,48.83,56.39,552.41,4547,5.52,1
2026-06-08 08:12:00,payment,52.79,67.6,304.88,3798,3.42,0
2026-06-08 08:12:00,order,75.1,73.67,589.06,4731,6.56,1
2026-06-08 08:15:00,payment,44.42,51.88,224.05,3558,2.76,0
2026-06-08 08:15:00,notification,51.31,58.44,500.87,4347,3.34,0
2026-06-08 08:15:00,order,62.52,64.6,656.97,5193,6.66,1
2026-06-08 08:18:00,order,65.26,84.7,758.26,5662,6.57,0
2026-06-08 08:18:00,payment,46.05,67.89,390.26,4234,6.15,0
2026-06-08 08:18:00,notification,48.99,55.38,550.97,3307,3.33,0
2026-06-08 08:21:00,notification,61.14,61.96,471.9,5395,4.76,0
2026-06-08 08:21:00,order,72.3,59.06,752.29,5422,7.86,1
2026-06-08 08:21:00,payment,57.35,59.47,571.97,4925,7.25,0
2026-06-08 08:24:00,order,71.39,69.56,787.38,5392,7.13,1
2026-06-08 08:24:00,payment,50.6,65.49,376.4,3462,3.16,0
2026-06-08 08:24:00,notification,65.9,62.49,506.4,5202,7.77,1
2026-06-08 08:27:00,payment,54.27,51.07,440.51,4311,2.83,0
2026-06-08 08:27:00,order,67.78,70.7,742.31,5244,7.3,1
2026-06-08 08:27:00,notification,53.55,59.78,478.58,4606,6.37,1
2026-06-08 08:30:00,notification,52.38,50.59,389.16,3841,2.87,0
2026-06-08 08:30:00,payment,42.51,55.58,462.84,4127,2.17,0
2026-06-08 08:30:00,order,63.59,66.73,569.93,4635,6.13,1
2026-06-08 08:33:00,notification,50.3,64.23,380.72,4596,3.5,1
2026-06-08 08:33:00,order,55.98,66.82,731.21,5197,7.28,1
2026-06-08 08:33:00,payment,50.69,63.83,623.58,4285,2.69,0
2026-06-08 08:36:00,order,55.35,58.52,483.39,4793,5.62,0
2026-06-08 08:36:00,payment,40.73,62.97,554.15,4748,4.6,0
2026-06-08 08:36:00,notification,46.18,57.89,330.45,4228,2.35,1
2026-06-08 08:39:00,notification,46.86,54.59,418.94,3418,3.34,0
2026-06-08 08:39:00,order,48.31,59.16,469.95,5354,3.85,0
2026-06-08 08:39:00,payment,45.7,68.34,671.49,4549,5.46,1
2026-06-08 08:42:00,payment,70.32,61.01,568.18,4870,3.46,0
2026-06-08 08:42:00,notification,54.44,54.83,341.92,4077,3.75,0
2026-06-08 08:42:00,order,56.3,64.72,652.9,5147,6.58,1
2026-06-08 08:45:00,order,53.92,50.29,494.75,4134,3.98,1
2026-06-08 08:45:00,notification,58.73,57.0,279.27,4497,4.2,0
2026-06-08 08:45:00,payment,72.97,64.67,587.35,4641,6.25,1
2026-06-08 08:48:00,payment,57.15,67.21,493.25,4827,4.82,1
2026-06-08 08:48:00,notification,57.45,65.47,455.26,4764,3.36,0
2026-06-08 08:48:00,order,55.04,66.86,475.72,4559,5.64,0
2026-06-08 08:51:00,payment,54.28,59.67,540.91,4441,4.57,1
2026-06-08 08:51:00,notification,52.06,65.69,529.65,3978,4.16,1
2026-06-08 08:51:00,order,61.6,63.21,574.84,4521,3.95,1
2026-06-08 08:54:00,notification,59.67,53.32,392.72,4495,3.54,0
2026-06-08 08:54:00,order,56.38,66.88,611.92,4740,6.58,1
2026-06-08 08:54:00,payment,56.39,65.17,523.16,4590,4.16,0
2026-06-08 08:57:00,order,59.22,69.15,615.52,5287,4.02,1
2026-06-08 08:57:00,notification,63.28,56.5,363.14,3632,2.45,1
2026-06-08 08:57:00,payment,65.66,63.1,617.34,5124,6.2,0
2026-06-08 09:00:00,notification,46.85,52.03,435.32,4276,4.15,0
2026-06-08 09:00:00,order,58.21,83.45,668.18,4887,8.26,1
2026-06-08 09:00:00,payment,54.89,63.16,481.28,5009,6.83,0
2026-06-08 09:03:00,payment,59.93,63.0,439.69,4317,5.54,0
2026-06-08 09:03:00,order,50.66,63.1,299.87,3623,3.82,1
2026-06-08 09:03:00,notification,48.23,51.86,442.01,4233,3.49,0
2026-06-08 09:06:00,notification,44.39,58.67,337.88,4456,5.97,1
2026-06-08 09:06:00,payment,59.34,59.41,567.7,5046,6.29,0
2026-06-08 09:06:00,order,51.92,49.15,291.18,3943,2.49,1
2026-06-08 09:09:00,payment,55.49,61.61,490.97,4296,4.19,0
2026-06-08 09:09:00,notification,63.37,60.55,444.64,5122,6.43,1
2026-06-08 09:09:00,order,44.84,68.65,339.66,3268,4.17,0
2026-06-08 09:12:00,notification,60.84,64.19,648.39,5604,7.61,0
2026-06-08 09:12:00,order,54.32,43.17,316.63,3748,1.65,0
2026-06-08 09:12:00,payment,56.78,64.51,523.99,3940,5.03,1
2026-06-08 09:15:00,notification,65.29,65.55,722.86,4796,6.76,1
2026-06-08 09:15:00,payment,60.84,62.56,528.62,4409,5.98,0
2026-06-08 09:15:00,order,56.5,57.33,439.35,4808,3.76,1
2026-06-08 09:18:00,notification,69.32,70.27,664.25,5491,9.87,1
2026-06-08 09:18:00,payment,51.52,69.5,472.26,4859,3.09,1
2026-06-08 09:18:00,order,60.41,62.94,443.5,5148,5.77,0
2026-06-08 09:21:00,notification,61.81,66.09,524.9,4409,5.79,1
2026-06-08 09:21:00,payment,64.53,70.44,677.17,4998,6.42,1
2026-06-08 09:21:00,order,58.19,60.02,512.29,5049,5.41,1
2026-06-08 09:24:00,order,58.31,61.99,502.73,3899,4.34,1
2026-06-08 09:24:00,notification,60.96,73.12,679.6,5354,6.45,1
2026-06-08 09:24:00,payment,61.33,68.82,668.11,5041,7.64,1
2026-06-08 09:27:00,order,54.15,60.16,403.43,3950,4.87,0
2026-06-08 09:27:00,payment,62.23,61.27,670.29,4987,6.0,1
2026-06-08 09:27:00,notification,58.91,81.51,687.58,6079,10.3,1
2026-06-08 09:30:00,order,59.62,67.69,446.43,4282,5.88,0
2026-06-08 09:30:00,payment,70.95,61.96,646.2,5101,6.86,1
2026-06-08 09:30:00,notification,60.52,60.13,646.28,5838,7.02,1
2026-06-08 09:33:00,order,65.85,60.57,503.98,4703,6.08,1
2026-06-08 09:33:00,notification,68.22,60.56,605.2,5380,5.82,1
2026-06-08 09:33:00,payment,59.25,73.93,562.59,5083,5.7,1
2026-06-08 09:36:00,notification,51.4,73.22,615.97,5102,5.61,1
2026-06-08 09:36:00,order,50.03,57.35,382.07,3761,1.25,0
2026-06-08 09:36:00,payment,62.61,56.34,497.06,3850,3.88,0
2026-06-08 09:39:00,payment,49.44,64.58,488.74,4787,4.2,1
2026-06-08 09:39:00,notification,60.51,66.47,675.01,5121,7.71,1
2026-06-08 09:39:00,order,49.37,66.04,367.06,3286,3.28,0
2026-06-08 09:42:00,order,54.45,60.79,402.4,4173,2.97,0
2026-06-08 09:42:00,notification,54.28,72.86,771.85,5446,7.38,1
2026-06-08 09:42:00,payment,52.9,62.03,475.49,4397,4.12,1
2026-06-08 09:45:00,order,42.2,50.75,317.87,3553,0.44,0
2026-06-08 09:45:00,payment,58.95,61.26,580.52,4130,6.72,0
2026-06-08 09:45:00,notification,71.89,63.62,734.46,6088,7.83,1
2026-06-08 09:48:00,notification,53.28,61.31,604.15,4825,8.73,1
2026-06-08 09:48:00,payment,69.88,57.43,577.66,4076,6.24,1
2026-06-08 09:48:00,order,42.12,54.73,224.94,3110,0.83,0
2026-06-08 09:51:00,order,47.15,60.19,286.84,3435,3.59,0
2026-06-08 09:51:00,notification,54.78,71.93,661.58,5188,6.36,0
2026-06-08 09:51:00,payment,46.32,58.3,430.64,4455,4.51,0
2026-06-08 09:54:00,payment,58.92,60.69,456.68,4756,4.94,0
2026-06-08 09:54:00,notification,70.29,62.06,694.1,5394,6.93,0
2026-06-08 09:54:00,order,43.39,45.06,348.61,3674,1.15,0
2026-06-08 09:57:00,order,54.22,47.31,353.37,2443,1.67,0
2026-06-08 09:57:00,payment,69.9,61.28,560.08,4937,5.42,1
2026-06-08 09:57:00,notification,58.87,73.35,749.33,4830,9.87,1
2026-06-08 10:00:00,payment,54.22,69.58,616.32,4469,4.67,0
2026-06-08 10:00:00,notification,50.64,69.37,564.37,5185,6.65,1
2026-06-08 10:00:00,order,47.33,52.62,350.18,4001,1.87,0
2026-06-08 10:03:00,notification,69.54,65.81,852.81,6122,8.54,1
2026-06-08 10:03:00,payment,59.79,64.7,603.05,4683,6.26,1
2026-06-08 10:03:00,order,46.15,57.37,352.68,3821,3.54,1
2026-06-08 10:06:00,order,48.11,58.65,217.66,2524,2.75,1
2026-06-08 10:06:00,notification,70.52,79.97,857.05,6128,11.32,1
2026-06-08 10:06:00,payment,63.32,62.35,550.47,4792,7.27,0
2026-06-08 10:09:00,order,53.57,52.37,329.05,4241,5.34,0
2026-06-08 10:09:00,payment,59.11,62.69,422.75,4712,7.62,1
2026-06-08 10:09:00,notification,78.73,72.57,738.31,5298,8.94,1
2026-06-08 10:12:00,order,60.69,58.09,439.45,4706,4.5,0
2026-06-08 10:12:00,payment,67.42,65.51,469.29,5092,3.91,1
2026-06-08 10:12:00,notification,53.58,63.63,539.16,4614,7.46,0
2026-06-08 10:15:00,order,65.16,58.91,681.86,4376,6.84,1
2026-06-08 10:15:00,payment,64.78,63.89,572.94,4144,7.05,1
2026-06-08 10:15:00,notification,58.87,68.4,626.41,4823,5.62,0
2026-06-08 10:18:00,order,60.27,62.17,645.45,5353,4.57,1
2026-06-08 10:18:00,payment,74.29,73.71,800.59,5737,8.57,1
2026-06-08 10:18:00,notification,65.33,62.48,841.24,5822,10.05,1
2026-06-08 10:21:00,order,69.56,62.89,631.73,5176,4.81,1
2026-06-08 10:21:00,payment,65.29,63.79,841.17,5565,8.0,1
2026-06-08 10:21:00,notification,78.5,67.86,948.81,5837,10.63,1
2026-06-08 10:24:00,payment,59.01,72.63,594.35,5390,5.55,0
2026-06-08 10:24:00,order,51.35,54.12,558.69,5162,7.58,1
2026-06-08 10:24:00,notification,58.15,76.21,860.94,5988,10.18,1
2026-06-08 10:27:00,notification,68.29,73.85,1009.31,5661,7.15,1
2026-06-08 10:27:00,payment,63.1,67.57,732.0,5761,7.49,1
2026-06-08 10:27:00,order,55.19,60.93,473.12,4020,6.83,0
2026-06-08 10:30:00,payment,59.29,68.89,781.16,5178,10.43,1
2026-06-08 10:30:00,order,61.0,59.25,624.47,4770,6.34,0
2026-06-08 10:30:00,notification,68.21,76.91,834.89,4977,6.4,1
2026-06-08 10:33:00,payment,70.37,66.7,710.28,5989,8.73,1
2026-06-08 10:33:00,order,53.79,61.31,539.12,4196,6.25,1
2026-06-08 10:33:00,notification,75.82,73.32,824.86,4985,8.96,1
2026-06-08 10:36:00,payment,66.35,65.04,815.75,5239,7.99,1
2026-06-08 10:36:00,notification,60.94,63.19,711.72,5736,8.81,1
2026-06-08 10:36:00,order,57.27,71.6,594.39,4648,3.97,0
2026-06-08 10:39:00,notification,65.53,62.06,581.13,4681,5.42,1
2026-06-08 10:39:00,order,51.94,54.04,400.47,3894,6.84,1
2026-06-08 10:39:00,payment,64.58,62.8,839.28,5786,8.72,0
2026-06-08 10:42:00,order,52.76,63.85,495.88,3715,2.52,0
2026-06-08 10:42:00,payment,70.44,66.33,790.14,5512,7.02,1
2026-06-08 10:42:00,notification,59.5,62.71,666.63,5381,6.13,1
2026-06-08 10:45:00,order,56.25,66.66,397.62,4720,4.01,0
2026-06-08 10:45:00,notification,54.23,62.48,663.06,4744,6.62,0
2026-06-08 10:45:00,payment,58.21,71.08,603.0,5372,7.43,1
2026-06-08 10:48:00,order,54.83,67.02,557.61,5062,8.24,0
2026-06-08 10:48:00,notification,62.92,67.85,738.86,5322,6.8,1
2026-06-08 10:48:00,payment,64.34,58.8,561.55,4381,6.27,0
2026-06-08 10:51:00,notification,59.47,70.95,557.34,4935,7.27,1
2026-06-08 10:51:00,payment,58.13,56.95,626.11,5089,5.06,0
2026-06-08 10:51:00,order,53.78,64.76,378.35,5094,4.18,0
2026-06-08 10:54:00,notification,71.06,73.98,718.56,5756,10.13,1
2026-06-08 10:54:00,payment,68.66,60.74,702.07,5625,2.23,0
2026-06-08 10:54:00,order,47.56,62.23,366.33,4354,4.5,0
2026-06-08 10:57:00,notification,80.44,77.64,819.6,6141,7.75,1
2026-06-08 10:57:00,payment,60.92,64.7,612.05,4772,7.04,1
2026-06-08 10:57:00,order,57.04,58.9,338.87,3027,4.05,1
2026-06-08 11:00:00,payment,63.5,61.87,520.65,4851,4.85,0
2026-06-08 11:00:00,notification,69.4,71.79,787.54,5277,8.11,1
2026-06-08 11:00:00,order,61.17,64.83,416.35,4203,3.28,0
2026-06-08 11:03:00,notification,63.57,64.98,640.89,5813,6.29,0
2026-06-08 11:03:00,order,52.17,60.24,433.66,4371,6.55,0
2026-06-08 11:03:00,payment,62.91,64.76,598.55,5347,5.28,0
2026-06-08 11:06:00,order,60.62,56.49,463.37,4390,3.68,0
2026-06-08 11:06:00,payment,71.79,75.21,794.03,5478,7.43,1
2026-06-08 11:06:00,notification,65.92,59.34,661.18,5421,8.08,0
2026-06-08 11:09:00,order,57.23,67.42,408.86,3777,4.66,0
2026-06-08 11:09:00,payment,67.53,75.9,767.62,6091,8.63,1
2026-06-08 11:09:00,notification,57.64,68.97,610.73,4923,7.45,1
2026-06-08 11:12:00,order,66.37,75.77,450.74,5017,5.88,1
2026-06-08 11:12:00,notification,66.2,64.83,609.95,4899,5.03,1
2026-06-08 11:12:00,payment,56.15,79.06,774.56,5295,7.35,1
2026-06-08 11:15:00,payment,72.53,61.2,681.71,5458,9.1,1
2026-06-08 11:15:00,notification,56.42,68.35,585.08,4921,7.42,1
2026-06-08 11:15:00,order,60.57,61.66,547.58,4992,5.24,0
2026-06-08 11:18:00,payment,70.74,69.1,934.15,5623,11.28,1
2026-06-08 11:18:00,order,57.1,62.52,596.07,4376,8.73,1
2026-06-08 11:18:00,notification,60.55,59.88,520.29,4515,3.6,1
2026-06-08 11:21:00,order,70.13,64.86,641.71,5203,4.22,0
2026-06-08 11:21:00,notification,60.27,73.62,528.38,4314,5.66,1
2026-06-08 11:21:00,payment,72.13,73.6,734.31,5654,8.05,1
2026-06-08 11:24:00,order,59.39,60.67,715.2,5388,9.29,1
2026-06-08 11:24:00,payment,71.46,67.77,767.58,5596,7.71,1
2026-06-08 11:24:00,notification,63.89,76.93,792.85,5037,6.4,1
2026-06-08 11:27:00,order,67.62,64.43,695.76,5675,4.95,1
2026-06-08 11:27:00,notification,72.45,62.18,606.5,4756,6.14,1
2026-06-08 11:27:00,payment,60.01,72.08,795.29,5562,7.39,1
2026-06-08 11:30:00,order,73.84,70.14,846.93,5049,4.17,1
2026-06-08 11:30:00,payment,57.56,67.47,561.73,4881,6.45,0
2026-06-08 11:30:00,notification,57.44,68.11,499.52,5061,3.97,0
2026-06-08 11:33:00,notification,61.09,54.72,507.27,4157,5.06,0
2026-06-08 11:33:00,order,67.13,66.03,688.92,5241,6.72,1
2026-06-08 11:33:00,payment,66.93,74.28,627.34,4858,4.5,1
2026-06-08 11:36:00,payment,64.78,74.64,676.73,5703,10.33,1
2026-06-08 11:36:00,notification,54.97,57.92,519.76,4906,2.8,0
2026-06-08 11:36:00,order,61.07,68.71,759.15,5516,8.53,1
2026-06-08 11:39:00,notification,68.94,62.73,716.96,5272,6.35,1
2026-06-08 11:39:00,payment,76.47,78.33,904.89,6534,10.8,1
2026-06-08 11:39:00,order,59.13,67.39,594.36,5149,8.79,1
2026-06-08 11:42:00,notification,58.74,66.71,768.18,5389,9.57,1
2026-06-08 11:42:00,order,57.0,67.88,732.65,4325,9.49,1
2026-06-08 11:42:00,payment,69.89,71.06,962.33,6238,9.44,0
2026-06-08 11:45:00,order,76.09,66.1,697.99,5651,8.53,1
2026-06-08 11:45:00,payment,75.05,70.9,839.04,6506,6.74,1
2026-06-08 11:45:00,notification,65.79,69.34,797.71,5351,8.87,1
2026-06-08 11:48:00,notification,58.64,63.74,687.62,5295,9.85,1
2026-06-08 11:48:00,order,62.47,73.87,965.97,5902,9.8,1
2026-06-08 11:48:00,payment,77.18,74.71,1028.68,6606,11.65,1
2026-06-08 11:51:00,payment,73.66,66.42,1014.25,6300,9.77,1
2026-06-08 11:51:00,notification,71.73,66.8,581.04,5460,7.75,0
2026-06-08 11:51:00,order,75.38,74.88,854.0,5624,10.35,1
2026-06-08 11:54:00,payment,67.03,79.05,860.84,6077,9.13,1
2026-06-08 11:54:00,order,64.0,70.08,921.03,6389,12.62,1
2026-06-08 11:54:00,notification,68.91,57.43,571.35,4211,7.32,1
2026-06-08 11:57:00,notification,59.98,72.64,732.76,4692,6.53,1
2026-06-08 11:57:00,order,83.37,72.72,760.63,5770,7.17,1
2026-06-08 11:57:00,payment,65.28,70.86,719.08,5821,4.34,0
2026-06-08 12:00:00,order,57.11,65.15,688.02,5533,6.67,0
2026-06-08 12:00:00,payment,74.72,68.52,827.04,6116,7.88,1
2026-06-08 12:00:00,notification,60.66,65.18,754.56,5239,8.24,1
2026-06-08 12:03:00,payment,69.26,78.48,679.09,5405,8.85,1
2026-06-08 12:03:00,order,61.76,68.39,642.18,4819,7.09,1
2026-06-08 12:03:00,notification,64.38,69.27,776.69,5071,8.98,1
2026-06-08 12:06:00,notification,73.81,69.55,806.1,5222,8.59,1
2026-06-08 12:06:00,payment,78.27,73.45,1047.88,6751,11.87,1
2026-06-08 12:06:00,order,65.46,62.1,514.63,3928,6.23,1
2026-06-08 12:09:00,notification,68.11,74.6,707.65,5523,8.06,1
2026-06-08 12:09:00,payment,70.14,63.0,796.57,5975,9.19,1
2026-06-08 12:09:00,order,58.86,68.42,648.99,4464,8.25,1
2026-06-08 12:12:00,payment,73.59,79.75,917.83,6112,10.99,1
2026-06-08 12:12:00,order,64.1,65.34,623.56,5160,5.71,1
2026-06-08 12:12:00,notification,64.61,68.26,751.49,5562,9.63,1
2026-06-08 12:15:00,notification,76.13,79.19,830.66,5679,9.49,1
2026-06-08 12:15:00,order,56.67,62.18,427.7,4193,4.42,0
2026-06-08 12:15:00,payment,82.11,67.41,1017.03,5365,12.22,1
2026-06-08 12:18:00,notification,74.86,76.59,954.69,6280,9.24,1
2026-06-08 12:18:00,payment,79.99,73.68,943.02,5568,10.28,1
2026-06-08 12:18:00,order,61.47,64.76,583.59,4396,6.11,1
2026-06-08 12:21:00,order,64.51,66.38,518.4,4930,3.59,1
2026-06-08 12:21:00,notification,63.43,66.54,830.27,5712,9.78,0
2026-06-08 12:21:00,payment,67.75,71.03,888.32,5444,7.23,1
2026-06-08 12:24:00,order,62.33,68.59,658.16,4480,9.34,1
2026-06-08 12:24:00,payment,71.98,74.82,805.88,5373,7.8,1
2026-06-08 12:24:00,notification,59.31,72.85,810.63,5784,9.95,1
2026-06-08 12:27:00,notification,89.37,78.12,1100.39,6478,12.61,1
2026-06-08 12:27:00,payment,67.63,78.11,866.19,5945,9.81,1
2026-06-08 12:27:00,order,73.14,67.89,685.98,4612,6.44,1
2026-06-08 12:30:00,notification,69.79,77.35,948.05,6144,13.23,1
2026-06-08 12:30:00,order,67.52,66.65,722.67,5705,7.21,1
2026-06-08 12:30:00,payment,69.64,75.79,935.47,6243,8.18,1
2026-06-08 12:33:00,notification,52.16,70.21,826.02,5022,8.18,1
2026-06-08 12:33:00,payment,73.33,76.31,897.51,5811,11.4,1
2026-06-08 12:33:00,order,74.98,57.53,494.97,5195,7.62,1
2026-06-08 12:36:00,order,54.21,63.34,622.7,3924,4.41,1
2026-06-08 12:36:00,payment,73.6,67.08,833.27,5755,8.74,1
2026-06-08 12:36:00,notification,72.29,71.67,804.96,6061,12.32,1
2026-06-08 12:39:00,order,54.31,55.96,586.3,4433,3.57,1
2026-06-08 12:39:00,notification,58.68,67.46,750.55,4468,8.09,1
2026-06-08 12:39:00,payment,70.94,70.77,741.61,5073,9.1,1
2026-06-08 12:42:00,payment,58.36,60.56,695.34,5467,9.14,0
2026-06-08 12:42:00,order,55.92,58.74,414.44,4588,6.08,1
2026-06-08 12:42:00,notification,75.44,72.85,796.98,5635,7.75,1
2026-06-08 12:45:00,notification,77.92,71.1,941.39,6082,9.29,1
2026-06-08 12:45:00,payment,66.06,71.82,547.99,5031,4.57,1
2026-06-08 12:45:00,order,49.3,56.62,429.8,3998,3.22,0
2026-06-08 12:48:00,notification,66.26,66.75,734.34,5249,8.39,1
2026-06-08 12:48:00,payment,62.63,59.51,659.44,4578,6.25,0
2026-06-08 12:48:00,order,59.24,54.91,490.85,3549,3.99,0
2026-06-08 12:51:00,payment,60.62,67.65,789.89,5211,9.61,1
2026-06-08 12:51:00,order,55.29,56.97,495.5,3673,4.26,0
2026-06-08 12:51:00,notification,61.51,65.64,687.67,6115,8.36,1
2026-06-08 12:54:00,payment,72.52,61.06,785.21,4785,7.41,1
2026-06-08 12:54:00,notification,67.27,72.69,690.54,5738,5.95,1
2026-06-08 12:54:00,order,49.39,63.12,491.26,4744,2.11,0
2026-06-08 12:57:00,order,48.65,60.09,433.82,4534,2.4,0
2026-06-08 12:57:00,payment,74.28,64.85,706.68,5603,8.21,1
2026-06-08 12:57:00,notification,74.22,62.32,705.0,5642,9.33,1
2026-06-08 13:00:00,order,50.38,60.68,474.85,4636,4.62,0
2026-06-08 13:00:00,notification,68.53,74.01,923.64,6442,9.28,1
2026-06-08 13:00:00,payment,66.34,67.94,672.56,5386,8.52,1
2026-06-08 13:03:00,order,64.57,69.07,471.82,5195,6.71,0
2026-06-08 13:03:00,payment,69.93,66.01,693.02,5399,8.73,1
2026-06-08 13:03:00,notification,66.96,71.78,824.47,5483,10.21,1
2026-06-08 13:06:00,order,65.81,81.74,612.25,5650,5.72,1
2026-06-08 13:06:00,notification,64.4,68.66,750.01,6119,9.43,1
2026-06-08 13:06:00,payment,68.59,72.94,760.99,5185,7.47,1
2026-06-08 13:09:00,payment,70.25,66.57,653.59,5138,7.87,0
2026-06-08 13:09:00,notification,66.46,67.51,754.85,6294,11.96,1
2026-06-08 13:09:00,order,56.31,63.93,547.69,3889,3.57,0
2026-06-08 13:12:00,order,54.24,65.37,511.12,4824,5.19,0
2026-06-08 13:12:00,payment,69.49,65.87,593.25,5496,7.35,1
2026-06-08 13:12:00,notification,66.9,70.59,793.66,5197,8.76,0
2026-06-08 13:15:00,notification,64.54,67.52,753.69,5648,9.61,0
2026-06-08 13:15:00,payment,57.02,67.4,586.4,5146,8.0,0
2026-06-08 13:15:00,order,52.77,60.34,437.92,4228,4.78,0
2026-06-08 13:18:00,order,64.86,62.16,381.44,4940,4.93,0
2026-06-08 13:18:00,notification,63.86,69.17,852.45,5260,10.96,1
2026-06-08 13:18:00,payment,82.35,78.66,826.52,5662,9.47,1
2026-06-08 13:21:00,payment,76.07,76.58,868.69,5826,10.62,1
2026-06-08 13:21:00,notification,74.54,72.74,858.59,5641,5.84,1
2026-06-08 13:21:00,order,58.06,55.27,606.37,6104,5.63,1
2026-06-08 13:24:00,notification,68.29,71.33,785.54,6524,8.17,1
2026-06-08 13:24:00,order,63.61,49.02,463.3,4563,4.41,1
2026-06-08 13:24:00,payment,63.57,63.76,751.98,5445,7.2,1
2026-06-08 13:27:00,notification,66.63,72.19,895.93,5646,8.27,1
2026-06-08 13:27:00,order,56.29,51.81,605.26,4498,5.93,1
2026-06-08 13:27:00,payment,63.45,68.59,884.2,6669,7.35,1
2026-06-08 13:30:00,notification,76.42,72.74,1129.44,6436,11.76,1
2026-06-08 13:30:00,payment,73.67,75.22,877.76,5799,10.63,1
2026-06-08 13:30:00,order,67.28,58.34,446.18,4350,4.55,1
2026-06-08 13:33:00,order,55.33,72.92,581.68,5121,7.28,1
2026-06-08 13:33:00,payment,70.08,75.55,1011.59,6188,9.15,0
2026-06-08 13:33:00,notification,76.09,81.23,1098.87,6182,11.52,1
2026-06-08 13:36:00,order,61.93,62.66,489.22,4586,4.0,1
2026-06-08 13:36:00,notification,73.16,81.41,924.23,7263,11.58,1
2026-06-08 13:36:00,payment,75.88,70.35,1053.52,6490,10.13,1
2026-06-08 13:39:00,notification,67.35,76.95,1015.52,5972,13.55,1
2026-06-08 13:39:00,order,52.34,59.27,495.57,5528,4.32,1
2026-06-08 13:39:00,payment,75.39,76.84,903.39,6545,11.5,1
2026-06-08 13:42:00,order,69.21,63.25,465.83,4426,4.93,1
2026-06-08 13:42:00,notification,69.81,79.33,765.89,5505,7.57,1
2026-06-08 13:42:00,payment,66.39,67.67,927.32,5536,10.6,1
2026-06-08 13:45:00,payment,62.0,77.72,722.61,6279,8.53,1
2026-06-08 13:45:00,notification,67.54,66.77,793.4,5748,6.22,1
2026-06-08 13:45:00,order,57.07,59.6,313.41,3870,1.01,0
2026-06-08 13:48:00,notification,68.13,73.69,703.63,5440,7.18,1
2026-06-08 13:48:00,order,47.42,55.08,526.28,4559,6.4,0
2026-06-08 13:48:00,payment,67.17,70.6,693.93,5271,3.67,1
2026-06-08 13:51:00,notification,68.11,67.47,761.41,6515,6.84,0
2026-06-08 13:51:00,order,48.55,61.23,478.17,3845,3.74,0
2026-06-08 13:51:00,payment,61.07,61.8,689.52,6267,7.73,1
2026-06-08 13:54:00,payment,68.8,67.91,832.19,5806,9.4,1
2026-06-08 13:54:00,order,58.75,63.48,425.8,3559,0.55,0
2026-06-08 13:54:00,notification,70.4,69.29,914.52,6601,7.41,1
2026-06-08 13:57:00,payment,60.12,68.03,701.51,5196,9.33,0
2026-06-08 13:57:00,notification,62.71,78.58,842.16,6039,8.75,1
2026-06-08 13:57:00,order,60.01,71.02,370.38,4324,4.53,1
2026-06-08 14:00:00,payment,62.76,68.26,665.97,5189,7.66,1
2026-06-08 14:00:00,notification,87.85,72.7,963.31,6538,11.09,1
2026-06-08 14:00:00,order,59.03,59.67,438.02,5259,3.66,0
2026-06-08 14:03:00,notification,67.54,63.14,675.48,5618,7.22,1
2026-06-08 14:03:00,order,53.46,65.98,317.05,4357,2.14,1
2026-06-08 14:03:00,payment,64.7,63.18,596.19,5386,5.47,0
2026-06-08 14:06:00,payment,69.14,62.78,747.57,5433,7.09,1
2026-06-08 14:06:00,notification,74.4,63.11,927.26,6286,8.81,1
2026-06-08 14:06:00,order,52.11,56.77,301.15,3972,6.12,0
2026-06-08 14:09:00,notification,72.02,70.96,768.48,5917,8.81,1
2026-06-08 14:09:00,payment,60.54,61.33,782.82,5351,6.16,1
2026-06-08 14:09:00,order,60.29,70.2,378.5,4276,4.71,1
2026-06-08 14:12:00,payment,56.61,69.65,707.78,5484,6.0,1
2026-06-08 14:12:00,order,52.44,58.86,597.97,5557,4.6,0
2026-06-08 14:12:00,notification,69.21,67.12,880.74,5474,7.45,1
2026-06-08 14:15:00,notification,66.61,84.4,985.46,5837,11.66,1
2026-06-08 14:15:00,order,60.47,67.18,560.03,4902,5.66,1
2026-06-08 14:15:00,payment,63.28,67.97,645.79,5012,7.06,1
2026-06-08 14:18:00,notification,67.04,79.62,847.22,6095,8.8,1
2026-06-08 14:18:00,order,62.28,70.36,717.91,5097,8.1,1
2026-06-08 14:18:00,payment,63.05,64.11,593.36,4689,5.85,1
2026-06-08 14:21:00,order,62.0,76.54,783.32,5503,5.91,1
2026-06-08 14:21:00,payment,66.68,68.8,668.79,4887,8.03,1
2026-06-08 14:21:00,notification,66.16,58.93,944.2,5889,10.9,1
2026-06-08 14:24:00,order,64.87,77.07,822.84,5885,11.62,1
2026-06-08 14:24:00,payment,60.34,63.64,664.79,5866,5.07,0
2026-06-08 14:24:00,notification,64.0,83.13,910.45,6758,11.17,1
2026-06-08 14:27:00,order,61.95,64.02,657.71,5659,7.99,1
2026-06-08 14:27:00,payment,69.06,70.92,822.35,5101,6.33,1
2026-06-08 14:27:00,notification,89.34,74.17,1113.38,6909,11.14,1
2026-06-08 14:30:00,payment,76.14,82.57,767.32,5642,7.8,1
2026-06-08 14:30:00,order,73.97,71.19,1001.55,6537,12.03,1
2026-06-08 14:30:00,notification,80.41,83.26,962.9,6006,11.83,1
2026-06-08 14:33:00,order,61.05,82.86,874.67,5914,8.48,1
2026-06-08 14:33:00,notification,74.83,81.19,997.57,5882,13.31,1
2026-06-08 14:33:00,payment,71.81,78.67,908.07,6139,8.59,1
2026-06-08 14:36:00,order,71.55,71.92,884.94,4835,9.77,1
2026-06-08 14:36:00,payment,60.67,71.26,940.07,5929,9.99,1
2026-06-08 14:36:00,notification,71.61,80.04,939.7,5492,10.85,1
2026-06-08 14:39:00,payment,73.14,71.32,976.78,5590,8.89,1
2026-06-08 14:39:00,notification,72.38,80.23,875.08,6062,8.73,1
2026-06-08 14:39:00,order,66.02,76.23,824.34,6054,8.04,1
2026-06-08 14:42:00,order,67.66,64.82,664.06,5774,4.95,1
2026-06-08 14:42:00,payment,85.07,60.38,1040.3,5787,12.32,0
2026-06-08 14:42:00,notification,67.51,65.07,762.45,6165,9.76,1
2026-06-08 14:45:00,notification,65.85,66.73,967.6,5684,10.59,1
2026-06-08 14:45:00,payment,65.58,80.44,1124.45,6449,10.17,1
2026-06-08 14:45:00,order,64.85,67.57,722.68,5573,8.81,1
2026-06-08 14:48:00,order,64.18,66.37,705.38,5240,8.51,0
2026-06-08 14:48:00,notification,79.24,77.31,805.84,6003,11.76,1
2026-06-08 14:48:00,payment,73.18,78.78,1015.85,5896,12.92,1
2026-06-08 14:51:00,payment,69.88,70.63,881.77,5188,10.76,1
2026-06-08 14:51:00,notification,62.29,71.05,814.4,5780,9.54,1
2026-06-08 14:51:00,order,76.07,75.91,895.01,6551,8.35,1
2026-06-08 14:54:00,notification,74.46,73.51,806.39,5957,10.17,1
2026-06-08 14:54:00,order,67.58,75.83,774.37,5428,5.4,1
2026-06-08 14:54:00,payment,75.89,69.65,1092.41,6611,10.96,1
2026-06-08 14:57:00,notification,67.98,68.78,823.19,5519,8.68,1
2026-06-08 14:57:00,order,73.13,77.5,830.35,5374,8.47,1
2026-06-08 14:57:00,payment,72.61,67.75,944.85,5690,12.74,1
2026-06-08 15:00:00,notification,63.56,70.07,636.21,5209,7.42,1
2026-06-08 15:00:00,payment,77.35,74.96,920.63,6192,10.1,1
2026-06-08 15:00:00,order,73.35,66.08,869.52,5690,9.43,1
2026-06-08 15:03:00,notification,62.84,61.63,702.9,5320,6.2,1
2026-06-08 15:03:00,order,69.32,75.86,925.12,6518,8.7,1
2026-06-08 15:03:00,payment,70.25,71.64,946.88,5776,9.62,1
2026-06-08 15:06:00,order,59.69,70.07,743.55,6134,8.46,1
2026-06-08 15:06:00,notification,57.6,77.53,786.13,4678,8.18,1
2026-06-08 15:06:00,payment,77.76,75.84,768.21,5794,9.51,1
2026-06-08 15:09:00,notification,60.39,80.35,632.18,5884,7.6,0
2026-06-08 15:09:00,payment,67.52,71.23,896.67,5713,9.29,1
2026-06-08 15:09:00,order,61.62,57.47,656.43,5808,7.4,1
2026-06-08 15:12:00,order,66.73,65.37,446.17,5063,3.8,1
2026-06-08 15:12:00,payment,66.46,75.92,928.12,5274,9.51,1
2026-06-08 15:12:00,notification,70.64,62.39,803.86,5896,9.8,1
2026-06-08 15:15:00,order,64.83,71.89,566.64,4488,6.02,1
2026-06-08 15:15:00,notification,60.64,76.72,734.21,5374,9.29,1
2026-06-08 15:15:00,payment,63.57,72.11,819.0,5294,7.42,1
2026-06-08 15:18:00,notification,58.51,58.35,651.8,4910,5.82,1
2026-06-08 15:18:00,order,61.13,71.95,484.44,4159,3.04,1
2026-06-08 15:18:00,payment,52.17,70.59,681.77,5034,6.38,1
2026-06-08 15:21:00,notification,62.41,65.23,452.67,4330,6.72,0
2026-06-08 15:21:00,order,55.62,62.84,531.1,4553,5.83,1
2026-06-08 15:21:00,payment,65.03,56.25,640.41,4713,6.89,0
2026-06-08 15:24:00,order,69.97,67.64,504.32,5116,5.53,1
2026-06-08 15:24:00,notification,61.52,58.4,570.73,4143,6.11,1
2026-06-08 15:24:00,payment,73.06,58.29,581.11,5172,6.5,1
2026-06-08 15:27:00,notification,55.15,68.75,655.38,4689,7.0,1
2026-06-08 15:27:00,order,56.76,68.24,537.32,5384,6.96,1
2026-06-08 15:27:00,payment,59.58,59.35,523.19,4343,5.27,0
2026-06-08 15:30:00,order,69.45,67.33,733.42,5387,10.26,1
2026-06-08 15:30:00,payment,62.5,67.87,557.28,4053,5.22,1
2026-06-08 15:30:00,notification,64.99,55.93,605.45,4220,3.49,0
2026-06-08 15:33:00,notification,64.02,62.94,516.87,4210,3.75,0
2026-06-08 15:33:00,order,67.0,62.74,577.45,4846,6.68,0
2026-06-08 15:33:00,payment,58.12,73.75,620.3,4648,5.09,1
2026-06-08 15:36:00,order,54.04,65.2,608.85,5477,2.97,0
2026-06-08 15:36:00,notification,56.68,61.51,577.8,5158,6.15,1
2026-06-08 15:36:00,payment,61.11,65.2,669.51,5125,5.73,1
2026-06-08 15:39:00,order,58.33,65.11,596.66,5194,6.26,1
2026-06-08 15:39:00,payment,70.26,64.47,737.82,5098,5.69,1
2026-06-08 15:39:00,notification,47.88,61.04,573.33,4858,5.0,0
2026-06-08 15:42:00,notification,49.67,64.12,448.49,4246,6.39,1
2026-06-08 15:42:00,order,58.5,65.34,596.16,4112,4.6,0
2026-06-08 15:42:00,payment,71.41,53.53,591.52,4898,6.05,1
2026-06-08 15:45:00,notification,56.22,55.07,528.53,4139,6.46,0
2026-06-08 15:45:00,order,69.08,65.06,665.87,4778,8.67,1
2026-06-08 15:45:00,payment,65.52,65.28,414.03,4670,3.74,1
2026-06-08 15:48:00,notification,72.42,71.49,691.49,5019,6.65,1
2026-06-08 15:48:00,payment,67.73,63.55,691.11,6080,6.34,0
2026-06-08 15:48:00,order,60.92,67.91,647.82,5383,6.37,0
2026-06-08 15:51:00,notification,66.32,66.94,781.61,5979,7.56,1
2026-06-08 15:51:00,order,57.36,63.57,772.34,4976,8.78,1
2026-06-08 15:51:00,payment,60.61,78.97,683.23,5310,5.97,0
2026-06-08 15:54:00,notification,58.71,61.29,744.48,5733,7.73,1
2026-06-08 15:54:00,payment,63.83,62.33,630.28,4430,6.45,0
2026-06-08 15:54:00,order,55.89,75.76,617.46,4961,9.16,1
2026-06-08 15:57:00,notification,75.96,73.4,772.92,5519,9.41,1
2026-06-08 15:57:00,order,61.77,60.14,785.2,5114,7.04,1
2026-06-08 15:57:00,payment,56.52,75.25,679.05,4775,5.9,1
2026-06-08 16:00:00,notification,61.56,62.36,607.42,5007,6.33,1
2026-06-08 16:00:00,payment,53.03,69.04,552.79,4886,5.06,1
2026-06-08 16:00:00,order,54.62,66.45,683.86,5540,6.91,0
2026-06-08 16:03:00,order,73.29,70.17,809.28,5738,8.98,1
2026-06-08 16:03:00,notification,68.03,66.35,714.25,5618,6.66,1
2026-06-08 16:03:00,payment,53.67,59.07,570.93,5084,6.02,0
2026-06-08 16:06:00,notification,57.59,65.11,487.95,4751,5.96,1
2026-06-08 16:06:00,payment,62.74,67.07,589.58,4696,6.03,1
2026-06-08 16:06:00,order,68.42,66.19,612.16,5862,9.47,1
2026-06-08 16:09:00,payment,61.28,70.27,727.67,4921,6.51,1
2026-06-08 16:09:00,notification,48.87,63.9,574.13,5764,5.41,1
2026-06-08 16:09:00,order,61.84,61.14,612.21,4829,7.69,1
2026-06-08 16:12:00,payment,53.18,64.41,714.0,4525,7.63,0
2026-06-08 16:12:00,notification,53.38,67.07,761.32,5272,7.99,1
2026-06-08 16:12:00,order,56.84,54.95,547.21,4553,3.76,1
2026-06-08 16:15:00,notification,57.98,69.39,675.36,4766,6.87,0
2026-06-08 16:15:00,payment,59.32,67.65,543.24,4517,6.0,0
2026-06-08 16:15:00,order,65.77,66.16,512.63,5083,5.27,1
2026-06-08 16:18:00,payment,58.97,68.67,654.93,4676,5.16,1
2026-06-08 16:18:00,notification,67.92,67.67,715.15,4661,9.37,0
2026-06-08 16:18:00,order,67.29,65.44,683.27,4890,6.08,0
2026-06-08 16:21:00,order,54.1,65.78,665.86,4169,4.58,0
2026-06-08 16:21:00,payment,51.11,65.26,612.56,4483,4.77,0
2026-06-08 16:21:00,notification,64.0,70.2,615.8,5142,7.02,1
2026-06-08 16:24:00,order,58.06,58.26,644.57,5006,6.28,0
2026-06-08 16:24:00,notification,73.8,71.85,546.6,5013,6.76,1
2026-06-08 16:24:00,payment,57.86,63.84,561.39,4342,7.5,0
2026-06-08 16:27:00,payment,65.51,64.26,787.86,6001,8.02,0
2026-06-08 16:27:00,notification,63.58,64.09,624.44,4836,8.68,1
2026-06-08 16:27:00,order,65.64,73.61,677.05,4658,5.39,0
2026-06-08 16:30:00,notification,56.25,58.4,462.08,4747,3.91,0
2026-06-08 16:30:00,payment,66.65,72.22,922.34,6111,9.76,1
2026-06-08 16:30:00,order,64.34,65.75,664.46,5049,6.55,1
2026-06-08 16:33:00,payment,76.74,74.19,856.86,5432,10.9,1
2026-06-08 16:33:00,notification,53.49,66.43,476.93,4846,5.57,0
2026-06-08 16:33:00,order,68.09,52.39,702.24,5046,7.02,1
2026-06-08 16:36:00,notification,57.82,65.76,421.27,3801,3.54,0
2026-06-08 16:36:00,payment,58.36,62.74,865.03,5871,9.7,1
2026-06-08 16:36:00,order,58.27,67.87,620.53,5379,8.23,1
2026-06-08 16:39:00,payment,51.84,67.87,794.77,4586,6.45,0
2026-06-08 16:39:00,order,61.43,66.51,712.04,5306,6.85,0
2026-06-08 16:39:00,notification,63.27,64.77,357.96,4349,4.45,0
2026-06-08 16:42:00,payment,60.25,63.56,537.25,5369,4.73,1
2026-06-08 16:42:00,notification,53.42,57.0,560.37,4452,4.04,0
2026-06-08 16:42:00,order,67.93,62.54,649.18,4716,5.44,1
2026-06-08 16:45:00,payment,64.57,60.74,724.4,5883,6.97,0
2026-06-08 16:45:00,order,61.63,74.85,782.21,5174,7.08,0
2026-06-08 16:45:00,notification,56.4,59.98,519.72,4870,4.84,1
2026-06-08 16:48:00,order,55.48,72.39,646.61,4822,6.48,1
2026-06-08 16:48:00,payment,64.22,63.7,641.2,4978,6.96,1
2026-06-08 16:48:00,notification,60.69,58.59,484.91,4695,4.44,0
2026-06-08 16:51:00,payment,56.91,62.41,555.01,4481,7.18,0
2026-06-08 16:51:00,notification,60.44,75.69,681.08,5227,5.84,1
2026-06-08 16:51:00,order,55.49,65.12,653.41,5521,7.15,1
2026-06-08 16:54:00,payment,54.6,73.59,577.39,4554,3.83,1
2026-06-08 16:54:00,order,58.44,63.95,578.66,4790,6.45,0
2026-06-08 16:54:00,notification,52.99,69.08,661.9,5701,6.72,1
2026-06-08 16:57:00,notification,61.47,59.39,631.01,4450,6.12,1
2026-06-08 16:57:00,payment,57.7,63.04,608.59,4383,6.94,1
2026-06-08 16:57:00,order,68.06,64.56,529.84,4843,6.42,1
2026-06-08 17:00:00,order,57.16,57.81,541.68,5005,7.47,1
2026-06-08 17:00:00,notification,69.83,67.09,742.02,4935,6.76,1
2026-06-08 17:00:00,payment,52.64,65.04,478.42,4257,3.76,0
2026-06-08 17:03:00,payment,65.55,60.08,509.97,4951,5.49,1
2026-06-08 17:03:00,order,58.33,63.71,567.34,5401,2.76,0
2026-06-08 17:03:00,notification,60.87,64.62,808.45,5267,7.6,1
2026-06-08 17:06:00,notification,68.92,69.5,831.41,5068,9.78,1
2026-06-08 17:06:00,order,74.71,72.11,615.13,4567,5.38,1
2026-06-08 17:06:00,payment,52.92,50.13,531.59,4636,3.11,1
2026-06-08 17:09:00,notification,76.28,70.0,708.19,4615,7.79,1
2026-06-08 17:09:00,order,55.41,70.72,581.03,4703,4.43,1
2026-06-08 17:09:00,payment,53.74,62.18,400.46,4556,1.84,1
2026-06-08 17:12:00,order,67.04,61.19,606.88,5583,8.52,1
2026-06-08 17:12:00,notification,63.96,58.52,579.64,4428,5.65,0
2026-06-08 17:12:00,payment,68.11,54.85,337.82,4150,2.0,0
2026-06-08 17:15:00,order,55.09,64.23,469.67,4530,6.34,0
2026-06-08 17:15:00,notification,58.92,60.86,471.33,4392,3.1,1
2026-06-08 17:15:00,payment,54.79,58.75,566.69,3910,3.9,0
2026-06-08 17:18:00,order,61.37,57.35,534.59,4396,5.68,1
2026-06-08 17:18:00,notification,53.22,62.41,408.17,4321,7.17,1
2026-06-08 17:18:00,payment,59.61,55.43,476.16,4098,5.02,1
2026-06-08 17:21:00,order,71.69,62.67,491.95,4333,4.12,1
2026-06-08 17:21:00,payment,60.54,61.39,530.88,4472,4.54,0
2026-06-08 17:21:00,notification,59.78,50.93,449.26,4580,2.5,0
2026-06-08 17:24:00,payment,63.39,68.33,489.32,4219,4.92,1
2026-06-08 17:24:00,notification,45.76,51.62,567.56,4148,3.99,0
2026-06-08 17:24:00,order,68.53,63.29,588.13,5987,6.36,0
2026-06-08 17:27:00,notification,51.12,54.47,337.64,3160,0.45,0
2026-06-08 17:27:00,order,62.6,60.93,637.9,5807,5.1,1
2026-06-08 17:27:00,payment,60.79,67.71,559.62,4826,6.58,0
2026-06-08 17:30:00,payment,59.88,70.69,462.1,4992,5.13,1
2026-06-08 17:30:00,order,58.98,69.6,821.71,5476,8.03,1
2026-06-08 17:30:00,notification,50.72,54.22,302.93,4448,2.56,0
2026-06-08 17:33:00,order,66.21,66.36,688.91,5668,8.44,1
2026-06-08 17:33:00,notification,58.91,61.2,367.77,4175,2.83,1
2026-06-08 17:33:00,payment,60.98,72.8,574.88,5066,6.01,1
2026-06-08 17:36:00,payment,58.82,55.54,584.56,5254,10.07,0
2026-06-08 17:36:00,order,65.96,67.79,837.09,6128,10.08,1
2026-06-08 17:36:00,notification,36.73,53.51,316.89,3991,4.3,1
2026-06-08 17:39:00,notification,65.86,59.67,378.92,4070,5.02,1
2026-06-08 17:39:00,order,57.91,71.2,853.16,5676,8.54,1
2026-06-08 17:39:00,payment,63.71,59.37,556.25,4250,6.15,0
2026-06-08 17:42:00,notification,49.44,59.67,443.93,4391,3.58,1
2026-06-08 17:42:00,payment,74.07,56.41,594.54,5545,5.37,1
2026-06-08 17:42:00,order,57.73,65.33,836.99,6009,10.77,1
2026-06-08 17:45:00,notification,65.95,65.01,418.26,4053,3.83,1
2026-06-08 17:45:00,payment,67.02,66.8,417.03,4154,6.04,1
2026-06-08 17:45:00,order,69.35,74.37,1050.25,6171,12.32,1
2026-06-08 17:48:00,order,73.11,67.41,1008.25,5993,12.48,1
2026-06-08 17:48:00,payment,59.54,58.44,433.05,4500,5.7,0
2026-06-08 17:48:00,notification,60.01,57.54,532.23,3866,1.13,0
2026-06-08 17:51:00,notification,60.97,61.94,578.02,4669,4.27,0
2026-06-08 17:51:00,payment,65.33,61.57,613.32,5076,5.97,1
2026-06-08 17:51:00,order,76.95,65.73,913.77,6108,10.54,1
2026-06-08 17:54:00,notification,63.03,75.25,667.1,4922,3.91,0
2026-06-08 17:54:00,payment,56.24,63.99,621.23,5107,6.23,0
2026-06-08 17:54:00,order,62.16,75.28,862.89,5573,7.41,1
2026-06-08 17:57:00,notification,59.84,58.1,603.13,5242,4.55,1
2026-06-08 17:57:00,order,68.09,67.64,656.66,6142,8.76,1
2026-06-08 17:57:00,payment,60.97,67.9,566.11,4568,8.21,1
2026-06-08 18:00:00,order,55.95,65.47,750.8,5367,8.22,1
2026-06-08 18:00:00,notification,58.48,68.37,574.58,5162,5.64,1
2026-06-08 18:00:00,payment,68.66,58.94,676.18,4688,8.23,1
2026-06-08 18:03:00,notification,66.81,72.53,788.63,5328,7.36,1
2026-06-08 18:03:00,order,60.99,73.0,697.66,5061,7.47,1
2026-06-08 18:03:00,payment,71.65,59.86,583.47,5215,6.36,0
2026-06-08 18:06:00,order,46.79,73.18,598.66,4382,6.03,1
2026-06-08 18:06:00,notification,65.38,71.8,830.7,5033,7.81,1
2026-06-08 18:06:00,payment,59.56,67.4,722.22,5462,6.29,1
2026-06-08 18:09:00,notification,69.89,73.92,758.24,5238,7.49,1
2026-06-08 18:09:00,order,74.79,66.28,601.2,4649,7.23,1
2026-06-08 18:09:00,payment,63.13,74.95,728.42,5014,8.31,1
2026-06-08 18:12:00,payment,80.61,70.09,763.45,5775,7.65,1
2026-06-08 18:12:00,order,65.36,72.48,660.96,4682,7.7,1
2026-06-08 18:12:00,notification,67.88,68.43,799.49,4745,6.94,1
2026-06-08 18:15:00,payment,66.72,65.09,733.32,4863,8.9,1
2026-06-08 18:15:00,notification,58.69,67.19,747.5,4599,5.75,0
2026-06-08 18:15:00,order,66.68,65.89,659.08,5878,8.77,1
2026-06-08 18:18:00,payment,79.76,60.57,979.38,6007,9.51,1
2026-06-08 18:18:00,notification,61.02,68.38,733.62,5316,8.31,1
2026-06-08 18:18:00,order,66.95,67.28,604.6,5040,6.94,0
2026-06-08 18:21:00,payment,69.31,75.43,755.17,5322,11.87,1
2026-06-08 18:21:00,notification,61.24,56.5,436.11,4949,6.25,1
2026-06-08 18:21:00,order,78.07,66.31,767.95,4809,7.94,1
2026-06-08 18:24:00,payment,69.93,67.32,827.27,5750,10.61,0
2026-06-08 18:24:00,order,55.97,64.26,441.48,4846,6.01,0
2026-06-08 18:24:00,notification,61.78,62.13,444.35,4984,4.5,1
2026-06-08 18:27:00,order,51.12,66.13,558.99,5264,3.63,0
2026-06-08 18:27:00,notification,59.19,58.07,637.51,5346,5.9,1
2026-06-08 18:27:00,payment,66.03,64.76,840.88,5619,7.28,0
2026-06-08 18:30:00,order,68.49,53.53,411.04,4259,4.02,1
2026-06-08 18:30:00,payment,72.9,61.4,716.23,6052,7.69,1
2026-06-08 18:30:00,notification,53.13,66.32,485.63,4947,7.63,0
2026-06-08 18:33:00,payment,72.3,60.16,582.2,5351,4.75,1
2026-06-08 18:33:00,notification,60.73,64.29,497.14,4482,4.57,1
2026-06-08 18:33:00,order,51.18,58.18,529.79,4199,4.06,0
2026-06-08 18:36:00,notification,57.25,64.49,456.25,3977,4.85,0
2026-06-08 18:36:00,order,64.62,58.74,599.39,4308,3.26,1
2026-06-08 18:36:00,payment,59.03,63.47,674.66,5132,4.91,0
2026-06-08 18:39:00,order,54.04,54.33,474.81,3470,7.11,0
2026-06-08 18:39:00,notification,55.5,53.76,412.27,4768,5.16,0
2026-06-08 18:39:00,payment,69.6,72.57,972.32,6213,10.5,1
2026-06-08 18:42:00,notification,52.28,58.29,443.96,3881,3.5,1
2026-06-08 18:42:00,payment,74.33,65.28,805.9,6616,7.58,1
2026-06-08 18:42:00,order,59.73,62.57,402.19,4704,6.64,1
2026-06-08 18:45:00,payment,66.75,71.15,769.26,5914,10.4,1
2026-06-08 18:45:00,order,47.68,61.8,448.3,4639,5.78,1
2026-06-08 18:45:00,notification,56.49,57.51,428.46,3778,2.42,0
2026-06-08 18:48:00,notification,48.44,69.06,361.43,4144,1.59,0
2026-06-08 18:48:00,payment,62.09,66.89,759.73,5328,8.79,1
2026-06-08 18:48:00,order,70.05,59.47,425.59,4037,4.43,1
2026-06-08 18:51:00,notification,51.64,60.06,494.82,3852,5.23,0
2026-06-08 18:51:00,order,54.93,59.48,552.46,4060,4.02,0
2026-06-08 18:51:00,payment,68.88,77.35,590.63,4778,6.22,0
2026-06-08 18:54:00,notification,52.03,57.25,420.16,4246,4.43,0
2026-06-08 18:54:00,payment,72.81,60.56,735.05,5228,7.47,1
2026-06-08 18:54:00,order,54.4,69.41,527.89,5617,3.76,0
2026-06-08 18:57:00,order,61.33,63.27,501.17,4104,4.66,1
2026-06-08 18:57:00,payment,60.58,67.42,561.2,5432,8.49,1
2026-06-08 18:57:00,notification,55.93,61.16,520.46,3819,3.62,0
2026-06-08 19:00:00,order,53.29,60.69,592.33,4201,3.78,0
2026-06-08 19:00:00,payment,62.57,65.81,615.2,4592,8.05,0
2026-06-08 19:00:00,notification,51.89,68.47,442.27,4596,4.88,0
2026-06-08 19:03:00,order,60.84,62.74,611.96,4637,5.85,1
2026-06-08 19:03:00,notification,51.48,64.05,498.96,4110,4.24,0
2026-06-08 19:03:00,payment,49.44,55.89,491.69,4452,3.39,1
2026-06-08 19:06:00,order,52.09,67.28,593.96,5114,5.62,1
2026-06-08 19:06:00,notification,58.05,60.86,382.87,3778,2.48,1
2026-06-08 19:06:00,payment,49.55,60.03,484.64,4835,2.74,0
2026-06-08 19:09:00,order,60.81,64.86,521.84,4740,6.55,1
2026-06-08 19:09:00,notification,51.57,55.97,470.51,3185,1.57,0
2026-06-08 19:09:00,payment,51.67,60.02,284.49,3890,2.65,0
2026-06-08 19:12:00,payment,53.79,58.91,396.29,3686,4.18,1
2026-06-08 19:12:00,order,56.31,59.46,400.06,4813,5.81,1
2026-06-08 19:12:00,notification,52.63,52.44,312.49,3623,1.84,0
2026-06-08 19:15:00,payment,55.68,72.03,524.59,5838,5.44,1
2026-06-08 19:15:00,order,53.31,70.97,433.21,4837,2.88,1
2026-06-08 19:15:00,notification,54.82,66.89,342.28,5203,5.69,0
2026-06-08 19:18:00,notification,54.07,60.35,552.35,4400,5.82,0
2026-06-08 19:18:00,order,50.87,63.21,381.03,5714,4.25,1
2026-06-08 19:18:00,payment,55.64,52.91,544.72,5506,6.07,1
2026-06-08 19:21:00,notification,71.23,65.24,673.03,5282,7.68,1
2026-06-08 19:21:00,order,61.52,54.87,462.59,4166,4.83,0
2026-06-08 19:21:00,payment,48.83,55.59,532.63,4493,6.43,1
2026-06-08 19:24:00,notification,64.03,60.91,627.31,6134,8.49,1
2026-06-08 19:24:00,payment,60.6,69.42,487.35,5088,3.18,1
2026-06-08 19:24:00,order,51.76,49.57,469.78,3942,4.06,0
2026-06-08 19:27:00,order,50.45,60.14,484.04,3854,2.49,1
2026-06-08 19:27:00,payment,44.07,64.91,376.68,4256,3.74,1
2026-06-08 19:27:00,notification,67.92,61.04,711.2,6389,6.72,1
2026-06-08 19:30:00,payment,53.35,66.06,505.21,5035,3.69,1
2026-06-08 19:30:00,notification,63.3,68.6,565.46,4204,4.61,0
2026-06-08 19:30:00,order,54.7,63.66,453.73,4232,2.71,1
2026-06-08 19:33:00,order,62.27,62.24,405.73,5325,3.35,1
2026-06-08 19:33:00,payment,47.13,68.58,420.91,4456,4.0,0
2026-06-08 19:33:00,notification,60.19,54.83,643.38,5434,6.08,1
2026-06-08 19:36:00,payment,58.95,51.25,394.11,3881,4.08,0
2026-06-08 19:36:00,notification,62.66,75.43,718.59,4147,6.98,1
2026-06-08 19:36:00,order,44.7,58.65,355.21,3712,0.85,0
2026-06-08 19:39:00,order,51.5,58.73,363.03,3972,2.81,1
2026-06-08 19:39:00,payment,45.19,64.44,501.97,5414,3.44,1
2026-06-08 19:39:00,notification,55.42,62.67,563.12,3561,4.32,0
2026-06-08 19:42:00,order,46.38,56.96,277.66,3065,4.16,0
2026-06-08 19:42:00,notification,61.69,66.59,567.59,4207,4.57,1
2026-06-08 19:42:00,payment,58.24,67.52,424.3,4035,5.54,0
2026-06-08 19:45:00,order,54.06,51.47,393.25,4328,3.54,0
2026-06-08 19:45:00,notification,56.19,69.83,528.13,4745,5.72,1
2026-06-08 19:45:00,payment,67.05,58.19,509.13,4626,4.84,1
2026-06-08 19:48:00,notification,58.3,60.81,610.77,4005,4.95,0
2026-06-08 19:48:00,order,66.52,60.46,538.77,4816,4.1,1
2026-06-08 19:48:00,payment,65.82,73.42,457.94,4467,4.6,0
2026-06-08 19:51:00,notification,58.7,67.57,626.33,5424,5.51,1
2026-06-08 19:51:00,order,44.79,66.86,659.3,5092,6.37,1
2026-06-08 19:51:00,payment,44.48,60.86,413.86,4509,3.75,0
2026-06-08 19:54:00,order,58.02,69.79,683.62,4984,8.45,1
2026-06-08 19:54:00,payment,53.9,46.21,390.36,3922,3.03,0
2026-06-08 19:54:00,notification,57.96,59.9,563.07,4973,5.79,1
2026-06-08 19:57:00,order,62.21,65.91,582.49,4705,6.3,0
2026-06-08 19:57:00,notification,59.57,58.95,598.45,4840,6.59,1
2026-06-08 19:57:00,payment,47.77,60.43,353.9,4098,3.27,0
2026-06-08 20:00:00,payment,42.21,51.25,374.27,3718,2.37,0
2026-06-08 20:00:00,order,66.82,64.94,663.82,5387,6.07,1
2026-06-08 20:00:00,notification,67.05,66.23,621.59,4693,5.08,1
2026-06-08 20:03:00,payment,48.47,60.49,277.98,3831,3.13,1
2026-06-08 20:03:00,notification,60.42,62.36,511.68,4115,4.83,0
2026-06-08 20:03:00,order,67.75,65.08,599.43,4230,5.52,1
2026-06-08 20:06:00,notification,45.35,63.14,484.94,4455,3.34,1
2026-06-08 20:06:00,order,50.68,62.86,569.27,4579,6.18,1
2026-06-08 20:06:00,payment,59.45,59.88,352.87,3953,0.97,0
2026-06-08 20:09:00,order,70.88,65.46,605.06,5086,5.84,1
2026-06-08 20:09:00,payment,56.96,55.24,372.37,4065,3.94,0
2026-06-08 20:09:00,notification,57.81,69.19,620.23,5327,6.44,1
2026-06-08 20:12:00,order,62.64,64.1,592.4,3797,3.5,1
2026-06-08 20:12:00,payment,50.89,67.28,484.0,3759,3.04,0
2026-06-08 20:12:00,notification,68.6,59.5,397.26,4382,6.23,0
2026-06-08 20:15:00,order,50.64,53.26,460.26,3852,4.43,0
2026-06-08 20:15:00,notification,59.09,70.67,396.23,4717,4.61,0
2026-06-08 20:15:00,payment,59.23,64.31,471.26,5074,3.62,0
2026-06-08 20:18:00,notification,51.13,58.34,452.69,3647,2.04,0
2026-06-08 20:18:00,order,44.09,61.84,466.1,4675,3.77,0
2026-06-08 20:18:00,payment,44.57,58.05,353.39,4810,3.04,0
2026-06-08 20:21:00,payment,55.45,63.06,575.43,4887,5.11,0
2026-06-08 20:21:00,notification,61.78,61.89,477.27,3774,1.72,0
2026-06-08 20:21:00,order,49.21,56.8,369.57,3370,5.27,1
2026-06-08 20:24:00,notification,54.58,63.08,484.52,3972,4.18,0
2026-06-08 20:24:00,order,62.6,63.28,462.22,4151,4.49,0
2026-06-08 20:24:00,payment,55.4,66.72,465.46,4594,5.99,1
2026-06-08 20:27:00,order,54.93,59.74,414.99,4480,5.73,1
2026-06-08 20:27:00,payment,62.36,63.62,592.09,4609,6.75,0
2026-06-08 20:27:00,notification,65.88,60.37,606.7,4933,4.82,1
2026-06-08 20:30:00,payment,61.51,64.48,629.83,5445,5.08,0
2026-06-08 20:30:00,order,51.81,65.55,456.26,4368,3.21,0
2026-06-08 20:30:00,notification,58.93,64.86,629.72,4933,7.22,1
2026-06-08 20:33:00,order,44.24,58.16,313.43,3761,2.09,0
2026-06-08 20:33:00,payment,59.48,64.31,548.78,4779,6.15,0
2026-06-08 20:33:00,notification,55.84,50.97,475.61,3302,3.95,1
2026-06-08 20:36:00,order,53.46,56.62,202.68,3554,2.0,0
2026-06-08 20:36:00,payment,54.87,55.07,489.77,4616,5.65,0
2026-06-08 20:36:00,notification,48.47,57.88,404.78,4158,2.52,0
2026-06-08 20:39:00,payment,56.87,49.92,522.25,3915,3.93,0
2026-06-08 20:39:00,notification,62.77,61.49,504.61,4751,5.64,1
2026-06-08 20:39:00,order,55.85,62.95,508.09,5118,6.71,0
2026-06-08 20:42:00,notification,55.66,63.13,470.38,4610,1.8,1
2026-06-08 20:42:00,order,50.78,67.67,410.36,4053,3.08,1
2026-06-08 20:42:00,payment,60.99,63.13,457.04,5183,4.83,1
2026-06-08 20:45:00,order,48.41,54.3,292.42,3197,4.49,0
2026-06-08 20:45:00,notification,53.54,57.11,455.79,4257,3.42,1
2026-06-08 20:45:00,payment,60.89,53.9,512.41,5167,3.06,0
2026-06-08 20:48:00,notification,58.38,66.67,349.79,4269,3.55,0
2026-06-08 20:48:00,order,45.68,55.82,438.31,3730,2.15,0
2026-06-08 20:48:00,payment,54.91,56.02,474.03,4411,3.41,1
2026-06-08 20:51:00,notification,60.02,53.05,484.38,4660,5.28,0
2026-06-08 20:51:00,order,50.4,60.38,412.68,4246,2.45,0
2026-06-08 20:51:00,payment,56.22,49.75,319.75,4328,4.04,1
2026-06-08 20:54:00,notification,53.46,53.31,364.78,3681,3.25,0
2026-06-08 20:54:00,payment,59.91,51.34,409.03,4560,5.16,1
2026-06-08 20:54:00,order,47.83,51.43,569.04,4303,5.42,0
2026-06-08 20:57:00,notification,43.25,51.95,406.06,4290,2.99,0
2026-06-08 20:57:00,payment,51.19,61.35,509.01,3683,3.18,0
2026-06-08 20:57:00,order,56.73,64.69,492.56,4182,4.93,0
2026-06-08 21:00:00,payment,49.07,53.79,234.58,4340,5.89,0
2026-06-08 21:00:00,notification,50.58,56.24,458.68,4554,2.46,0
2026-06-08 21:00:00,order,47.56,67.54,535.34,4628,5.38,1
2026-06-08 21:03:00,payment,57.93,54.9,333.37,4027,3.39,0
2026-06-08 21:03:00,order,56.87,61.31,367.02,4389,3.99,0
2026-06-08 21:03:00,notification,47.69,51.35,284.28,4220,3.38,0
2026-06-08 21:06:00,payment,39.83,45.8,238.04,3066,0.57,0
2026-06-08 21:06:00,order,48.64,65.18,383.24,4315,3.64,1
2026-06-08 21:06:00,notification,52.32,51.41,281.21,4080,4.21,1
2026-06-08 21:09:00,order,50.0,61.3,427.3,3988,5.32,0
2026-06-08 21:09:00,notification,50.14,54.05,359.4,3852,2.11,0
2026-06-08 21:09:00,payment,55.78,47.83,370.62,2748,3.39,0
2026-06-08 21:12:00,order,52.21,59.96,349.21,4007,3.67,0
2026-06-08 21:12:00,notification,60.03,50.15,404.25,3751,4.26,0
2026-06-08 21:12:00,payment,41.6,56.96,296.37,4085,1.22,0
2026-06-08 21:15:00,order,47.09,61.44,330.73,3712,3.38,0
2026-06-08 21:15:00,notification,59.97,62.93,470.65,3710,3.09,0
2026-06-08 21:15:00,payment,52.75,59.21,405.9,4334,4.38,1
2026-06-08 21:18:00,notification,51.57,60.02,337.55,4512,3.37,1
2026-06-08 21:18:00,order,46.48,60.2,393.02,4498,3.21,0
2026-06-08 21:18:00,payment,45.61,60.61,298.92,4065,1.98,0
2026-06-08 21:21:00,order,52.84,55.26,590.16,3417,3.79,0
2026-06-08 21:21:00,notification,60.32,54.26,531.89,3802,5.43,0
2026-06-08 21:21:00,payment,63.74,60.73,347.75,3807,1.31,1
2026-06-08 21:24:00,order,60.54,54.07,333.04,3437,3.17,0
2026-06-08 21:24:00,notification,66.56,66.45,528.56,4441,4.32,1
2026-06-08 21:24:00,payment,47.95,54.95,370.3,3434,4.18,0
2026-06-08 21:27:00,payment,52.77,51.01,403.3,4556,3.93,0
2026-06-08 21:27:00,order,51.98,40.52,283.32,3033,1.63,0
2026-06-08 21:27:00,notification,50.01,51.96,521.36,3991,3.14,0
2026-06-08 21:30:00,payment,51.71,54.93,474.37,4075,5.82,0
2026-06-08 21:30:00,order,55.55,61.56,323.45,3457,3.5,1
2026-06-08 21:30:00,notification,55.77,58.73,547.37,5002,4.88,0
2026-06-08 21:33:00,payment,52.96,56.92,398.67,3979,2.13,0
2026-06-08 21:33:00,notification,49.09,59.19,348.13,4336,0.0,0
2026-06-08 21:33:00,order,40.96,53.34,209.76,4121,2.3,0
2026-06-08 21:36:00,payment,54.35,56.85,520.31,5362,2.53,0
2026-06-08 21:36:00,order,50.9,51.9,430.65,3475,3.97,0
2026-06-08 21:36:00,notification,51.36,55.01,349.18,3395,1.78,1
2026-06-08 21:39:00,notification,59.86,45.33,324.45,3400,1.8,0
2026-06-08 21:39:00,order,54.82,58.64,504.52,4489,2.72,0
2026-06-08 21:39:00,payment,53.85,54.05,411.16,4579,3.36,0
2026-06-08 21:42:00,notification,52.99,54.14,363.0,3205,1.73,0
2026-06-08 21:42:00,payment,34.89,60.87,477.68,4754,7.8,1
2026-06-08 21:42:00,order,60.77,66.03,271.57,4088,4.41,0
2026-06-08 21:45:00,payment,51.87,68.83,352.26,4983,4.15,0
2026-06-08 21:45:00,notification,43.92,51.62,229.47,3530,2.24,0
2026-06-08 21:45:00,order,57.65,57.56,521.78,3576,2.44,0
2026-06-08 21:48:00,notification,47.61,59.59,158.36,2655,1.61,0
2026-06-08 21:48:00,order,50.51,57.93,364.47,3814,3.95,0
2026-06-08 21:48:00,payment,51.16,53.84,443.12,3998,3.7,0
2026-06-08 21:51:00,notification,53.76,55.28,274.46,3457,3.55,0
2026-06-08 21:51:00,order,33.72,63.66,223.2,3097,3.82,0
2026-06-08 21:51:00,payment,52.99,52.63,285.71,3429,2.86,1
2026-06-08 21:54:00,payment,52.52,44.31,246.65,2884,1.22,0
2026-06-08 21:54:00,notification,36.97,59.98,266.65,3298,4.25,0
2026-06-08 21:54:00,order,39.67,56.71,295.35,3407,2.63,0
2026-06-08 21:57:00,order,55.15,55.09,307.03,3829,4.49,0
2026-06-08 21:57:00,payment,46.67,59.74,268.55,3312,5.63,0
2026-06-08 21:57:00,notification,41.86,48.86,283.72,4479,2.24,0
2026-06-08 22:00:00,order,47.71,46.58,232.13,4293,1.43,0
2026-06-08 22:00:00,notification,55.66,47.56,357.0,3422,2.03,0
2026-06-08 22:00:00,payment,53.03,58.18,270.8,2710,2.97,0
2026-06-08 22:03:00,order,47.07,56.66,278.52,3180,2.24,0
2026-06-08 22:03:00,notification,45.3,65.51,251.1,4665,5.3,0
2026-06-08 22:03:00,payment,41.09,57.46,308.56,3798,2.77,0
2026-06-08 22:06:00,notification,52.92,59.23,316.65,3829,3.07,0
2026-06-08 22:06:00,order,51.71,50.33,286.43,3450,1.62,1
2026-06-08 22:06:00,payment,50.8,58.96,318.72,2813,3.24,1
2026-06-08 22:09:00,notification,54.95,65.03,354.36,3758,2.17,0
2026-06-08 22:09:00,order,57.57,59.34,255.87,3665,2.18,1
2026-06-08 22:09:00,payment,42.84,50.09,229.74,3690,0.54,0
2026-06-08 22:12:00,order,45.26,55.09,287.5,4266,0.9,0
2026-06-08 22:12:00,notification,54.58,63.25,382.96,4559,4.39,0
2026-06-08 22:12:00,payment,40.57,51.91,301.63,3463,1.27,0
2026-06-08 22:15:00,notification,55.0,65.44,571.81,4550,4.21,1
2026-06-08 22:15:00,payment,49.52,64.47,358.57,3850,2.65,1
2026-06-08 22:15:00,order,53.88,57.71,279.71,3569,2.97,1
2026-06-08 22:18:00,payment,52.15,53.26,254.29,3040,2.84,0
2026-06-08 22:18:00,notification,63.23,61.87,438.78,4222,5.04,0
2026-06-08 22:18:00,order,54.04,55.1,220.34,2768,2.88,0
2026-06-08 22:21:00,payment,43.63,37.98,113.78,3481,0.0,0
2026-06-08 22:21:00,notification,59.44,54.85,344.61,4067,3.02,0
2026-06-08 22:21:00,order,55.29,43.97,316.97,3067,3.67,0
2026-06-08 22:24:00,payment,53.06,52.65,182.0,3576,1.62,0
2026-06-08 22:24:00,order,44.61,54.16,304.45,3176,1.08,0
2026-06-08 22:24:00,notification,66.46,53.06,358.17,4635,3.22,0
2026-06-08 22:27:00,payment,40.2,47.99,164.57,3147,1.55,0
2026-06-08 22:27:00,notification,44.41,46.2,416.58,3709,4.07,1
2026-06-08 22:27:00,order,52.18,55.64,341.31,3542,2.32,0
2026-06-08 22:30:00,notification,46.74,52.68,318.5,3577,0.13,0
2026-06-08 22:30:00,payment,52.8,56.92,276.64,2995,0.22,0
2026-06-08 22:30:00,order,49.97,52.99,148.67,2900,1.04,0
2026-06-08 22:33:00,notification,49.27,55.05,207.25,3423,2.17,0
2026-06-08 22:33:00,order,45.44,53.94,254.2,3232,0.93,0
2026-06-08 22:33:00,payment,43.77,55.47,240.11,3851,1.72,0
2026-06-08 22:36:00,order,46.97,54.85,242.4,3046,2.13,0
2026-06-08 22:36:00,notification,59.19,56.05,402.02,4603,4.33,0
2026-06-08 22:36:00,payment,48.54,44.3,255.92,3037,2.89,0
2026-06-08 22:39:00,notification,57.73,58.24,469.74,3581,3.28,0
2026-06-08 22:39:00,order,36.79,49.76,182.51,3657,2.26,0
2026-06-08 22:39:00,payment,47.46,53.48,197.43,2695,0.27,0
2026-06-08 22:42:00,payment,49.98,53.06,242.52,3500,3.72,0
2026-06-08 22:42:00,notification,47.88,45.01,335.05,3880,4.16,0
2026-06-08 22:42:00,order,42.46,47.75,346.12,3493,1.98,0
2026-06-08 22:45:00,notification,44.46,56.66,308.88,3901,1.99,1
2026-06-08 22:45:00,payment,51.0,56.78,258.72,4163,3.26,0
2026-06-08 22:45:00,order,42.66,44.77,200.02,4038,0.5,0
2026-06-08 22:48:00,notification,41.77,61.59,355.81,3068,2.75,0
2026-06-08 22:48:00,order,38.62,52.76,275.15,3507,3.22,0
2026-06-08 22:48:00,payment,43.12,56.19,337.35,3305,2.72,0
2026-06-08 22:51:00,order,50.32,57.74,300.05,3841,2.95,0
2026-06-08 22:51:00,notification,58.22,49.51,175.8,3381,1.99,0
2026-06-08 22:51:00,payment,52.91,60.86,321.88,3636,2.33,1
2026-06-08 22:54:00,notification,48.14,46.76,349.94,3397,0.49,0
2026-06-08 22:54:00,payment,58.7,56.03,314.0,3383,1.14,0
2026-06-08 22:54:00,order,51.07,50.18,207.25,4089,2.47,0
2026-06-08 22:57:00,payment,48.96,57.59,365.89,4285,2.59,0
2026-06-08 22:57:00,notification,52.08,48.26,354.74,3584,2.6,0
2026-06-08 22:57:00,order,43.69,56.32,342.88,3495,2.6,0
2026-06-08 23:00:00,order,34.03,52.49,250.83,3349,2.99,0
2026-06-08 23:00:00,payment,40.13,62.09,235.16,4291,3.49,0
2026-06-08 23:00:00,notification,44.25,52.4,392.54,3796,2.3,0
2026-06-08 23:03:00,order,49.21,54.89,302.05,3374,2.97,0
2026-06-08 23:03:00,notification,51.34,54.48,289.69,3980,2.29,0
2026-06-08 23:03:00,payment,56.28,69.37,373.53,3978,2.79,0
2026-06-08 23:06:00,notification,42.86,54.63,296.07,3400,1.34,0
2026-06-08 23:06:00,order,51.06,47.7,280.59,4249,1.68,0
2026-06-08 23:06:00,payment,53.81,64.86,411.08,3943,4.48,1
2026-06-08 23:09:00,order,53.05,54.7,381.23,3522,5.03,0
2026-06-08 23:09:00,notification,45.93,55.11,311.58,4010,3.56,0
2026-06-08 23:09:00,payment,53.76,60.26,443.35,3637,2.83,1
2026-06-08 23:12:00,order,46.85,60.98,348.43,3401,3.83,1
2026-06-08 23:12:00,payment,56.43,60.16,434.23,4434,4.07,1
2026-06-08 23:12:00,notification,42.97,46.28,283.59,2926,1.03,0
2026-06-08 23:15:00,payment,48.8,57.96,384.64,3441,3.78,1
2026-06-08 23:15:00,order,43.84,63.28,313.89,3392,1.97,0
2026-06-08 23:15:00,notification,49.88,56.3,270.4,4283,4.2,0
2026-06-08 23:18:00,order,56.19,55.17,296.77,3523,1.94,0
2026-06-08 23:18:00,payment,48.78,55.81,418.66,3921,0.94,0
2026-06-08 23:18:00,notification,58.43,48.21,410.61,3913,2.93,1
2026-06-08 23:21:00,notification,58.87,59.22,422.38,4103,4.07,1
2026-06-08 23:21:00,payment,51.69,68.15,346.31,4288,3.41,0
2026-06-08 23:21:00,order,54.29,61.57,375.72,3983,5.69,0
2026-06-08 23:24:00,payment,61.09,53.56,343.47,3775,1.5,0
2026-06-08 23:24:00,notification,54.78,54.93,395.84,4010,5.29,0
2026-06-08 23:24:00,order,48.9,64.99,355.87,3947,3.31,1
2026-06-08 23:27:00,payment,52.44,63.07,442.01,3907,1.09,0
2026-06-08 23:27:00,notification,40.56,55.28,365.35,3539,4.96,0
2026-06-08 23:27:00,order,40.35,50.16,427.16,3872,1.86,0
2026-06-08 23:30:00,payment,41.28,53.65,321.68,3990,1.82,0
2026-06-08 23:30:00,order,51.06,56.74,298.83,3265,2.11,1
2026-06-08 23:30:00,notification,42.94,61.25,382.53,3914,2.01,1
2026-06-08 23:33:00,notification,44.43,56.3,352.86,3795,3.59,0
2026-06-08 23:33:00,payment,38.89,44.65,252.74,2983,5.39,0
2026-06-08 23:33:00,order,45.48,57.07,371.97,3474,3.54,0
2026-06-08 23:36:00,notification,59.04,61.89,188.66,3882,3.76,0
2026-06-08 23:36:00,payment,52.74,56.06,483.44,3572,4.17,0
2026-06-08 23:36:00,order,56.51,64.32,415.67,4245,3.25,0
2026-06-08 23:39:00,notification,55.11,58.0,268.57,3910,2.19,0
2026-06-08 23:39:00,payment,44.05,53.35,385.95,3726,4.66,1
2026-06-08 23:39:00,order,51.57,51.74,330.03,3412,3.1,0
2026-06-08 23:42:00,notification,55.23,50.71,376.81,3657,3.43,0
2026-06-08 23:42:00,order,64.05,58.31,420.19,3357,5.93,1
2026-06-08 23:42:00,payment,38.97,56.87,294.12,4063,3.19,0
2026-06-08 23:45:00,order,49.63,54.17,372.05,3128,0.94,0
2026-06-08 23:45:00,notification,45.26,49.53,316.74,4078,2.79,0
2026-06-08 23:45:00,payment,55.78,57.5,332.56,4586,3.5,0
2026-06-08 23:48:00,order,62.22,57.69,373.18,3734,2.36,0
2026-06-08 23:48:00,notification,35.57,50.11,261.68,2943,0.28,0
2026-06-08 23:48:00,payment,56.14,52.0,454.81,3910,4.34,0
2026-06-08 23:51:00,notification,51.0,56.11,149.39,3219,4.22,0
2026-06-08 23:51:00,payment,50.65,65.16,404.59,3753,2.7,0
2026-06-08 23:51:00,order,47.51,58.97,315.9,3381,2.28,0
2026-06-08 23:54:00,payment,53.45,62.26,369.66,4338,3.75,0
2026-06-08 23:54:00,order,43.04,60.27,186.51,3366,0.09,1
2026-06-08 23:54:00,notification,28.77,41.92,246.49,3355,0.0,0
2026-06-08 23:57:00,payment,51.34,63.49,380.06,3085,4.26,0
2026-06-08 23:57:00,order,41.59,59.78,324.63,3993,3.0,0
2026-06-08 23:57:00,notification,45.76,48.3,291.41,3316,0.25,0
2026-06-09 00:00:00,payment,52.95,56.01,376.01,3758,3.5,0
2026-06-09 00:00:00,notification,51.38,49.28,432.58,3182,1.78,0
2026-06-09 00:00:00,order,40.05,46.46,240.9,3346,2.98,0
2026-06-09 00:03:00,notification,34.13,45.48,243.21,2331,2.35,0
2026-06-09 00:03:00,payment,49.05,51.34,290.55,3220,3.41,0
2026-06-09 00:03:00,order,51.94,52.48,292.98,3662,1.0,0
2026-06-09 00:06:00,payment,29.83,55.06,311.13,3759,2.15,0
2026-06-09 00:06:00,order,45.8,56.2,459.03,3733,1.76,0
2026-06-09 00:06:00,notification,47.63,47.65,227.01,2810,1.69,0
2026-06-09 00:09:00,order,35.7,55.65,189.87,3769,2.37,0
2026-06-09 00:09:00,payment,45.04,49.52,301.23,3909,4.14,0
2026-06-09 00:09:00,notification,40.57,49.79,103.59,2678,3.71,0
2026-06-09 00:12:00,payment,54.49,57.2,395.33,3502,2.86,1
2026-06-09 00:12:00,order,46.59,46.01,184.77,2412,1.89,0
2026-06-09 00:12:00,notification,44.61,50.01,184.15,2918,2.7,0
2026-06-09 00:15:00,payment,48.48,55.31,309.66,3899,5.56,0
2026-06-09 00:15:00,order,49.65,43.01,183.72,3072,4.44,0
2026-06-09 00:15:00,notification,48.08,44.05,376.41,3744,2.04,0
2026-06-09 00:18:00,order,31.87,29.89,216.93,3681,0.65,0
2026-06-09 00:18:00,notification,46.29,54.79,307.66,2872,3.33,0
2026-06-09 00:18:00,payment,44.49,43.24,349.01,2886,2.42,0
2026-06-09 00:21:00,notification,42.46,56.81,292.84,3755,1.65,0
2026-06-09 00:21:00,payment,48.93,51.31,168.53,3013,1.3,0
2026-06-09 00:21:00,order,51.47,43.52,196.35,3946,2.56,0
2026-06-09 00:24:00,order,55.44,49.92,269.8,3620,1.76,0
2026-06-09 00:24:00,notification,43.68,52.93,418.96,3174,2.65,1
2026-06-09 00:24:00,payment,52.4,54.8,391.24,4183,1.82,0
2026-06-09 00:27:00,notification,47.48,46.81,203.65,3692,1.3,0
2026-06-09 00:27:00,payment,62.44,57.05,323.27,3962,2.64,0
2026-06-09 00:27:00,order,34.16,49.65,182.65,3340,1.48,0
2026-06-09 00:30:00,order,43.88,54.63,294.4,3489,2.16,1
2026-06-09 00:30:00,payment,57.05,57.45,335.06,3839,1.72,0
2026-06-09 00:30:00,notification,48.04,54.59,263.54,3182,3.02,1
2026-06-09 00:33:00,notification,47.81,55.24,238.01,2180,0.96,0
2026-06-09 00:33:00,payment,50.58,62.84,325.96,4252,2.99,0
2026-06-09 00:33:00,order,44.06,57.68,329.31,4222,3.12,0
2026-06-09 00:36:00,payment,47.47,50.01,319.24,4192,1.0,0
2026-06-09 00:36:00,notification,42.47,51.64,219.61,2528,0.0,0
2026-06-09 00:36:00,order,58.21,68.68,367.26,3450,3.36,0
2026-06-09 00:39:00,payment,27.73,49.33,269.08,3289,3.38,0
2026-06-09 00:39:00,notification,40.92,43.65,104.86,2357,0.0,0
2026-06-09 00:39:00,order,45.66,49.97,297.65,4037,2.75,0
2026-06-09 00:42:00,payment,42.23,46.64,181.68,3151,1.85,0
2026-06-09 00:42:00,notification,38.47,44.79,322.95,3112,0.31,0
2026-06-09 00:42:00,order,44.66,43.42,384.1,3501,2.18,0
2026-06-09 00:45:00,payment,36.65,46.81,245.93,2725,1.9,0
2026-06-09 00:45:00,notification,48.92,52.1,225.4,3404,2.08,0
2026-06-09 00:45:00,order,44.08,43.59,238.11,2451,0.22,0
2026-06-09 00:48:00,notification,39.59,43.04,273.07,3312,1.6,0
2026-06-09 00:48:00,order,48.09,54.24,181.07,2044,1.99,0
2026-06-09 00:48:00,payment,41.49,44.09,270.2,3305,0.0,0
2026-06-09 00:51:00,order,37.69,45.35,189.13,1762,2.16,0
2026-06-09 00:51:00,payment,39.03,44.35,85.49,2649,0.02,0
2026-06-09 00:51:00,notification,46.54,42.48,181.54,2633,1.56,0
2026-06-09 00:54:00,order,38.74,53.31,205.94,3047,2.52,0
2026-06-09 00:54:00,payment,43.56,49.33,126.52,2642,0.0,0
2026-06-09 00:54:00,notification,51.7,52.73,217.31,3837,2.42,1
2026-06-09 00:57:00,order,39.32,44.98,230.08,3533,2.08,0
2026-06-09 00:57:00,payment,47.75,47.99,229.25,2620,3.01,0
2026-06-09 00:57:00,notification,54.8,62.23,294.04,3578,3.16,0
2026-06-09 01:00:00,order,45.02,45.33,161.13,2569,0.35,0
2026-06-09 01:00:00,notification,42.25,61.49,329.92,3410,2.5,0
2026-06-09 01:00:00,payment,41.28,42.86,206.69,2953,0.0,1
2026-06-09 01:03:00,notification,38.25,55.18,358.48,3416,2.17,0
2026-06-09 01:03:00,payment,52.69,52.56,182.74,2856,0.0,0
2026-06-09 01:03:00,order,34.65,40.58,350.17,2596,0.34,0
2026-06-09 01:06:00,notification,45.61,45.89,380.16,3855,2.5,0
2026-06-09 01:06:00,payment,43.35,53.3,269.93,3222,3.09,0
2026-06-09 01:06:00,order,41.34,46.49,213.28,3292,2.42,0
2026-06-09 01:09:00,payment,31.66,42.01,131.64,3246,1.55,0
2026-06-09 01:09:00,order,31.35,44.42,322.56,2373,0.0,0
2026-06-09 01:09:00,notification,45.84,44.95,318.97,3624,3.73,0
2026-06-09 01:12:00,order,29.2,48.23,280.86,2770,0.0,0
2026-06-09 01:12:00,notification,62.31,54.21,238.68,4072,2.59,0
2026-06-09 01:12:00,payment,41.42,57.1,216.87,3267,1.96,0
2026-06-09 01:15:00,order,25.9,47.67,128.53,2001,3.46,0
2026-06-09 01:15:00,notification,52.07,64.08,388.98,3569,1.7,0
2026-06-09 01:15:00,payment,38.31,49.02,152.53,3414,1.62,0
2026-06-09 01:18:00,order,36.99,56.92,199.98,2923,1.76,0
2026-06-09 01:18:00,payment,42.1,44.91,147.8,2920,2.13,0
2026-06-09 01:18:00,notification,45.69,53.71,463.93,3753,3.68,0
2026-06-09 01:21:00,notification,43.91,59.6,315.1,3962,3.58,0
2026-06-09 01:21:00,order,46.92,46.54,211.91,3428,1.39,0
2026-06-09 01:21:00,payment,35.09,49.37,274.17,2712,1.36,0
2026-06-09 01:24:00,payment,44.11,51.79,162.86,2622,0.15,0
2026-06-09 01:24:00,notification,56.31,54.32,243.65,3557,4.29,0
2026-06-09 01:24:00,order,30.58,50.23,271.39,2500,0.0,0
2026-06-09 01:27:00,payment,45.78,55.36,206.87,3414,3.04,0
2026-06-09 01:27:00,notification,54.23,49.52,277.12,3664,0.68,0
2026-06-09 01:27:00,order,48.68,51.43,265.4,3109,1.12,0
2026-06-09 01:30:00,payment,45.42,54.72,219.53,4150,2.92,0
2026-06-09 01:30:00,notification,34.82,47.21,222.75,3257,0.0,0
2026-06-09 01:30:00,order,44.54,50.59,379.53,3417,3.48,0
2026-06-09 01:33:00,notification,48.19,41.5,246.75,2770,0.0,1
2026-06-09 01:33:00,order,42.15,56.19,203.2,3872,0.72,0
2026-06-09 01:33:00,payment,52.72,51.88,381.07,3189,3.77,1
2026-06-09 01:36:00,notification,43.93,54.04,327.82,3234,1.22,0
2026-06-09 01:36:00,order,47.26,49.95,217.52,3718,2.37,0
2026-06-09 01:36:00,payment,48.76,40.95,212.91,3215,0.34,0
2026-06-09 01:39:00,notification,45.07,48.97,330.52,2432,1.84,0
2026-06-09 01:39:00,payment,50.81,52.78,214.04,3130,0.79,0
2026-06-09 01:39:00,order,49.95,57.01,198.85,2606,0.0,0
2026-06-09 01:42:00,notification,36.24,54.86,293.8,3178,1.2,0
2026-06-09 01:42:00,payment,39.0,45.89,99.58,3137,1.74,0
2026-06-09 01:42:00,order,48.67,42.71,141.13,3619,0.36,0
2026-06-09 01:45:00,payment,45.64,49.48,151.63,2328,0.0,0
2026-06-09 01:45:00,notification,44.61,51.7,221.34,3501,0.46,0
2026-06-09 01:45:00,order,39.54,43.4,57.53,2444,0.0,0
2026-06-09 01:48:00,notification,40.17,50.85,304.33,3260,3.8,0
2026-06-09 01:48:00,payment,32.42,49.84,243.78,2371,0.0,0
2026-06-09 01:48:00,order,38.9,40.13,230.13,2354,1.18,1
2026-06-09 01:51:00,order,47.58,53.04,188.22,3788,0.0,0
2026-06-09 01:51:00,payment,30.16,43.91,183.32,2719,1.21,0
2026-06-09 01:51:00,notification,51.87,39.97,260.55,2730,0.0,0
2026-06-09 01:54:00,order,60.76,45.28,224.48,3345,1.9,0
2026-06-09 01:54:00,payment,33.17,52.42,183.51,2405,2.27,0
2026-06-09 01:54:00,notification,39.4,52.77,177.47,3637,4.01,0
2026-06-09 01:57:00,order,43.94,51.7,307.05,3117,2.74,0
2026-06-09 01:57:00,notification,55.41,56.63,285.11,3080,3.16,0
2026-06-09 01:57:00,payment,37.95,46.17,68.13,1693,0.76,0
2026-06-09 02:00:00,notification,44.26,58.79,305.65,3963,3.84,0
2026-06-09 02:00:00,payment,47.1,47.64,163.71,3377,1.79,0
2026-06-09 02:00:00,order,55.05,48.05,377.21,3324,2.68,0
2026-06-09 02:03:00,order,42.2,46.87,228.69,4114,2.54,0
2026-06-09 02:03:00,notification,39.13,51.72,263.04,3193,1.76,0
2026-06-09 02:03:00,payment,35.92,45.84,188.21,2974,1.57,0
2026-06-09 02:06:00,payment,41.3,58.86,179.17,3855,1.73,0
2026-06-09 02:06:00,notification,46.19,56.85,302.92,3641,2.41,0
2026-06-09 02:06:00,order,43.52,50.29,246.03,3171,2.76,0
2026-06-09 02:09:00,payment,43.98,47.82,294.59,3571,2.06,0
2026-06-09 02:09:00,notification,42.23,57.27,338.68,2804,2.53,0
2026-06-09 02:09:00,order,61.26,59.58,298.9,4250,2.84,0
2026-06-09 02:12:00,notification,52.18,48.66,302.62,3383,2.17,0
2026-06-09 02:12:00,payment,52.04,52.59,363.13,3852,4.13,0
2026-06-09 02:12:00,order,50.12,55.0,404.29,3417,2.74,0
2026-06-09 02:15:00,notification,40.26,50.24,357.81,3570,2.61,0
2026-06-09 02:15:00,payment,43.38,46.02,238.74,3474,0.91,0
2026-06-09 02:15:00,order,56.28,58.95,507.43,4012,4.36,0
2026-06-09 02:18:00,notification,41.02,44.44,281.94,3219,2.01,0
2026-06-09 02:18:00,payment,43.16,55.94,315.82,3264,3.01,0
2026-06-09 02:18:00,order,59.78,63.69,493.47,4397,3.14,0
2026-06-09 02:21:00,payment,35.69,47.2,226.43,3264,0.24,0
2026-06-09 02:21:00,order,49.69,56.35,454.53,4460,3.57,0
2026-06-09 02:21:00,notification,51.01,49.41,247.12,3576,1.62,0
2026-06-09 02:24:00,payment,39.6,47.14,291.67,2759,0.59,0
2026-06-09 02:24:00,order,50.69,48.37,322.84,3430,6.03,1
2026-06-09 02:24:00,notification,38.27,49.92,212.95,3085,4.27,0
2026-06-09 02:27:00,order,47.26,50.83,384.72,3632,3.63,0
2026-06-09 02:27:00,payment,49.87,46.71,341.82,2528,2.95,0
2026-06-09 02:27:00,notification,57.06,51.2,388.2,4582,1.29,0
2026-06-09 02:30:00,order,52.01,53.97,382.99,4144,4.31,0
2026-06-09 02:30:00,payment,41.96,48.43,136.02,2672,0.0,0
2026-06-09 02:30:00,notification,53.97,57.99,433.1,4040,4.14,0
2026-06-09 02:33:00,order,51.37,54.43,330.06,4050,3.04,0
2026-06-09 02:33:00,payment,34.51,39.78,219.2,3057,0.74,0
2026-06-09 02:33:00,notification,50.36,58.74,167.42,4892,3.16,1
2026-06-09 02:36:00,notification,41.78,59.4,445.04,4478,3.42,0
2026-06-09 02:36:00,payment,43.77,32.62,225.54,1768,3.61,0
2026-06-09 02:36:00,order,44.28,56.38,309.54,3386,1.49,0
2026-06-09 02:39:00,notification,48.72,61.25,381.04,3708,0.35,1
2026-06-09 02:39:00,payment,28.23,42.22,54.18,1277,1.68,0
2026-06-09 02:39:00,order,59.23,52.17,221.75,2944,1.85,0
2026-06-09 02:42:00,notification,51.06,56.73,396.28,3876,3.32,0
2026-06-09 02:42:00,payment,39.68,28.87,74.48,1937,0.0,0
2026-06-09 02:42:00,order,43.66,55.25,304.01,3152,0.0,0
2026-06-09 02:45:00,notification,42.64,53.21,291.38,4428,2.69,0
2026-06-09 02:45:00,payment,43.46,47.0,100.76,1953,0.0,0
2026-06-09 02:45:00,order,43.32,51.02,136.84,3278,3.15,0
2026-06-09 02:48:00,notification,53.53,48.24,389.84,3048,3.01,1
2026-06-09 02:48:00,order,47.14,39.1,173.38,2627,2.11,0
2026-06-09 02:48:00,payment,32.9,48.42,109.67,2046,0.29,0
2026-06-09 02:51:00,notification,50.23,59.33,376.77,4348,1.32,0
2026-06-09 02:51:00,order,35.98,35.23,226.84,3348,0.29,0
2026-06-09 02:51:00,payment,22.06,38.53,87.04,2086,1.99,0
2026-06-09 02:54:00,notification,39.92,56.57,252.57,3214,2.34,0
2026-06-09 02:54:00,order,39.07,43.74,280.11,2782,2.34,0
2026-06-09 02:54:00,payment,51.73,51.72,151.09,2622,0.0,1
2026-06-09 02:57:00,notification,37.93,53.63,30.0,1717,2.19,0
2026-06-09 02:57:00,order,44.2,49.72,278.78,2394,2.28,0
2026-06-09 02:57:00,payment,39.91,44.76,209.17,2140,0.0,1
2026-06-09 03:00:00,notification,41.34,49.91,175.62,2380,2.16,1
2026-06-09 03:00:00,order,36.52,53.32,325.06,2994,2.01,0
2026-06-09 03:00:00,payment,37.79,54.69,67.9,3138,1.97,0
2026-06-09 03:03:00,payment,48.13,46.67,155.89,3208,0.0,0
2026-06-09 03:03:00,order,41.85,49.17,208.05,3007,2.15,0
2026-06-09 03:03:00,notification,53.44,46.31,144.28,2777,1.45,0
2026-06-09 03:06:00,payment,48.93,39.09,287.09,3172,0.71,0
2026-06-09 03:06:00,order,54.2,49.13,347.23,2576,2.07,0
2026-06-09 03:06:00,notification,44.93,44.12,200.3,2781,2.99,0
2026-06-09 03:09:00,order,49.7,52.45,235.86,2308,1.46,0
2026-06-09 03:09:00,notification,36.29,41.68,152.47,2551,2.44,0
2026-06-09 03:09:00,payment,48.89,47.39,229.99,2755,1.17,0
2026-06-09 03:12:00,payment,37.26,56.51,135.99,2936,1.26,0
2026-06-09 03:12:00,order,47.93,49.15,195.16,3312,1.66,0
2026-06-09 03:12:00,notification,39.91,40.9,291.32,2543,0.93,0
2026-06-09 03:15:00,payment,39.73,47.76,194.84,2294,0.0,0
2026-06-09 03:15:00,order,51.81,52.66,229.56,2837,1.91,0
2026-06-09 03:15:00,notification,43.97,57.98,375.39,3392,2.44,0
2026-06-09 03:18:00,notification,50.22,55.06,284.07,4056,3.46,0
2026-06-09 03:18:00,order,51.41,62.06,353.0,3030,1.8,0
2026-06-09 03:18:00,payment,38.38,48.99,338.2,2592,2.36,0
2026-06-09 03:21:00,payment,45.51,49.85,199.99,3116,2.0,0
2026-06-09 03:21:00,order,49.7,48.26,352.31,4301,4.42,1
2026-06-09 03:21:00,notification,45.57,61.82,164.09,3664,3.63,0
2026-06-09 03:24:00,order,60.2,64.22,265.25,4025,5.26,0
2026-06-09 03:24:00,notification,49.17,52.19,260.16,3883,1.45,0
2026-06-09 03:24:00,payment,39.42,51.41,119.22,2882,0.3,0
2026-06-09 03:27:00,notification,41.13,49.18,186.99,2834,0.42,0
2026-06-09 03:27:00,payment,39.61,44.74,214.77,1509,2.91,0
2026-06-09 03:27:00,order,42.25,40.85,303.5,3094,1.04,0
2026-06-09 03:30:00,order,48.91,45.41,87.36,3270,1.6,0
2026-06-09 03:30:00,payment,34.48,56.12,241.93,2357,1.1,0
2026-06-09 03:30:00,notification,29.76,48.49,275.91,3109,0.0,0
2026-06-09 03:33:00,payment,39.08,44.83,138.43,3419,0.01,0
2026-06-09 03:33:00,order,37.74,44.8,215.58,2287,0.46,0
2026-06-09 03:33:00,notification,45.38,52.24,221.53,2318,0.0,0
2026-06-09 03:36:00,notification,35.16,43.91,276.82,2946,1.23,0
2026-06-09 03:36:00,payment,42.61,58.56,298.85,3045,4.3,0
2026-06-09 03:36:00,order,38.16,39.48,233.12,2456,1.91,0
2026-06-09 03:39:00,payment,51.19,56.19,339.04,3318,1.47,1
2026-06-09 03:39:00,order,39.64,43.06,131.75,1824,1.29,0
2026-06-09 03:39:00,notification,42.1,46.28,93.95,3235,0.32,0
2026-06-09 03:42:00,payment,52.03,46.04,230.55,2913,1.77,0
2026-06-09 03:42:00,order,47.39,42.59,206.13,1951,0.84,0
2026-06-09 03:42:00,notification,32.93,51.59,196.21,3053,1.97,1
2026-06-09 03:45:00,payment,34.52,42.99,56.81,3087,0.33,0
2026-06-09 03:45:00,notification,43.55,58.48,177.69,2463,1.03,0
2026-06-09 03:45:00,order,45.31,47.87,201.94,2528,0.1,0
2026-06-09 03:48:00,payment,41.93,50.83,195.94,2952,1.74,0
2026-06-09 03:48:00,notification,50.0,47.58,261.94,2962,0.72,0
2026-06-09 03:48:00,order,42.65,50.98,130.77,2827,0.65,0
2026-06-09 03:51:00,order,40.1,47.56,184.23,2298,0.2,0
2026-06-09 03:51:00,payment,41.65,46.85,115.47,2201,0.46,0
2026-06-09 03:51:00,notification,61.07,56.16,361.24,3444,3.92,0
2026-06-09 03:54:00,order,45.87,53.51,167.58,2856,0.0,0
2026-06-09 03:54:00,notification,44.39,54.33,212.72,3105,2.39,0
2026-06-09 03:54:00,payment,38.63,47.42,92.87,2638,0.48,0
2026-06-09 03:57:00,order,55.12,56.01,262.14,3553,3.66,0
2026-06-09 03:57:00,notification,53.94,50.46,230.72,3147,3.02,1
2026-06-09 03:57:00,payment,31.3,39.13,86.42,3624,1.01,0
2026-06-09 04:00:00,notification,48.32,54.26,206.89,2904,0.91,0
2026-06-09 04:00:00,order,31.73,47.24,281.73,3282,2.24,0
2026-06-09 04:00:00,payment,34.71,52.33,287.3,2674,0.87,0
2026-06-09 04:03:00,notification,40.98,61.45,243.11,2959,3.74,0
2026-06-09 04:03:00,order,45.12,52.49,302.09,3430,3.55,0
2026-06-09 04:03:00,payment,39.4,51.81,187.49,3089,2.99,0
2026-06-09 04:06:00,payment,30.93,49.79,253.02,3264,0.15,0
2026-06-09 04:06:00,order,40.79,49.75,241.27,3713,1.8,0
2026-06-09 04:06:00,notification,44.49,52.96,157.54,2827,2.29,0
2026-06-09 04:09:00,notification,47.9,52.93,393.26,4357,1.87,0
2026-06-09 04:09:00,payment,49.91,49.96,237.01,2567,1.28,0
2026-06-09 04:09:00,order,49.14,49.64,357.55,3805,3.49,0
2026-06-09 04:12:00,order,44.99,59.67,340.11,3677,2.37,1
2026-06-09 04:12:00,payment,46.32,48.35,247.66,3801,1.82,0
2026-06-09 04:12:00,notification,47.8,50.53,415.22,3946,1.47,0
2026-06-09 04:15:00,payment,44.49,47.92,263.96,2967,1.65,0
2026-06-09 04:15:00,notification,38.24,52.88,350.22,2888,2.66,0
2026-06-09 04:15:00,order,39.24,47.96,307.88,3803,2.14,0
2026-06-09 04:18:00,notification,44.05,60.53,249.38,3605,3.44,1
2026-06-09 04:18:00,order,41.81,54.22,422.79,4187,5.21,0
2026-06-09 04:18:00,payment,34.3,52.01,312.8,2899,3.45,0
2026-06-09 04:21:00,payment,38.6,52.68,335.33,3471,0.9,0
2026-06-09 04:21:00,notification,32.18,52.57,278.49,3279,3.24,0
2026-06-09 04:21:00,order,42.32,40.21,413.67,3768,1.51,0
2026-06-09 04:24:00,order,48.13,51.18,352.05,2118,2.93,0
2026-06-09 04:24:00,notification,44.82,52.01,242.17,2406,0.0,1
2026-06-09 04:24:00,payment,45.58,62.56,214.56,3517,2.63,0
2026-06-09 04:27:00,payment,54.04,53.36,161.01,2573,0.0,0
2026-06-09 04:27:00,order,40.3,47.68,270.57,3464,2.18,0
2026-06-09 04:27:00,notification,56.32,63.2,305.44,3327,0.23,1
2026-06-09 04:30:00,payment,36.93,43.03,191.78,2895,0.67,0
2026-06-09 04:30:00,notification,50.99,58.56,338.16,4235,0.63,0
2026-06-09 04:30:00,order,41.21,55.18,283.93,3145,0.42,0
2026-06-09 04:33:00,payment,44.61,56.62,170.6,2816,0.0,0
2026-06-09 04:33:00,order,51.08,53.18,373.07,3751,2.37,1
2026-06-09 04:33:00,notification,52.4,57.77,350.84,3896,2.27,0
2026-06-09 04:36:00,notification,46.19,48.84,345.4,3678,3.59,1
2026-06-09 04:36:00,payment,39.82,47.04,244.09,2460,1.1,0
2026-06-09 04:36:00,order,54.46,57.07,395.82,3479,3.9,1
2026-06-09 04:39:00,payment,44.78,50.83,308.93,2907,1.07,0
2026-06-09 04:39:00,order,61.15,56.44,267.84,3659,3.86,0
2026-06-09 04:39:00,notification,66.77,64.23,626.24,4564,4.25,1
2026-06-09 04:42:00,payment,55.17,58.08,318.2,3642,4.34,0
2026-06-09 04:42:00,notification,62.9,64.08,518.76,4243,2.56,0
2026-06-09 04:42:00,order,59.13,55.31,515.34,3468,1.49,0
2026-06-09 04:45:00,payment,46.92,44.69,268.44,3903,2.88,0
2026-06-09 04:45:00,notification,45.29,62.24,306.94,3640,1.75,0
2026-06-09 04:45:00,order,47.3,55.47,333.43,3929,2.46,0
2026-06-09 04:48:00,payment,45.33,53.75,194.73,3457,3.22,0
2026-06-09 04:48:00,order,45.29,51.97,395.24,3899,3.03,0
2026-06-09 04:48:00,notification,70.53,56.13,608.0,4902,5.4,1
2026-06-09 04:51:00,payment,60.96,54.59,337.61,4055,2.04,0
2026-06-09 04:51:00,notification,67.23,62.28,617.41,4619,6.39,1
2026-06-09 04:51:00,order,53.29,53.75,359.36,3780,1.43,0
2026-06-09 04:54:00,notification,50.28,64.07,531.06,3781,5.17,0
2026-06-09 04:54:00,order,43.77,51.83,430.4,4491,4.08,0
2026-06-09 04:54:00,payment,53.38,59.04,316.72,3951,4.42,0
2026-06-09 04:57:00,order,44.92,54.99,332.23,3187,2.1,0
2026-06-09 04:57:00,payment,59.18,59.46,343.65,4305,5.38,0
2026-06-09 04:57:00,notification,58.64,51.58,497.98,4343,5.68,0
2026-06-09 05:00:00,payment,51.81,60.0,474.18,4575,5.33,0
2026-06-09 05:00:00,notification,43.67,51.83,391.58,3320,2.34,0
2026-06-09 05:00:00,order,34.2,41.85,207.8,2782,2.35,0
2026-06-09 05:03:00,order,34.5,41.41,278.71,3460,3.0,0
2026-06-09 05:03:00,notification,35.56,58.78,309.76,2771,4.16,0
2026-06-09 05:03:00,payment,63.61,59.14,447.57,4138,2.5,0
2026-06-09 05:06:00,payment,55.1,63.64,516.33,4294,3.07,0
2026-06-09 05:06:00,order,49.49,58.0,186.47,2175,0.0,0
2026-06-09 05:06:00,notification,40.5,48.96,333.21,2364,4.97,0
2026-06-09 05:09:00,payment,53.24,57.43,376.47,3633,3.07,1
2026-06-09 05:09:00,order,41.77,45.4,135.07,2813,1.79,0
2026-06-09 05:09:00,notification,50.38,57.32,358.26,3035,1.79,0
2026-06-09 05:12:00,payment,53.04,57.49,494.09,4155,2.63,1
2026-06-09 05:12:00,notification,49.84,52.35,224.38,4343,2.93,0
2026-06-09 05:12:00,order,41.46,46.28,144.71,3418,2.05,0
2026-06-09 05:15:00,payment,51.99,60.38,482.15,4460,7.08,0
2026-06-09 05:15:00,notification,60.82,51.19,333.63,4084,0.0,0
2026-06-09 05:15:00,order,36.54,46.35,171.32,1673,1.28,0
2026-06-09 05:18:00,order,51.55,51.82,98.38,2352,1.03,0
2026-06-09 05:18:00,notification,47.43,57.39,287.46,3965,3.0,0
2026-06-09 05:18:00,payment,54.04,67.99,482.8,5115,3.2,0
2026-06-09 05:21:00,order,39.93,53.4,320.67,2524,1.86,0
2026-06-09 05:21:00,payment,54.12,61.98,458.31,4325,4.48,0
2026-06-09 05:21:00,notification,33.74,47.58,306.34,2869,0.55,0
2026-06-09 05:24:00,order,45.07,45.07,117.81,3226,0.0,0
2026-06-09 05:24:00,notification,35.25,41.62,256.33,2468,2.06,0
2026-06-09 05:24:00,payment,56.33,53.3,281.97,3736,2.21,0
2026-06-09 05:27:00,order,47.97,46.68,196.16,2692,3.0,0
2026-06-09 05:27:00,payment,49.09,46.1,314.28,3504,3.15,0
2026-06-09 05:27:00,notification,39.86,47.95,179.12,2434,0.98,0
2026-06-09 05:30:00,order,51.59,47.72,201.03,2863,0.0,0
2026-06-09 05:30:00,payment,41.15,48.32,337.15,3331,4.49,0
2026-06-09 05:30:00,notification,40.29,50.54,295.31,2410,1.99,1
2026-06-09 05:33:00,notification,36.12,47.3,140.92,2726,0.0,0
2026-06-09 05:33:00,order,38.66,51.67,243.34,2413,3.78,1
2026-06-09 05:33:00,payment,38.13,51.53,265.37,3354,2.57,0
2026-06-09 05:36:00,notification,38.56,45.9,169.23,3017,0.4,0
2026-06-09 05:36:00,order,38.03,52.59,221.26,3022,0.96,0
2026-06-09 05:36:00,payment,44.31,58.8,371.29,4500,3.68,0
2026-06-09 05:39:00,notification,48.01,42.65,227.26,2482,1.98,0
2026-06-09 05:39:00,payment,57.53,55.84,437.59,4437,2.43,0
2026-06-09 05:39:00,order,41.85,49.51,375.83,3250,1.29,0
2026-06-09 05:42:00,order,51.56,50.45,295.33,3339,2.72,0
2026-06-09 05:42:00,payment,45.31,59.02,318.64,4088,4.76,0
2026-06-09 05:42:00,notification,43.39,50.43,235.13,2578,1.75,0
2026-06-09 05:45:00,notification,34.41,51.73,237.36,2963,0.0,0
2026-06-09 05:45:00,order,55.69,48.76,231.58,2934,1.98,0
2026-06-09 05:45:00,payment,53.81,54.24,282.57,3828,3.09,0
2026-06-09 05:48:00,notification,51.83,63.0,258.22,3641,2.63,1
2026-06-09 05:48:00,payment,47.38,47.9,208.17,3163,1.9,0
2026-06-09 05:48:00,order,49.77,58.71,214.66,3798,2.42,0
2026-06-09 05:51:00,notification,40.03,60.85,309.13,3515,2.32,0
2026-06-09 05:51:00,order,40.31,49.65,273.27,3390,2.17,0
2026-06-09 05:51:00,payment,44.8,54.37,239.81,2845,0.0,0
2026-06-09 05:54:00,payment,51.19,61.01,249.87,3353,2.35,1
2026-06-09 05:54:00,notification,44.98,57.38,365.78,3090,1.46,0
2026-06-09 05:54:00,order,50.98,66.73,318.17,2358,1.5,1
2026-06-09 05:57:00,order,42.66,50.21,419.99,3650,1.49,0
2026-06-09 05:57:00,payment,48.21,47.53,273.22,2917,1.77,0
2026-06-09 05:57:00,notification,58.17,52.86,333.31,3597,1.56,0
2026-06-09 06:00:00,payment,29.39,52.92,296.96,3804,0.0,0
2026-06-09 06:00:00,notification,37.02,53.31,317.11,3370,3.66,0
2026-06-09 06:00:00,order,40.16,42.87,196.92,3560,2.58,0
2026-06-09 06:03:00,payment,47.91,45.73,367.18,4449,3.96,0
2026-06-09 06:03:00,notification,63.75,56.31,369.42,3782,5.24,0
2026-06-09 06:03:00,order,44.84,54.45,271.57,3416,1.34,0
2026-06-09 06:06:00,notification,56.35,59.85,390.25,4129,4.41,0
2026-06-09 06:06:00,order,50.51,64.0,302.06,4555,3.9,1
2026-06-09 06:06:00,payment,56.07,50.99,366.53,3335,3.0,1
2026-06-09 06:09:00,notification,53.58,62.02,310.29,3124,2.52,0
2026-06-09 06:09:00,payment,64.36,56.27,349.68,4333,6.17,1
2026-06-09 06:09:00,order,51.15,62.3,487.7,4789,2.1,0
2026-06-09 06:12:00,order,65.59,63.35,434.23,4425,5.29,0
2026-06-09 06:12:00,payment,62.98,63.48,357.57,4147,5.17,1
2026-06-09 06:12:00,notification,43.9,50.16,439.5,3386,3.44,0
2026-06-09 06:15:00,order,55.47,60.73,540.38,4164,5.2,0
2026-06-09 06:15:00,notification,51.65,54.29,301.39,3962,3.24,0
2026-06-09 06:15:00,payment,43.84,53.2,414.25,4031,2.4,0
2026-06-09 06:18:00,order,48.19,60.48,576.69,4787,4.77,0
2026-06-09 06:18:00,payment,47.76,51.19,386.24,3478,4.42,0
2026-06-09 06:18:00,notification,42.65,58.36,276.36,2851,3.15,0
2026-06-09 06:21:00,payment,38.15,53.49,312.92,3875,4.24,0
2026-06-09 06:21:00,order,61.69,50.66,489.34,4284,7.0,1
2026-06-09 06:21:00,notification,40.7,49.51,349.69,3365,2.13,0
2026-06-09 06:24:00,payment,54.58,51.73,330.25,3406,1.26,1
2026-06-09 06:24:00,order,52.73,66.83,465.24,4746,6.84,0
2026-06-09 06:24:00,notification,44.87,47.91,266.91,3023,2.79,0
2026-06-09 06:27:00,order,54.18,61.71,632.69,4361,6.55,1
2026-06-09 06:27:00,payment,50.9,47.08,352.19,3586,0.58,0
2026-06-09 06:27:00,notification,62.69,59.96,413.79,3744,2.69,1
2026-06-09 06:30:00,notification,50.85,55.07,213.0,2730,2.78,0
2026-06-09 06:30:00,order,62.92,68.49,570.4,5058,6.2,1
2026-06-09 06:30:00,payment,45.32,59.57,196.33,2704,0.0,0
2026-06-09 06:33:00,notification,43.06,52.18,170.09,2850,2.92,0
2026-06-09 06:33:00,order,49.97,56.38,355.85,3892,3.97,1
2026-06-09 06:33:00,payment,41.48,46.01,279.58,2152,1.66,0
2026-06-09 06:36:00,order,47.48,55.29,347.62,3667,3.22,0
2026-06-09 06:36:00,notification,50.47,57.39,174.77,4239,1.24,0
2026-06-09 06:36:00,payment,51.11,49.88,204.35,3131,0.35,0
2026-06-09 06:39:00,order,51.98,63.09,317.7,3806,3.71,0
2026-06-09 06:39:00,payment,52.13,49.03,310.24,2792,2.32,0
2026-06-09 06:39:00,notification,43.8,51.35,326.49,3545,2.0,1
2026-06-09 06:42:00,payment,57.38,57.95,386.17,4199,2.22,0
2026-06-09 06:42:00,order,47.19,61.14,379.19,3047,3.3,1
2026-06-09 06:42:00,notification,49.66,52.14,147.52,3666,1.72,1
2026-06-09 06:45:00,notification,40.34,54.37,399.19,3545,3.37,0
2026-06-09 06:45:00,payment,51.76,60.73,198.9,2774,1.66,0
2026-06-09 06:45:00,order,48.68,60.65,366.93,4297,3.17,0
2026-06-09 06:48:00,notification,55.39,54.41,454.26,3305,2.95,0
2026-06-09 06:48:00,order,40.9,50.22,529.31,4778,4.67,0
2026-06-09 06:48:00,payment,48.25,64.0,284.1,3580,2.21,1
2026-06-09 06:51:00,order,53.03,52.44,362.06,4111,3.86,0
2026-06-09 06:51:00,payment,56.14,52.87,291.93,3650,1.59,1
2026-06-09 06:51:00,notification,45.02,57.72,448.34,3942,3.07,0
2026-06-09 06:54:00,payment,55.99,61.81,249.53,3715,2.37,1
2026-06-09 06:54:00,order,66.73,64.86,500.21,4186,5.12,0
2026-06-09 06:54:00,notification,51.29,53.99,357.94,3849,3.13,0
2026-06-09 06:57:00,order,60.91,57.93,487.8,4405,5.74,0
2026-06-09 06:57:00,payment,52.19,60.95,454.86,4193,2.71,0
2026-06-09 06:57:00,notification,58.83,55.17,277.4,3760,3.6,0
2026-06-09 07:00:00,order,54.36,61.35,491.36,4240,3.7,1
2026-06-09 07:00:00,notification,62.73,55.18,405.6,4507,4.07,0
2026-06-09 07:00:00,payment,53.22,64.77,570.28,4463,4.1,0
2026-06-09 07:03:00,order,59.14,61.77,434.99,4401,4.56,1
2026-06-09 07:03:00,notification,36.92,46.84,352.34,3740,2.17,0
2026-06-09 07:03:00,payment,62.69,59.91,443.45,4620,4.4,0
2026-06-09 07:06:00,notification,44.81,60.46,397.53,3436,2.7,0
2026-06-09 07:06:00,payment,64.84,58.56,486.72,4556,2.71,0
2026-06-09 07:06:00,order,57.49,59.82,275.55,4007,3.78,1
2026-06-09 07:09:00,notification,51.36,58.21,401.81,3647,2.48,0
2026-06-09 07:09:00,payment,49.24,63.23,499.94,4064,5.02,0
2026-06-09 07:09:00,order,46.16,51.14,399.6,3498,1.86,0
2026-06-09 07:12:00,order,54.86,58.23,291.14,3894,3.93,0
2026-06-09 07:12:00,notification,52.74,61.85,249.29,3771,1.9,0
2026-06-09 07:12:00,payment,48.6,60.31,351.41,4593,2.65,0
2026-06-09 07:15:00,notification,40.91,44.59,238.45,2588,1.35,0
2026-06-09 07:15:00,payment,50.74,62.06,309.12,4138,4.32,0
2026-06-09 07:15:00,order,47.37,49.71,222.85,3256,1.1,0
2026-06-09 07:18:00,order,51.22,60.95,366.91,4836,5.25,0
2026-06-09 07:18:00,notification,45.43,46.97,276.25,3739,2.49,0
2026-06-09 07:18:00,payment,50.74,54.53,281.67,3371,2.65,0
2026-06-09 07:21:00,notification,48.64,59.1,451.48,4190,3.68,1
2026-06-09 07:21:00,order,58.9,53.81,253.5,3703,1.06,1
2026-06-09 07:21:00,payment,42.7,51.33,296.21,3227,2.08,0
2026-06-09 07:24:00,order,34.62,62.48,171.64,3249,0.41,0
2026-06-09 07:24:00,notification,47.04,47.55,344.61,3164,1.67,0
2026-06-09 07:24:00,payment,59.54,41.6,356.17,3408,1.85,0
2026-06-09 07:27:00,order,38.98,59.27,329.35,3190,1.62,0
2026-06-09 07:27:00,payment,54.8,49.25,407.64,4120,4.06,0
2026-06-09 07:27:00,notification,44.94,51.3,267.04,3451,0.0,0
2026-06-09 07:30:00,order,49.18,62.09,290.35,3080,2.38,0
2026-06-09 07:30:00,notification,50.69,54.83,289.98,4195,3.33,0
2026-06-09 07:30:00,payment,53.43,53.62,365.64,3367,2.9,1
2026-06-09 07:33:00,payment,62.18,51.26,363.97,3590,4.2,1
2026-06-09 07:33:00,notification,60.07,63.42,420.77,3370,1.0,0
2026-06-09 07:33:00,order,51.46,61.47,208.55,3410,2.75,0
2026-06-09 07:36:00,payment,46.71,58.95,228.94,2799,4.6,0
2026-06-09 07:36:00,notification,52.05,58.02,505.77,3931,5.21,0
2026-06-09 07:36:00,order,56.81,52.11,432.89,3489,3.74,1
2026-06-09 07:39:00,payment,48.9,48.35,378.83,3510,1.81,0
2026-06-09 07:39:00,notification,63.86,60.5,380.17,4307,4.31,1
2026-06-09 07:39:00,order,34.06,50.68,225.06,3023,1.39,0
2026-06-09 07:42:00,payment,40.95,51.58,230.62,3991,3.22,0
2026-06-09 07:42:00,notification,59.71,65.02,452.94,4966,5.82,0
2026-06-09 07:42:00,order,51.65,46.74,317.32,2945,3.22,0
2026-06-09 07:45:00,order,39.08,53.8,275.59,3671,0.13,0
2026-06-09 07:45:00,payment,50.0,53.95,392.38,3780,3.74,0
2026-06-09 07:45:00,notification,54.88,58.86,543.96,5304,6.52,1
2026-06-09 07:48:00,notification,53.21,56.97,424.72,4150,3.68,0
2026-06-09 07:48:00,payment,40.96,61.32,378.93,3681,3.33,0
2026-06-09 07:48:00,order,50.22,53.56,218.64,3688,1.17,0
2026-06-09 07:51:00,payment,57.84,55.18,334.04,4202,3.07,0
2026-06-09 07:51:00,notification,39.58,49.87,420.45,3116,3.25,0
2026-06-09 07:51:00,order,48.11,53.9,329.25,2939,2.18,0
2026-06-09 07:54:00,payment,55.55,60.21,359.29,3656,3.02,0
2026-06-09 07:54:00,notification,43.51,58.73,270.13,3032,3.3,0
2026-06-09 07:54:00,order,59.8,55.22,420.88,4446,2.63,0
2026-06-09 07:57:00,order,53.35,61.22,395.18,4580,4.62,1
2026-06-09 07:57:00,payment,50.07,57.83,496.35,3927,2.5,1
2026-06-09 07:57:00,notification,50.9,63.37,390.22,3995,6.16,0
2026-06-09 08:00:00,order,60.43,57.17,503.71,4302,3.08,1
2026-06-09 08:00:00,payment,48.47,59.12,313.72,3987,1.88,0
2026-06-09 08:00:00,notification,56.35,55.9,360.93,4215,6.66,0
2026-06-09 08:03:00,order,43.13,51.37,338.72,2864,3.62,0
2026-06-09 08:03:00,notification,68.99,61.86,479.66,5191,5.21,1
2026-06-09 08:03:00,payment,55.32,60.27,276.63,3934,1.96,0
2026-06-09 08:06:00,payment,47.05,58.49,461.7,4538,3.6,0
2026-06-09 08:06:00,order,49.42,56.13,377.0,3186,3.83,0
2026-06-09 08:06:00,notification,54.0,61.4,475.56,3694,6.15,1
2026-06-09 08:09:00,payment,56.14,51.07,390.47,4766,3.1,0
2026-06-09 08:09:00,notification,53.67,56.87,468.47,4721,3.01,0
2026-06-09 08:09:00,order,46.87,51.37,249.03,3249,1.16,0
2026-06-09 08:12:00,payment,65.14,63.48,471.15,5174,6.39,0
2026-06-09 08:12:00,order,58.79,47.18,333.38,4346,2.11,1
2026-06-09 08:12:00,notification,66.18,67.48,786.34,5516,5.63,1
2026-06-09 08:15:00,payment,53.28,67.11,703.83,4950,7.05,1
2026-06-09 08:15:00,order,55.24,51.65,338.52,3541,2.75,0
2026-06-09 08:15:00,notification,61.88,59.15,430.67,5041,6.57,1
2026-06-09 08:18:00,payment,66.17,67.02,562.24,4891,6.46,0
2026-06-09 08:18:00,order,54.49,60.81,430.56,4324,5.2,0
2026-06-09 08:18:00,notification,69.53,57.56,599.18,4581,4.75,1
2026-06-09 08:21:00,notification,66.04,64.31,580.48,4889,8.2,1
2026-06-09 08:21:00,order,55.96,56.94,318.59,3701,2.16,0
2026-06-09 08:21:00,payment,50.37,60.51,591.52,5625,5.36,0
2026-06-09 08:24:00,payment,60.39,70.47,541.72,5050,6.0,1
2026-06-09 08:24:00,order,59.4,48.11,250.27,4721,0.63,0
2026-06-09 08:24:00,notification,64.27,67.62,661.99,4872,7.63,1
2026-06-09 08:27:00,payment,51.3,62.46,559.3,4695,4.7,0
2026-06-09 08:27:00,order,57.49,63.32,525.56,4312,3.59,0
2026-06-09 08:27:00,notification,60.23,66.72,451.18,5088,4.5,1
2026-06-09 08:30:00,payment,69.71,60.2,602.45,4585,6.87,1
2026-06-09 08:30:00,order,46.94,57.76,396.21,3578,2.43,1
2026-06-09 08:30:00,notification,62.19,63.06,358.99,4690,6.99,1
2026-06-09 08:33:00,order,59.06,54.55,479.5,3974,2.27,1
2026-06-09 08:33:00,payment,54.53,62.8,445.53,4929,5.52,0
2026-06-09 08:33:00,notification,59.5,55.43,356.61,4264,4.73,0
2026-06-09 08:36:00,notification,57.92,66.52,489.32,4177,3.61,0
2026-06-09 08:36:00,payment,51.61,74.76,624.84,5256,6.52,1
2026-06-09 08:36:00,order,56.88,58.01,445.52,4131,4.57,1
2026-06-09 08:39:00,payment,63.48,69.43,617.45,5102,4.92,1
2026-06-09 08:39:00,notification,54.05,54.43,185.6,3565,3.03,0
2026-06-09 08:39:00,order,54.64,61.93,465.99,4504,3.12,1
2026-06-09 08:42:00,notification,55.35,55.63,518.8,4024,3.33,1
2026-06-09 08:42:00,order,56.26,53.63,678.52,4634,6.28,1
2026-06-09 08:42:00,payment,63.9,74.49,831.41,5287,8.8,1
2026-06-09 08:45:00,order,65.29,67.49,632.35,4805,4.73,1
2026-06-09 08:45:00,payment,56.49,63.31,743.08,5287,6.92,1
2026-06-09 08:45:00,notification,48.07,62.69,410.61,4313,3.69,1
2026-06-09 08:48:00,notification,56.5,62.2,493.5,4122,3.43,1
2026-06-09 08:48:00,order,59.93,66.12,614.17,5247,8.1,0
2026-06-09 08:48:00,payment,67.22,63.84,720.63,5722,5.92,1
2026-06-09 08:51:00,notification,49.76,67.39,450.16,4088,3.31,0
2026-06-09 08:51:00,order,53.85,67.95,603.71,4528,6.68,0
2026-06-09 08:51:00,payment,55.11,66.41,725.39,5835,6.86,1
2026-06-09 08:54:00,notification,46.0,64.44,320.82,4156,3.28,0
2026-06-09 08:54:00,order,51.0,67.62,460.79,4624,3.91,0
2026-06-09 08:54:00,payment,62.01,71.73,758.48,5906,7.27,1
2026-06-09 08:57:00,order,71.14,59.77,582.1,4675,4.55,0
2026-06-09 08:57:00,payment,62.43,67.95,728.94,5616,7.16,1
2026-06-09 08:57:00,notification,61.2,54.77,425.42,3381,3.43,1
2026-06-09 09:00:00,payment,69.56,65.42,674.2,4846,9.08,1
2026-06-09 09:00:00,notification,56.24,54.62,478.36,4298,4.38,1
2026-06-09 09:00:00,order,65.5,69.3,670.88,4823,5.43,1
2026-06-09 09:03:00,payment,72.08,65.67,762.72,5380,6.33,1
2026-06-09 09:03:00,order,53.69,59.43,411.96,4339,4.43,0
2026-06-09 09:03:00,notification,51.18,59.22,418.16,5136,7.57,1
2026-06-09 09:06:00,payment,70.99,63.58,675.42,5706,4.48,0
2026-06-09 09:06:00,order,59.18,55.9,489.83,3448,3.64,0
2026-06-09 09:06:00,notification,62.89,47.92,429.72,4764,2.05,0
2026-06-09 09:09:00,notification,55.47,59.61,431.21,4395,1.81,0
2026-06-09 09:09:00,payment,59.07,62.94,487.37,4702,5.98,1
2026-06-09 09:09:00,order,52.63,62.32,533.3,4376,2.76,0
2026-06-09 09:12:00,order,53.71,61.58,292.08,4090,2.22,0
2026-06-09 09:12:00,payment,41.23,65.85,407.18,4745,2.91,0
2026-06-09 09:12:00,notification,64.44,67.46,374.4,4547,4.0,1
2026-06-09 09:15:00,payment,56.3,51.16,473.34,4374,4.73,0
2026-06-09 09:15:00,order,54.39,66.69,464.34,4260,3.81,1
2026-06-09 09:15:00,notification,59.05,65.03,536.23,4810,5.96,1
2026-06-09 09:18:00,order,62.81,67.32,566.72,4406,3.74,1
2026-06-09 09:18:00,payment,61.02,58.98,368.53,4298,2.8,0
2026-06-09 09:18:00,notification,62.75,65.55,568.99,4427,4.8,1
2026-06-09 09:21:00,order,46.47,56.12,391.37,4185,4.35,0
2026-06-09 09:21:00,notification,59.19,63.77,455.4,4254,2.43,1
2026-06-09 09:21:00,payment,58.97,63.61,352.51,3919,2.83,0
2026-06-09 09:24:00,order,52.36,64.27,584.65,4762,2.5,1
2026-06-09 09:24:00,notification,54.89,66.46,485.36,4682,6.12,1
2026-06-09 09:24:00,payment,57.15,58.16,488.16,4555,5.3,1
2026-06-09 09:27:00,order,47.32,60.98,430.84,4013,4.51,0
2026-06-09 09:27:00,notification,53.03,61.96,557.57,4186,5.19,1
2026-06-09 09:27:00,payment,47.54,56.7,376.54,3648,4.68,1
2026-06-09 09:30:00,notification,55.04,56.53,333.91,3480,3.02,1
2026-06-09 09:30:00,order,61.28,61.85,363.71,5180,3.97,1
2026-06-09 09:30:00,payment,52.76,65.01,325.35,4380,2.79,0
2026-06-09 09:33:00,notification,56.83,55.26,355.66,4444,2.46,0
2026-06-09 09:33:00,order,58.08,61.21,574.35,4280,3.01,0
2026-06-09 09:33:00,payment,64.88,53.24,349.83,4369,2.26,0
2026-06-09 09:36:00,payment,44.54,57.85,410.56,4177,1.38,1
2026-06-09 09:36:00,notification,43.82,64.27,260.75,3670,2.71,1
2026-06-09 09:36:00,order,55.28,73.28,581.45,5467,6.25,1
2026-06-09 09:39:00,payment,48.7,54.91,437.1,4770,7.32,1
2026-06-09 09:39:00,notification,65.62,53.35,386.93,3428,2.44,0
2026-06-09 09:39:00,order,59.79,61.68,586.71,4431,6.53,1
2026-06-09 09:42:00,order,56.61,72.52,610.64,4745,4.72,0
2026-06-09 09:42:00,payment,63.45,52.63,410.94,4506,3.8,1
2026-06-09 09:42:00,notification,63.52,67.81,378.17,4121,4.16,1
2026-06-09 09:45:00,notification,55.4,57.56,498.04,4058,2.34,0
2026-06-09 09:45:00,order,50.32,55.81,476.12,4815,5.97,0
2026-06-09 09:45:00,payment,53.66,59.91,528.33,4184,5.78,0
2026-06-09 09:48:00,notification,62.3,57.28,551.89,4498,3.71,1
2026-06-09 09:48:00,order,63.49,58.5,506.32,3996,2.65,0
2026-06-09 09:48:00,payment,50.17,55.21,501.31,3856,4.04,0
2026-06-09 09:51:00,notification,60.73,66.69,612.9,5066,6.85,1
2026-06-09 09:51:00,payment,72.6,66.69,679.88,5067,5.47,1
2026-06-09 09:51:00,order,53.91,63.27,379.5,3847,1.22,0
2026-06-09 09:54:00,order,60.84,52.78,488.9,3956,3.34,0
2026-06-09 09:54:00,notification,66.67,73.93,855.84,6049,9.03,1
2026-06-09 09:54:00,payment,65.7,71.9,667.22,5329,6.61,1
2026-06-09 09:57:00,payment,58.47,73.76,503.67,5194,5.41,1
2026-06-09 09:57:00,order,42.63,52.83,429.29,4231,2.04,0
2026-06-09 09:57:00,notification,77.04,65.14,978.45,6179,10.93,1
2026-06-09 10:00:00,payment,53.42,64.56,587.04,4279,6.61,1
2026-06-09 10:00:00,notification,66.4,76.89,911.29,6046,10.07,1
2026-06-09 10:00:00,order,60.43,64.33,587.46,4561,3.23,0
2026-06-09 10:03:00,payment,72.88,69.45,631.53,5342,6.73,1
2026-06-09 10:03:00,notification,70.23,61.41,813.09,4925,8.32,1
2026-06-09 10:03:00,order,44.78,49.65,432.2,4858,4.3,0
2026-06-09 10:06:00,notification,65.3,80.75,724.45,5804,8.35,1
2026-06-09 10:06:00,order,72.15,67.23,471.38,4761,5.0,0
2026-06-09 10:06:00,payment,60.1,66.05,635.96,4443,4.92,1
2026-06-09 10:09:00,order,44.4,66.82,390.48,4062,5.94,0
2026-06-09 10:09:00,payment,68.65,62.16,611.49,4787,3.91,1
2026-06-09 10:09:00,notification,67.05,66.97,962.44,5558,10.62,1
2026-06-09 10:12:00,order,63.84,65.59,349.64,2983,4.02,1
2026-06-09 10:12:00,payment,61.99,51.37,507.28,4217,3.06,0
2026-06-09 10:12:00,notification,69.55,72.66,823.34,5419,8.68,1
2026-06-09 10:15:00,notification,72.34,71.71,730.1,5147,4.93,1
2026-06-09 10:15:00,order,51.46,58.35,355.7,3280,3.83,0
2026-06-09 10:15:00,payment,51.68,67.59,330.14,4415,1.24,0
2026-06-09 10:18:00,notification,65.25,71.78,628.67,5398,8.2,1
2026-06-09 10:18:00,payment,52.31,54.7,446.63,4348,3.81,1
2026-06-09 10:18:00,order,49.05,53.37,297.08,3640,1.79,0
2026-06-09 10:21:00,payment,64.54,67.26,400.91,4632,4.25,0
2026-06-09 10:21:00,order,57.77,57.15,441.03,3560,1.25,0
2026-06-09 10:21:00,notification,60.28,56.58,465.64,4046,5.9,1
2026-06-09 10:24:00,order,51.22,62.62,433.32,4391,6.93,0
2026-06-09 10:24:00,payment,64.01,62.49,520.8,5031,2.72,0
2026-06-09 10:24:00,notification,49.32,66.53,559.92,4703,3.86,1
2026-06-09 10:27:00,notification,55.61,55.8,350.65,4391,4.32,0
2026-06-09 10:27:00,order,61.66,61.92,446.84,4568,5.18,0
2026-06-09 10:27:00,payment,44.46,55.35,522.98,4506,2.71,0
2026-06-09 10:30:00,payment,60.07,62.68,422.88,4229,4.51,1
2026-06-09 10:30:00,notification,48.82,62.8,478.11,4790,4.27,0
2026-06-09 10:30:00,order,69.85,65.92,671.55,5197,9.18,0
2026-06-09 10:33:00,notification,59.14,53.14,495.6,4682,4.0,0
2026-06-09 10:33:00,order,64.29,75.34,633.38,5153,5.65,1
2026-06-09 10:33:00,payment,59.11,74.38,554.14,4974,4.74,0
2026-06-09 10:36:00,notification,59.96,66.46,639.41,4990,6.32,1
2026-06-09 10:36:00,order,65.53,66.02,653.63,6024,8.2,1
2026-06-09 10:36:00,payment,53.69,71.43,573.1,5573,5.25,0
2026-06-09 10:39:00,order,73.52,72.67,648.93,5042,6.57,1
2026-06-09 10:39:00,payment,62.81,62.33,648.62,5203,5.53,1
2026-06-09 10:39:00,notification,58.65,69.54,647.21,4711,6.91,1
2026-06-09 10:42:00,payment,51.86,60.25,459.5,5181,5.83,0
2026-06-09 10:42:00,notification,55.25,58.56,357.05,4965,3.6,0
2026-06-09 10:42:00,order,63.77,64.23,504.58,4738,6.78,0
2026-06-09 10:45:00,payment,58.98,65.85,476.89,4361,5.48,0
2026-06-09 10:45:00,notification,62.63,63.98,597.89,4558,4.91,1
2026-06-09 10:45:00,order,54.13,63.04,458.42,4283,5.86,1
2026-06-09 10:48:00,payment,58.04,65.41,641.5,5267,5.96,1
2026-06-09 10:48:00,notification,58.82,63.06,407.96,5212,3.01,0
2026-06-09 10:48:00,order,66.06,67.76,592.65,4974,5.81,1
2026-06-09 10:51:00,payment,62.01,74.09,551.92,5240,5.13,1
2026-06-09 10:51:00,notification,58.79,62.81,450.93,4203,1.86,0
2026-06-09 10:51:00,order,59.94,69.05,580.53,4957,7.01,1
2026-06-09 10:54:00,order,62.03,68.55,827.58,6219,7.53,1
2026-06-09 10:54:00,payment,66.06,73.03,759.09,5233,7.92,1
2026-06-09 10:54:00,notification,67.3,57.11,571.44,5246,6.56,1
2026-06-09 10:57:00,order,67.05,70.03,630.6,5463,7.98,1
2026-06-09 10:57:00,payment,61.33,61.67,815.29,5598,8.49,1
2026-06-09 10:57:00,notification,47.39,59.34,690.08,5587,8.48,0
2026-06-09 11:00:00,order,59.25,71.77,715.66,5947,6.55,1
2026-06-09 11:00:00,payment,75.89,71.6,822.73,5546,7.76,1
2026-06-09 11:00:00,notification,59.31,66.33,706.11,5273,7.32,1
2026-06-09 11:03:00,payment,69.49,68.48,713.71,5261,10.3,0
2026-06-09 11:03:00,notification,68.9,69.71,767.54,5420,7.67,1
2026-06-09 11:03:00,order,65.99,76.95,752.64,5506,6.82,1
2026-06-09 11:06:00,notification,62.15,63.27,518.52,4466,6.2,1
2026-06-09 11:06:00,order,70.45,69.63,671.46,5996,7.76,1
2026-06-09 11:06:00,payment,79.51,71.43,832.82,5824,9.16,1
2026-06-09 11:09:00,notification,60.48,69.11,654.4,6741,7.03,1
2026-06-09 11:09:00,order,75.1,63.02,612.0,4799,7.59,0
2026-06-09 11:09:00,payment,65.21,70.31,778.75,5402,7.67,1
2026-06-09 11:12:00,notification,66.33,72.04,631.53,5095,5.5,1
2026-06-09 11:12:00,payment,60.77,73.28,604.6,5525,7.61,1
2026-06-09 11:12:00,order,64.67,61.17,545.86,4998,5.9,1
2026-06-09 11:15:00,order,53.76,77.87,678.96,4737,6.06,1
2026-06-09 11:15:00,notification,66.92,64.16,629.86,5620,9.5,1
2026-06-09 11:15:00,payment,74.94,72.45,739.76,5370,9.67,1
2026-06-09 11:18:00,payment,61.81,64.57,728.5,5526,7.79,1
2026-06-09 11:18:00,order,57.05,58.62,811.37,5163,8.62,1
2026-06-09 11:18:00,notification,59.84,62.04,724.92,4972,7.69,1
2026-06-09 11:21:00,payment,61.76,65.95,602.97,5504,3.88,1
2026-06-09 11:21:00,notification,57.88,67.82,573.28,4413,6.86,1
2026-06-09 11:21:00,order,73.43,60.5,757.61,5155,7.34,1
2026-06-09 11:24:00,payment,67.03,63.9,644.33,5321,7.02,1
2026-06-09 11:24:00,order,60.89,67.95,770.61,4930,6.71,1
2026-06-09 11:24:00,notification,54.61,73.72,770.07,5009,9.86,1
2026-06-09 11:27:00,order,58.52,67.22,711.72,5043,7.22,1
2026-06-09 11:27:00,payment,55.15,57.61,623.48,5082,5.39,1
2026-06-09 11:27:00,notification,64.78,69.83,698.16,5439,7.77,1
2026-06-09 11:30:00,payment,61.22,60.72,530.89,3644,2.28,0
2026-06-09 11:30:00,order,60.03,73.07,683.61,5853,7.6,1
2026-06-09 11:30:00,notification,69.12,69.46,803.5,5848,8.24,0
2026-06-09 11:33:00,notification,65.14,72.7,970.37,5766,8.95,1
2026-06-09 11:33:00,order,66.71,69.15,697.33,4344,5.47,1
2026-06-09 11:33:00,payment,60.87,70.85,472.65,4730,6.75,0
2026-06-09 11:36:00,payment,65.52,53.51,520.97,4216,6.65,1
2026-06-09 11:36:00,order,59.46,60.14,621.03,5352,4.22,0
2026-06-09 11:36:00,notification,66.66,69.72,901.02,5664,11.75,1
2026-06-09 11:39:00,order,61.65,69.47,551.65,4240,5.73,1
2026-06-09 11:39:00,notification,67.49,71.89,683.72,5688,9.5,1
2026-06-09 11:39:00,payment,63.7,62.34,481.45,4596,3.93,0
2026-06-09 11:42:00,order,57.31,56.22,545.95,4765,6.11,0
2026-06-09 11:42:00,notification,70.81,57.78,807.24,5047,7.37,0
2026-06-09 11:42:00,payment,70.65,65.98,583.57,5263,5.47,1
2026-06-09 11:45:00,payment,59.18,65.15,567.24,5323,5.69,1
2026-06-09 11:45:00,notification,62.12,68.07,653.1,5081,6.49,1
2026-06-09 11:45:00,order,51.75,58.78,493.18,4881,4.95,0
2026-06-09 11:48:00,order,48.44,71.0,642.1,4274,5.26,0
2026-06-09 11:48:00,notification,56.58,64.67,602.45,4576,5.9,1
2026-06-09 11:48:00,payment,53.13,57.6,463.74,5362,3.94,0
2026-06-09 11:51:00,notification,70.39,69.62,548.58,5271,6.54,1
2026-06-09 11:51:00,payment,65.03,50.27,430.09,3617,3.19,1
2026-06-09 11:51:00,order,54.17,56.62,495.72,4902,4.39,0
2026-06-09 11:54:00,notification,62.75,55.56,498.52,4117,7.29,0
2026-06-09 11:54:00,order,62.41,67.0,509.93,5056,4.85,0
2026-06-09 11:54:00,payment,43.71,50.92,428.02,3514,2.62,0
2026-06-09 11:57:00,payment,44.98,65.03,360.53,4241,3.16,0
2026-06-09 11:57:00,notification,49.1,55.47,379.27,4339,4.49,1
2026-06-09 11:57:00,order,52.96,71.74,610.92,5067,6.52,0
2026-06-09 12:00:00,notification,65.82,66.92,620.11,5177,5.05,1
2026-06-09 12:00:00,payment,57.2,53.69,425.14,4237,2.03,0
2026-06-09 12:00:00,order,69.87,54.21,637.58,5719,5.45,0
2026-06-09 12:03:00,notification,55.32,69.06,482.79,4876,3.51,1
2026-06-09 12:03:00,payment,68.0,59.87,469.96,4139,5.98,0
2026-06-09 12:03:00,order,60.46,67.62,670.86,5828,7.23,1
2026-06-09 12:06:00,payment,62.54,75.56,502.74,4952,7.47,1
2026-06-09 12:06:00,order,58.48,75.68,864.19,5364,8.03,1
2026-06-09 12:06:00,notification,61.78,59.43,433.63,3873,4.96,1
2026-06-09 12:09:00,order,66.08,67.64,626.97,5407,8.32,1
2026-06-09 12:09:00,notification,52.56,58.5,498.28,4580,5.34,0
2026-06-09 12:09:00,payment,68.05,61.91,581.23,5267,6.14,1
2026-06-09 12:12:00,notification,49.24,59.94,587.88,4990,7.76,0
2026-06-09 12:12:00,payment,49.47,66.78,597.17,4471,6.0,0
2026-06-09 12:12:00,order,70.09,68.82,746.86,5073,7.35,1
2026-06-09 12:15:00,payment,61.57,73.03,721.7,4902,7.96,0
2026-06-09 12:15:00,notification,54.82,62.55,514.53,4879,8.21,1
2026-06-09 12:15:00,order,76.21,70.92,747.32,5358,7.63,1
2026-06-09 12:18:00,order,56.66,70.76,840.65,5684,9.55,1
2026-06-09 12:18:00,notification,53.11,57.65,636.46,4584,3.22,1
2026-06-09 12:18:00,payment,53.27,72.75,697.75,5036,7.19,0
2026-06-09 12:21:00,payment,67.08,59.22,681.44,4981,8.46,0
2026-06-09 12:21:00,notification,56.05,57.25,491.11,4988,5.6,0
2026-06-09 12:21:00,order,72.79,63.41,708.25,5507,9.04,1
2026-06-09 12:24:00,payment,48.99,58.82,457.85,4899,3.41,0
2026-06-09 12:24:00,order,63.5,69.7,691.05,5297,6.85,1
2026-06-09 12:24:00,notification,48.33,68.33,621.54,5271,5.81,0
2026-06-09 12:27:00,notification,61.49,61.36,696.69,6035,6.09,1
2026-06-09 12:27:00,payment,50.43,63.75,489.55,4471,5.97,0
2026-06-09 12:27:00,order,57.22,65.92,521.32,5024,6.04,1
2026-06-09 12:30:00,payment,64.14,74.39,688.18,4943,5.77,1
2026-06-09 12:30:00,notification,51.38,70.23,751.95,4505,5.84,1
2026-06-09 12:30:00,order,62.58,56.84,420.56,4821,4.45,1
2026-06-09 12:33:00,payment,73.91,66.42,667.55,6517,7.09,1
2026-06-09 12:33:00,notification,65.52,68.84,653.3,5647,8.31,0
2026-06-09 12:33:00,order,75.04,67.36,741.23,5369,8.14,1
2026-06-09 12:36:00,payment,66.34,67.55,748.42,5210,11.03,1
2026-06-09 12:36:00,order,51.45,58.07,638.99,5511,4.62,0
2026-06-09 12:36:00,notification,48.23,71.03,590.77,5389,4.99,1
2026-06-09 12:39:00,order,56.89,64.47,551.68,5018,6.56,1
2026-06-09 12:39:00,notification,54.68,59.5,662.51,5062,6.56,1
2026-06-09 12:39:00,payment,68.37,70.13,637.49,5079,10.22,1
2026-06-09 12:42:00,order,58.58,67.86,680.39,4998,6.03,1
2026-06-09 12:42:00,notification,62.92,67.51,522.35,5172,6.82,1
2026-06-09 12:42:00,payment,65.09,68.52,600.1,5279,5.94,1
2026-06-09 12:45:00,notification,63.66,63.44,549.61,5133,4.76,0
2026-06-09 12:45:00,order,64.3,65.37,608.45,5316,4.91,1
2026-06-09 12:45:00,payment,62.47,70.43,640.4,5608,7.43,1
2026-06-09 12:48:00,order,69.06,66.85,506.19,4634,5.25,1
2026-06-09 12:48:00,notification,58.75,59.43,629.27,5330,8.17,0
2026-06-09 12:48:00,payment,52.8,59.08,580.66,4905,4.77,0
2026-06-09 12:51:00,notification,69.56,65.56,741.53,5444,8.06,1
2026-06-09 12:51:00,order,62.48,66.24,644.74,5075,7.1,1
2026-06-09 12:51:00,payment,65.04,62.58,621.26,5709,5.74,1
2026-06-09 12:54:00,payment,67.97,68.56,603.81,5397,5.74,1
2026-06-09 12:54:00,order,63.43,72.05,719.43,5724,7.14,1
2026-06-09 12:54:00,notification,54.92,65.37,522.12,4617,8.87,1
2026-06-09 12:57:00,payment,70.92,74.86,685.19,4615,6.07,1
2026-06-09 12:57:00,notification,73.71,72.46,770.07,6522,8.95,1
2026-06-09 12:57:00,order,67.14,66.99,763.56,4801,6.22,1
2026-06-09 13:00:00,payment,66.8,66.82,701.17,5376,9.56,1
2026-06-09 13:00:00,order,65.56,73.25,709.48,6447,5.68,1
2026-06-09 13:00:00,notification,80.02,70.04,967.61,5281,9.87,1
2026-06-09 13:03:00,order,49.27,59.36,584.04,4818,6.25,1
2026-06-09 13:03:00,payment,59.43,69.18,792.4,5272,7.92,1
2026-06-09 13:03:00,notification,67.28,64.92,789.24,5995,8.85,1
2026-06-09 13:06:00,order,64.26,57.84,616.06,4751,6.39,0
2026-06-09 13:06:00,payment,70.84,64.39,902.39,6082,8.14,0
2026-06-09 13:06:00,notification,63.68,67.18,750.95,5647,7.39,1
2026-06-09 13:09:00,payment,64.45,76.94,729.27,5673,6.19,0
2026-06-09 13:09:00,notification,51.37,73.08,637.65,4887,8.57,1
2026-06-09 13:09:00,order,68.97,66.87,730.61,5145,6.04,1
2026-06-09 13:12:00,order,74.97,74.48,803.91,6021,7.91,1
2026-06-09 13:12:00,payment,66.5,72.57,784.55,5183,9.49,1
2026-06-09 13:12:00,notification,66.05,69.89,763.44,6425,7.67,1
2026-06-09 13:15:00,notification,71.54,68.82,883.92,6009,9.72,1
2026-06-09 13:15:00,order,58.6,67.14,755.53,5737,6.24,0
2026-06-09 13:15:00,payment,66.1,75.89,788.59,6195,6.77,1
2026-06-09 13:18:00,notification,66.66,70.57,765.44,5437,7.8,1
2026-06-09 13:18:00,payment,65.36,72.04,859.93,6207,8.38,1
2026-06-09 13:18:00,order,66.18,69.18,632.86,5680,5.98,0
2026-06-09 13:21:00,notification,65.98,63.28,748.2,4860,7.65,1
2026-06-09 13:21:00,payment,67.93,66.47,601.32,4957,5.02,1
2026-06-09 13:21:00,order,73.04,68.65,666.24,5196,5.59,1
2026-06-09 13:24:00,notification,58.73,78.99,792.28,6239,8.64,1
2026-06-09 13:24:00,payment,57.82,61.7,772.96,5458,9.47,1
2026-06-09 13:24:00,order,79.4,57.17,748.84,5393,5.72,1
2026-06-09 13:27:00,payment,64.05,61.56,730.15,6442,7.56,1
2026-06-09 13:27:00,order,65.4,77.6,637.04,4464,5.86,1
2026-06-09 13:27:00,notification,64.64,75.42,626.6,5893,8.12,1
2026-06-09 13:30:00,payment,67.43,78.06,878.62,5031,7.85,1
2026-06-09 13:30:00,order,65.7,57.38,529.14,4357,7.74,1
2026-06-09 13:30:00,notification,59.31,65.28,658.2,5382,7.98,1
2026-06-09 13:33:00,payment,79.94,72.92,846.39,6090,7.2,1
2026-06-09 13:33:00,order,53.35,58.53,512.79,4696,8.12,0
2026-06-09 13:33:00,notification,71.55,66.84,696.9,5899,7.77,1
2026-06-09 13:36:00,notification,63.25,62.94,543.0,4883,4.19,1
2026-06-09 13:36:00,payment,77.31,74.18,894.04,6428,8.94,1
2026-06-09 13:36:00,order,54.84,70.93,585.51,5121,7.5,1
2026-06-09 13:39:00,payment,58.64,64.78,902.62,5686,8.3,1
2026-06-09 13:39:00,notification,64.66,63.76,772.81,5322,5.98,1
2026-06-09 13:39:00,order,67.22,65.04,554.56,4928,6.76,1
2026-06-09 13:42:00,order,52.75,64.21,688.15,5552,5.04,0
2026-06-09 13:42:00,payment,77.57,67.33,771.71,6085,10.46,1
2026-06-09 13:42:00,notification,64.88,72.29,587.61,5309,7.24,1
2026-06-09 13:45:00,notification,56.73,58.52,615.18,5396,6.08,1
2026-06-09 13:45:00,order,65.62,65.47,697.56,5290,10.47,1
2026-06-09 13:45:00,payment,74.85,74.88,774.63,5576,7.83,1
2026-06-09 13:48:00,order,74.96,64.84,763.27,5400,8.41,1
2026-06-09 13:48:00,payment,57.94,76.76,750.59,5030,6.88,0
2026-06-09 13:48:00,notification,60.37,66.37,678.01,5623,6.36,0
2026-06-09 13:51:00,order,71.24,65.74,705.8,6517,6.87,1
2026-06-09 13:51:00,payment,52.86,67.5,808.45,5344,8.99,1
2026-06-09 13:51:00,notification,82.29,75.47,941.04,5780,11.43,1
2026-06-09 13:54:00,payment,69.72,75.79,774.43,6185,9.08,1
2026-06-09 13:54:00,notification,64.92,80.25,935.56,5477,8.31,1
2026-06-09 13:54:00,order,69.93,72.61,699.59,5315,10.88,1
2026-06-09 13:57:00,notification,66.08,75.62,656.42,5387,8.95,1
2026-06-09 13:57:00,payment,74.35,71.24,866.99,5373,11.36,1
2026-06-09 13:57:00,order,67.54,67.98,770.73,6056,8.44,1
2026-06-09 14:00:00,payment,74.94,67.81,702.75,4778,6.83,1
2026-06-09 14:00:00,notification,65.72,64.66,626.73,5665,9.57,1
2026-06-09 14:00:00,order,61.86,62.16,637.02,4750,8.11,1
2026-06-09 14:03:00,payment,58.5,76.26,633.7,5258,7.38,1
2026-06-09 14:03:00,order,75.98,62.63,610.93,5186,6.25,0
2026-06-09 14:03:00,notification,60.15,59.94,518.32,4765,4.99,0
2026-06-09 14:06:00,notification,61.7,62.18,610.85,4513,3.1,0
2026-06-09 14:06:00,order,69.75,65.05,679.42,4790,7.05,1
2026-06-09 14:06:00,payment,76.41,66.57,712.53,5237,8.73,1
2026-06-09 14:09:00,order,68.89,63.32,749.56,6009,7.74,1
2026-06-09 14:09:00,payment,49.87,72.79,628.06,4676,5.95,0
2026-06-09 14:09:00,notification,71.57,71.2,596.87,4827,5.1,1
2026-06-09 14:12:00,payment,62.29,69.56,616.97,5321,7.38,1
2026-06-09 14:12:00,notification,64.02,68.43,550.88,4688,5.74,1
2026-06-09 14:12:00,order,65.87,67.13,706.22,5198,8.69,1
2026-06-09 14:15:00,notification,64.93,79.62,631.98,4805,4.54,0
2026-06-09 14:15:00,payment,64.09,69.34,762.85,5824,7.43,0
2026-06-09 14:15:00,order,60.04,68.59,617.38,5177,8.35,0
2026-06-09 14:18:00,notification,62.98,70.96,707.14,4606,7.81,1
2026-06-09 14:18:00,payment,73.11,75.95,704.55,5482,8.19,1
2026-06-09 14:18:00,order,67.83,62.59,592.71,4623,6.2,1
2026-06-09 14:21:00,notification,61.65,74.55,635.56,5168,7.07,1
2026-06-09 14:21:00,payment,76.5,72.67,862.37,5319,9.07,1
2026-06-09 14:21:00,order,60.33,61.38,625.51,4688,6.55,0
2026-06-09 14:24:00,notification,65.71,65.73,676.8,5442,7.13,1
2026-06-09 14:24:00,order,59.14,59.23,568.02,4633,5.05,1
2026-06-09 14:24:00,payment,73.15,69.65,810.92,5800,8.22,1
2026-06-09 14:27:00,notification,68.05,59.31,565.05,4788,4.31,1
2026-06-09 14:27:00,order,65.99,72.75,600.31,5200,5.1,1
2026-06-09 14:27:00,payment,58.47,76.31,849.93,5929,6.64,1
2026-06-09 14:30:00,payment,69.03,73.36,656.48,6108,9.17,1
2026-06-09 14:30:00,notification,65.45,73.82,507.74,4728,6.12,0
2026-06-09 14:30:00,order,63.44,76.57,588.34,5466,5.22,0
2026-06-09 14:33:00,notification,41.95,57.9,655.53,4975,5.07,0
2026-06-09 14:33:00,order,68.93,63.76,698.4,4535,5.05,0
2026-06-09 14:33:00,payment,69.79,75.55,709.33,6109,8.79,1
2026-06-09 14:36:00,order,49.48,65.27,417.32,4289,6.23,0
2026-06-09 14:36:00,notification,54.29,68.81,775.92,5474,5.87,1
2026-06-09 14:36:00,payment,54.51,48.25,601.27,4894,5.29,0
2026-06-09 14:39:00,order,59.81,58.64,599.61,5257,5.92,0
2026-06-09 14:39:00,notification,75.27,66.71,614.1,5355,5.23,0
2026-06-09 14:39:00,payment,53.17,70.76,852.57,5750,7.1,0
2026-06-09 14:42:00,payment,71.58,69.43,753.89,5486,5.64,0
2026-06-09 14:42:00,order,73.87,61.77,678.43,5557,5.79,1
2026-06-09 14:42:00,notification,61.34,64.62,685.71,5549,6.31,0
2026-06-09 14:45:00,order,65.06,65.83,537.53,4739,5.13,1
2026-06-09 14:45:00,notification,64.38,71.19,796.24,5992,8.2,1
2026-06-09 14:45:00,payment,61.53,65.88,591.28,4627,7.38,0
2026-06-09 14:48:00,notification,60.21,66.11,653.13,4563,5.61,1
2026-06-09 14:48:00,order,59.04,52.22,593.54,5018,4.22,1
2026-06-09 14:48:00,payment,53.71,68.1,701.24,5074,6.01,1
2026-06-09 14:51:00,payment,64.35,69.88,803.12,6177,7.62,1
2026-06-09 14:51:00,notification,57.27,63.71,748.43,5671,6.44,1
2026-06-09 14:51:00,order,62.84,66.06,410.31,5265,3.84,1
2026-06-09 14:54:00,order,58.17,59.71,522.59,5700,5.23,0
2026-06-09 14:54:00,payment,68.25,72.37,655.3,5939,6.8,1
2026-06-09 14:54:00,notification,60.52,61.66,715.97,5275,9.35,1
2026-06-09 14:57:00,notification,62.82,71.08,783.23,5271,7.04,1
2026-06-09 14:57:00,order,72.1,61.25,722.37,5330,6.73,1
2026-06-09 14:57:00,payment,62.82,65.31,607.93,4759,6.35,0
2026-06-09 15:00:00,notification,62.61,64.57,762.86,4639,8.69,1
2026-06-09 15:00:00,payment,55.07,75.05,676.88,5285,8.08,1
2026-06-09 15:00:00,order,74.05,73.5,843.17,6091,10.07,1
2026-06-09 15:03:00,payment,75.43,71.22,612.62,5447,8.3,1
2026-06-09 15:03:00,order,62.77,77.8,799.89,5719,8.36,1
2026-06-09 15:03:00,notification,54.13,61.13,556.34,4174,5.65,0
2026-06-09 15:06:00,notification,66.71,60.63,647.47,4736,7.11,1
2026-06-09 15:06:00,payment,79.27,77.77,976.87,5542,12.15,1
2026-06-09 15:06:00,order,70.09,69.61,924.62,5148,9.61,1
2026-06-09 15:09:00,notification,60.8,60.89,640.42,4621,6.26,1
2026-06-09 15:09:00,payment,70.75,77.11,1007.35,5503,9.02,1
2026-06-09 15:09:00,order,71.65,73.04,885.87,5930,7.31,0
2026-06-09 15:12:00,payment,68.84,78.61,804.86,6011,9.6,1
2026-06-09 15:12:00,order,66.86,69.54,717.35,5792,5.87,0
2026-06-09 15:12:00,notification,61.93,63.86,728.18,5317,5.92,0
2026-06-09 15:15:00,payment,75.61,80.34,1008.17,6323,11.54,1
2026-06-09 15:15:00,order,63.11,66.06,544.83,4635,6.27,0
2026-06-09 15:15:00,notification,57.9,55.27,383.87,4818,4.31,0
2026-06-09 15:18:00,notification,57.96,63.08,630.71,5527,4.97,1
2026-06-09 15:18:00,payment,60.61,69.54,848.8,4868,7.49,1
2026-06-09 15:18:00,order,59.13,55.26,308.87,3607,4.26,1
2026-06-09 15:21:00,payment,69.2,74.94,798.52,5745,6.32,1
2026-06-09 15:21:00,notification,57.54,68.09,671.97,4937,6.47,1
2026-06-09 15:21:00,order,60.8,63.51,539.21,4859,5.88,0
2026-06-09 15:24:00,payment,64.1,74.94,935.53,6544,9.0,1
2026-06-09 15:24:00,notification,48.09,64.21,618.43,4744,3.94,1
2026-06-09 15:24:00,order,60.0,68.43,683.39,4571,8.52,0
2026-06-09 15:27:00,order,64.43,56.26,817.2,4950,9.74,1
2026-06-09 15:27:00,notification,66.03,62.64,576.1,4359,3.79,1
2026-06-09 15:27:00,payment,70.27,82.48,850.14,5871,11.67,0
2026-06-09 15:30:00,order,65.4,73.99,771.02,4899,10.07,1
2026-06-09 15:30:00,notification,62.37,62.81,658.27,6115,7.12,1
2026-06-09 15:30:00,payment,58.28,73.82,762.34,5401,6.07,1
2026-06-09 15:33:00,payment,57.47,64.25,608.05,5486,7.11,1
2026-06-09 15:33:00,notification,73.23,74.63,702.7,6158,7.6,1
2026-06-09 15:33:00,order,66.91,61.69,747.66,4689,10.11,1
2026-06-09 15:36:00,order,63.67,68.86,710.5,5787,7.02,1
2026-06-09 15:36:00,payment,77.91,82.3,814.16,5848,8.46,1
2026-06-09 15:36:00,notification,67.18,69.91,807.61,5005,7.8,1
2026-06-09 15:39:00,notification,74.32,70.38,652.31,5969,7.31,1
2026-06-09 15:39:00,order,74.46,78.07,726.74,5707,11.33,1
2026-06-09 15:39:00,payment,68.85,60.52,816.5,5055,8.67,1
2026-06-09 15:42:00,payment,66.97,71.88,793.21,5061,7.29,1
2026-06-09 15:42:00,notification,65.27,76.4,754.81,5162,9.39,1
2026-06-09 15:42:00,order,62.15,69.32,684.82,6482,12.06,0
2026-06-09 15:45:00,payment,51.69,63.54,631.2,5053,7.84,1
2026-06-09 15:45:00,notification,62.4,75.92,718.96,5424,9.28,1
2026-06-09 15:45:00,order,57.15,65.01,730.95,5915,6.88,1
2026-06-09 15:48:00,notification,78.47,74.32,608.15,5598,8.18,1
2026-06-09 15:48:00,order,76.02,70.21,613.8,6086,6.37,1
2026-06-09 15:48:00,payment,58.82,75.29,597.16,4722,6.43,1
2026-06-09 15:51:00,order,60.9,75.77,725.58,5175,8.14,0
2026-06-09 15:51:00,payment,66.41,68.19,588.19,5786,6.1,1
2026-06-09 15:51:00,notification,72.13,59.29,710.17,5017,7.94,0
2026-06-09 15:54:00,order,71.8,62.7,611.4,5512,7.73,1
2026-06-09 15:54:00,payment,68.39,65.99,799.35,5839,8.36,1
2026-06-09 15:54:00,notification,47.25,59.53,514.03,4879,6.62,0
2026-06-09 15:57:00,order,69.74,57.2,708.46,4953,5.8,1
2026-06-09 15:57:00,payment,56.59,70.56,823.85,5388,7.78,1
2026-06-09 15:57:00,notification,64.42,58.36,592.5,5442,5.1,1
2026-06-09 16:00:00,order,63.71,76.87,927.54,5601,7.67,0
2026-06-09 16:00:00,payment,71.14,68.65,810.88,5788,10.07,1
2026-06-09 16:00:00,notification,68.74,74.28,724.95,4724,4.79,0
2026-06-09 16:03:00,order,62.71,71.09,654.4,5759,7.06,0
2026-06-09 16:03:00,payment,67.77,67.03,674.99,5859,6.79,1
2026-06-09 16:03:00,notification,65.05,67.37,792.6,5542,9.09,1
2026-06-09 16:06:00,notification,61.3,67.54,790.9,5381,9.82,1
2026-06-09 16:06:00,payment,69.6,63.8,644.87,4753,5.45,1
2026-06-09 16:06:00,order,61.13,68.16,641.89,5095,6.28,1
2026-06-09 16:09:00,notification,64.73,70.23,733.27,5547,11.06,1
2026-06-09 16:09:00,payment,59.66,63.13,595.23,5535,7.45,0
2026-06-09 16:09:00,order,63.99,56.42,612.46,4913,6.93,0
2026-06-09 16:12:00,notification,65.82,70.82,686.11,5428,7.38,0
2026-06-09 16:12:00,payment,46.69,65.32,504.15,5376,5.11,1
2026-06-09 16:12:00,order,56.19,67.5,594.98,4883,8.16,1
2026-06-09 16:15:00,order,57.29,67.61,486.85,4686,3.52,1
2026-06-09 16:15:00,notification,59.09,68.91,653.07,4908,6.41,1
2026-06-09 16:15:00,payment,54.14,65.9,617.99,5306,5.17,0
2026-06-09 16:18:00,notification,62.61,62.37,606.61,4557,5.54,0
2026-06-09 16:18:00,payment,54.88,60.1,590.57,5036,7.45,0
2026-06-09 16:18:00,order,57.05,72.32,481.92,4571,7.46,1
2026-06-09 16:21:00,notification,47.91,67.65,523.36,4584,5.8,0
2026-06-09 16:21:00,payment,63.26,54.57,588.23,5182,4.0,1
2026-06-09 16:21:00,order,61.99,58.53,414.77,4843,6.39,1
2026-06-09 16:24:00,notification,59.96,61.14,594.76,4415,5.93,0
2026-06-09 16:24:00,payment,40.59,62.77,461.2,4264,5.17,0
2026-06-09 16:24:00,order,56.3,63.6,439.44,4386,3.07,1
2026-06-09 16:27:00,notification,73.97,58.19,612.5,4388,6.09,1
2026-06-09 16:27:00,payment,54.96,64.52,501.06,5549,5.94,0
2026-06-09 16:27:00,order,54.61,53.48,643.89,4775,4.27,0
2026-06-09 16:30:00,notification,67.44,65.03,600.71,5532,8.47,1
2026-06-09 16:30:00,payment,68.39,67.36,566.14,4886,6.89,1
2026-06-09 16:30:00,order,58.45,70.14,554.85,5031,5.66,0
2026-06-09 16:33:00,payment,63.17,69.25,731.11,5603,9.27,0
2026-06-09 16:33:00,notification,70.82,63.39,684.14,5346,5.12,1
2026-06-09 16:33:00,order,59.16,66.0,580.41,4119,3.45,0
2026-06-09 16:36:00,payment,70.12,75.72,773.84,5173,6.5,1
2026-06-09 16:36:00,notification,64.0,71.02,741.62,5614,6.5,1
2026-06-09 16:36:00,order,52.35,68.39,597.74,4950,7.3,1
2026-06-09 16:39:00,order,69.14,71.44,533.03,5325,6.99,1
2026-06-09 16:39:00,payment,54.86,72.81,763.7,5514,6.22,1
2026-06-09 16:39:00,notification,66.62,72.96,686.48,4989,9.43,1
2026-06-09 16:42:00,payment,52.92,79.39,593.02,5298,7.42,1
2026-06-09 16:42:00,notification,58.21,60.65,571.73,4801,6.66,1
2026-06-09 16:42:00,order,66.8,65.59,871.86,5197,8.24,1
2026-06-09 16:45:00,notification,59.3,54.46,639.8,4337,5.63,0
2026-06-09 16:45:00,payment,68.46,79.21,497.48,4418,6.62,1
2026-06-09 16:45:00,order,70.68,69.6,712.58,6787,9.12,1
2026-06-09 16:48:00,order,68.03,68.64,621.17,6186,7.92,1
2026-06-09 16:48:00,notification,67.05,77.01,695.27,6073,7.16,0
2026-06-09 16:48:00,payment,59.59,54.19,580.15,4314,4.26,0
2026-06-09 16:51:00,notification,59.68,69.26,705.32,4848,9.99,1
2026-06-09 16:51:00,order,67.46,79.04,830.68,6112,10.71,1
2026-06-09 16:51:00,payment,61.25,53.4,660.66,4794,6.34,1
2026-06-09 16:54:00,notification,66.96,55.15,548.94,5519,5.97,0
2026-06-09 16:54:00,order,65.15,79.3,915.63,6291,12.62,1
2026-06-09 16:54:00,payment,55.13,65.36,680.85,5447,9.45,0
2026-06-09 16:57:00,payment,57.12,63.42,474.41,3699,4.58,0
2026-06-09 16:57:00,order,65.51,73.65,775.81,6161,6.54,0
2026-06-09 16:57:00,notification,62.64,55.37,668.14,4466,4.62,1
2026-06-09 17:00:00,notification,58.33,69.69,722.04,5534,7.72,1
2026-06-09 17:00:00,payment,48.51,59.57,491.15,4166,5.25,1
2026-06-09 17:00:00,order,58.6,71.63,752.77,5853,8.5,1
2026-06-09 17:03:00,order,71.64,74.69,728.73,5874,9.89,1
2026-06-09 17:03:00,notification,68.71,63.68,710.11,5016,7.65,1
2026-06-09 17:03:00,payment,66.72,67.02,595.2,5288,7.31,1
2026-06-09 17:06:00,notification,75.72,72.61,499.24,4984,7.1,1
2026-06-09 17:06:00,payment,76.6,62.69,576.2,4339,8.63,1
2026-06-09 17:06:00,order,66.12,68.17,834.34,6672,8.12,1
2026-06-09 17:09:00,notification,61.83,58.29,399.28,4593,5.73,0
2026-06-09 17:09:00,order,56.2,75.23,740.95,5102,7.92,0
2026-06-09 17:09:00,payment,59.77,57.73,493.65,4971,4.86,0
2026-06-09 17:12:00,payment,59.99,64.35,673.44,4766,8.41,0
2026-06-09 17:12:00,order,59.68,64.45,579.2,5017,8.19,1
2026-06-09 17:12:00,notification,49.24,64.17,650.7,4680,4.84,0
2026-06-09 17:15:00,payment,48.28,65.79,610.89,4816,5.84,0
2026-06-09 17:15:00,order,65.15,67.04,455.5,4969,5.35,1
2026-06-09 17:15:00,notification,77.48,63.54,639.35,4509,5.28,1
2026-06-09 17:18:00,payment,54.17,71.68,640.34,5209,7.12,1
2026-06-09 17:18:00,order,67.32,60.49,495.26,5018,8.05,0
2026-06-09 17:18:00,notification,54.35,69.59,849.98,5564,9.81,1
2026-06-09 17:21:00,notification,53.85,67.64,642.42,5700,5.68,0
2026-06-09 17:21:00,order,56.83,72.41,728.2,6100,5.41,1
2026-06-09 17:21:00,payment,74.3,65.62,660.4,6092,6.83,1
2026-06-09 17:24:00,notification,56.54,76.51,760.67,5576,6.86,1
2026-06-09 17:24:00,payment,57.38,65.41,564.16,4934,4.55,1
2026-06-09 17:24:00,order,79.72,69.06,822.71,5534,8.84,1
2026-06-09 17:27:00,notification,62.02,68.44,618.25,4827,5.99,1
2026-06-09 17:27:00,order,60.86,79.78,739.73,5752,8.03,1
2026-06-09 17:27:00,payment,59.17,67.88,607.36,4264,4.1,1
2026-06-09 17:30:00,order,54.23,66.98,656.88,5441,7.48,1
2026-06-09 17:30:00,payment,70.89,68.74,762.12,4995,8.7,1
2026-06-09 17:30:00,notification,55.84,70.61,841.11,6722,7.32,1
2026-06-09 17:33:00,payment,77.65,76.84,869.43,6123,9.51,1
2026-06-09 17:33:00,order,73.14,70.73,597.66,5053,7.37,1
2026-06-09 17:33:00,notification,46.96,67.94,553.18,4859,4.94,0
2026-06-09 17:36:00,order,55.23,61.94,619.19,5462,5.31,0
2026-06-09 17:36:00,notification,59.22,73.28,706.01,4835,4.7,1
2026-06-09 17:36:00,payment,68.61,67.54,934.89,5321,8.2,1
2026-06-09 17:39:00,notification,58.9,59.97,743.43,6022,8.4,1
2026-06-09 17:39:00,payment,67.61,66.66,946.8,6363,11.43,1
2026-06-09 17:39:00,order,75.25,67.48,790.62,5636,9.15,1
2026-06-09 17:42:00,notification,63.01,64.64,687.43,4639,5.49,1
2026-06-09 17:42:00,order,62.15,68.83,730.11,5864,10.21,1
2026-06-09 17:42:00,payment,66.54,70.54,822.99,5494,6.5,1
2026-06-09 17:45:00,notification,68.66,69.84,725.01,5068,10.47,1
2026-06-09 17:45:00,payment,64.93,73.22,776.15,5731,9.25,1
2026-06-09 17:45:00,order,65.58,71.81,754.47,5480,8.0,1
2026-06-09 17:48:00,payment,61.91,64.05,628.42,5503,7.02,0
2026-06-09 17:48:00,notification,75.18,69.29,717.41,5910,8.97,0
2026-06-09 17:48:00,order,59.08,65.97,810.15,5336,7.55,1
2026-06-09 17:51:00,order,71.38,64.14,754.69,5070,8.4,1
2026-06-09 17:51:00,payment,67.9,75.16,772.53,5072,7.68,1
2026-06-09 17:51:00,notification,71.77,70.96,1057.67,5725,13.82,1
2026-06-09 17:54:00,notification,77.84,66.96,1052.74,6742,11.34,1
2026-06-09 17:54:00,order,70.39,67.3,643.01,5310,7.99,1
2026-06-09 17:54:00,payment,61.59,73.88,656.88,4914,6.79,0
2026-06-09 17:57:00,notification,72.84,74.85,1023.48,6733,11.41,1
2026-06-09 17:57:00,order,56.37,66.12,575.09,5290,3.78,0
2026-06-09 17:57:00,payment,68.0,56.66,536.84,3814,5.0,0
2026-06-09 18:00:00,order,63.04,66.61,613.11,6021,7.45,1
2026-06-09 18:00:00,payment,59.49,68.62,510.85,5008,5.41,1
2026-06-09 18:00:00,notification,80.14,76.93,916.11,7062,12.8,1
2026-06-09 18:03:00,order,65.07,63.87,595.34,4995,6.85,1
2026-06-09 18:03:00,payment,62.21,47.96,325.61,3890,4.81,0
2026-06-09 18:03:00,notification,84.34,84.01,1028.85,6883,11.07,1
2026-06-09 18:06:00,payment,44.46,61.52,374.45,4002,1.48,0
2026-06-09 18:06:00,order,56.67,56.79,492.47,5499,5.32,0
2026-06-09 18:06:00,notification,73.62,78.59,1112.96,6483,14.33,1
2026-06-09 18:09:00,order,69.92,67.82,693.54,5245,7.95,1
2026-06-09 18:09:00,notification,66.99,76.7,1121.1,6144,12.06,1
2026-06-09 18:09:00,payment,56.86,54.23,443.48,3716,5.05,1
2026-06-09 18:12:00,order,59.05,67.79,606.01,4506,3.52,0
2026-06-09 18:12:00,payment,55.85,68.89,641.28,4614,4.34,0
2026-06-09 18:12:00,notification,69.58,71.11,963.55,5808,12.3,1
2026-06-09 18:15:00,payment,66.16,62.24,752.73,5065,6.78,1
2026-06-09 18:15:00,notification,65.99,71.38,806.83,5319,10.73,1
2026-06-09 18:15:00,order,56.06,67.95,643.72,4766,2.69,1
2026-06-09 18:18:00,order,42.93,58.19,349.67,4300,4.64,0
2026-06-09 18:18:00,notification,67.09,68.57,861.72,5882,8.27,1
2026-06-09 18:18:00,payment,66.67,65.65,685.45,6273,6.02,1
2026-06-09 18:21:00,notification,67.88,73.39,798.43,4952,7.72,1
2026-06-09 18:21:00,order,44.94,54.65,513.1,4360,2.46,0
2026-06-09 18:21:00,payment,62.46,61.62,584.78,5034,6.72,0
2026-06-09 18:24:00,payment,78.54,66.24,614.52,4920,6.44,0
2026-06-09 18:24:00,order,58.83,58.26,460.11,4109,4.07,1
2026-06-09 18:24:00,notification,68.01,74.1,780.99,5886,7.76,1
2026-06-09 18:27:00,payment,74.91,78.36,777.06,5312,7.73,1
2026-06-09 18:27:00,order,55.73,59.81,415.37,4053,2.49,0
2026-06-09 18:27:00,notification,65.12,81.75,1059.63,5415,9.18,1
2026-06-09 18:30:00,notification,72.58,77.25,984.63,6437,11.0,1
2026-06-09 18:30:00,order,61.44,60.83,549.88,4301,5.49,1
2026-06-09 18:30:00,payment,71.48,67.05,638.3,4681,9.09,1
2026-06-09 18:33:00,payment,68.33,77.57,754.44,5146,5.34,1
2026-06-09 18:33:00,order,53.55,57.02,422.26,4397,4.99,1
2026-06-09 18:33:00,notification,76.44,79.11,1060.66,6187,12.01,1
2026-06-09 18:36:00,order,50.25,55.52,565.82,4940,5.42,1
2026-06-09 18:36:00,notification,81.04,67.21,966.47,6361,9.9,1
2026-06-09 18:36:00,payment,74.44,65.18,566.79,5963,6.93,1
2026-06-09 18:39:00,notification,65.67,73.35,707.45,4721,9.55,1
2026-06-09 18:39:00,order,55.07,59.41,501.49,5352,3.44,1
2026-06-09 18:39:00,payment,55.96,75.18,724.88,5435,5.88,0
2026-06-09 18:42:00,order,69.79,60.4,523.96,4376,4.58,1
2026-06-09 18:42:00,notification,69.53,75.83,839.38,6241,10.37,1
2026-06-09 18:42:00,payment,71.62,58.6,674.94,5535,7.57,0
2026-06-09 18:45:00,order,48.15,60.26,388.51,3498,4.15,0
2026-06-09 18:45:00,notification,68.92,72.73,824.61,5869,8.84,1
2026-06-09 18:45:00,payment,56.46,64.45,614.86,4703,5.52,1
2026-06-09 18:48:00,order,54.2,57.08,393.38,3525,3.24,0
2026-06-09 18:48:00,payment,62.07,65.78,661.8,5313,7.61,1
2026-06-09 18:48:00,notification,66.89,72.2,799.66,5712,9.11,1
2026-06-09 18:51:00,notification,62.92,68.04,727.45,5664,9.28,1
2026-06-09 18:51:00,order,39.48,57.48,392.75,4483,3.15,0
2026-06-09 18:51:00,payment,70.94,77.94,660.93,5705,6.86,0
2026-06-09 18:54:00,order,54.02,61.98,471.22,4281,4.65,1
2026-06-09 18:54:00,notification,51.14,74.17,635.87,5251,6.9,1
2026-06-09 18:54:00,payment,74.86,71.08,748.94,5320,9.95,1
2026-06-09 18:57:00,payment,63.65,62.35,855.03,6105,9.9,1
2026-06-09 18:57:00,order,53.22,68.04,459.42,4452,5.03,1
2026-06-09 18:57:00,notification,63.19,56.26,611.12,4327,5.6,1
2026-06-09 19:00:00,notification,66.15,72.07,630.63,5117,5.59,1
2026-06-09 19:00:00,payment,64.64,63.83,856.04,5885,8.68,1
2026-06-09 19:00:00,order,56.98,58.77,515.64,3984,4.53,0
2026-06-09 19:03:00,notification,59.16,67.39,607.19,5294,7.27,1
2026-06-09 19:03:00,order,51.8,50.78,280.74,4070,5.1,0
2026-06-09 19:03:00,payment,71.09,67.67,836.62,6156,10.77,1
2026-06-09 19:06:00,order,45.31,55.71,471.79,4077,3.77,0
2026-06-09 19:06:00,payment,68.92,77.01,894.7,5828,8.06,1
2026-06-09 19:06:00,notification,68.18,65.92,810.0,4746,7.23,0
2026-06-09 19:09:00,payment,81.85,82.02,1040.1,7045,12.27,1
2026-06-09 19:09:00,notification,51.1,67.98,586.24,5072,3.86,1
2026-06-09 19:09:00,order,56.13,72.98,535.87,4545,6.8,0
2026-06-09 19:12:00,notification,67.32,64.74,424.6,5140,2.69,1
2026-06-09 19:12:00,order,49.45,63.12,337.51,4297,1.55,0
2026-06-09 19:12:00,payment,91.4,71.47,922.22,5865,10.12,1
2026-06-09 19:15:00,order,45.62,61.43,301.12,4426,3.64,0
2026-06-09 19:15:00,payment,69.54,67.04,632.44,5424,6.1,1
2026-06-09 19:15:00,notification,53.21,57.21,460.93,4660,3.98,0
2026-06-09 19:18:00,order,50.43,63.58,453.65,4583,4.59,1
2026-06-09 19:18:00,payment,62.28,73.09,881.7,6104,6.08,1
2026-06-09 19:18:00,notification,54.83,66.25,542.72,4251,3.29,0
2026-06-09 19:21:00,notification,60.04,60.37,418.81,3684,4.02,0
2026-06-09 19:21:00,payment,58.55,63.55,736.1,5046,6.93,1
2026-06-09 19:21:00,order,60.51,62.74,403.53,5030,6.72,0
2026-06-09 19:24:00,notification,46.45,55.98,393.07,3862,1.9,0
2026-06-09 19:24:00,payment,68.09,74.63,699.73,5207,8.19,1
2026-06-09 19:24:00,order,52.52,59.49,454.38,3879,3.58,0
2026-06-09 19:27:00,order,62.1,67.73,581.99,4665,3.93,1
2026-06-09 19:27:00,payment,60.73,71.1,702.81,5146,7.52,1
2026-06-09 19:27:00,notification,52.9,68.13,503.45,4208,4.37,0
2026-06-09 19:30:00,notification,48.35,60.86,485.79,4350,2.32,1
2026-06-09 19:30:00,order,57.32,67.0,557.36,4493,4.1,1
2026-06-09 19:30:00,payment,70.12,68.67,723.75,5750,8.97,1
2026-06-09 19:33:00,notification,55.07,59.01,362.6,4179,4.51,0
2026-06-09 19:33:00,payment,71.49,73.26,785.05,6266,9.88,1
2026-06-09 19:33:00,order,49.08,65.07,557.57,4710,3.68,1
2026-06-09 19:36:00,order,56.94,59.95,497.92,4189,5.69,1
2026-06-09 19:36:00,notification,48.77,64.48,468.34,4064,3.02,1
2026-06-09 19:36:00,payment,66.03,71.81,803.56,5492,11.17,1
2026-06-09 19:39:00,payment,76.39,70.13,648.08,6016,7.15,1
2026-06-09 19:39:00,order,61.63,62.12,598.92,5061,4.0,1
2026-06-09 19:39:00,notification,58.61,59.11,509.84,3854,4.89,1
2026-06-09 19:42:00,notification,53.83,61.8,508.79,3750,3.29,1
2026-06-09 19:42:00,payment,62.54,63.06,715.41,5566,8.37,1
2026-06-09 19:42:00,order,69.63,59.97,578.58,4145,5.7,0
2026-06-09 19:45:00,payment,67.85,74.16,747.64,5683,8.85,1
2026-06-09 19:45:00,order,55.75,69.15,576.48,5147,5.72,1
2026-06-09 19:45:00,notification,42.62,61.22,411.18,4421,2.71,0
2026-06-09 19:48:00,order,61.75,67.27,724.04,5512,7.43,1
2026-06-09 19:48:00,notification,54.49,52.33,325.0,3074,1.18,0
2026-06-09 19:48:00,payment,72.11,75.98,856.94,5358,9.14,1
2026-06-09 19:51:00,order,66.66,66.82,555.19,4484,6.7,1
2026-06-09 19:51:00,payment,72.34,71.36,837.61,6340,8.67,1
2026-06-09 19:51:00,notification,66.26,59.02,439.93,4298,3.12,1
2026-06-09 19:54:00,order,68.78,67.75,602.95,4791,6.96,0
2026-06-09 19:54:00,payment,73.59,71.87,716.73,5385,8.86,0
2026-06-09 19:54:00,notification,52.05,59.57,370.65,4335,6.44,0
2026-06-09 19:57:00,order,57.88,58.29,627.61,5474,6.75,1
2026-06-09 19:57:00,notification,60.55,74.04,590.4,5468,6.78,1
2026-06-09 19:57:00,payment,66.79,66.86,678.67,4728,8.17,1
2026-06-09 20:00:00,notification,54.91,58.87,669.85,5014,5.51,1
2026-06-09 20:00:00,order,58.73,67.98,480.54,5328,6.84,1
2026-06-09 20:00:00,payment,70.92,72.2,624.04,6287,7.85,0
2026-06-09 20:03:00,order,68.83,62.96,695.78,4468,4.51,1
2026-06-09 20:03:00,payment,59.35,67.0,658.31,5325,8.55,1
2026-06-09 20:03:00,notification,60.37,66.35,741.51,4379,6.2,1
2026-06-09 20:06:00,notification,64.22,68.85,471.42,5186,4.26,1
2026-06-09 20:06:00,order,61.54,60.3,515.22,4793,3.3,1
2026-06-09 20:06:00,payment,65.47,58.07,573.85,5122,5.57,1
2026-06-09 20:09:00,order,63.87,57.69,527.73,4817,4.78,0
2026-06-09 20:09:00,payment,61.97,65.02,461.23,5108,3.73,0
2026-06-09 20:09:00,notification,54.43,56.63,512.79,4729,4.25,1
2026-06-09 20:12:00,payment,63.47,50.93,448.88,4449,3.33,0
2026-06-09 20:12:00,order,66.33,63.65,637.5,4728,5.42,1
2026-06-09 20:12:00,notification,51.3,61.61,509.85,4526,4.07,0
2026-06-09 20:15:00,payment,45.07,61.1,458.95,4667,3.92,1
2026-06-09 20:15:00,notification,61.69,65.0,515.24,3604,4.96,1
2026-06-09 20:15:00,order,59.24,60.06,472.68,4943,3.06,1
2026-06-09 20:18:00,payment,49.55,57.69,375.28,4290,2.73,0
2026-06-09 20:18:00,notification,53.04,60.16,454.25,4415,4.78,0
2026-06-09 20:18:00,order,58.91,55.24,513.38,4378,5.59,1
2026-06-09 20:21:00,notification,53.02,62.41,469.2,4216,5.56,0
2026-06-09 20:21:00,payment,60.47,57.83,522.38,4620,3.44,0
2026-06-09 20:21:00,order,54.04,53.26,515.35,4433,3.36,0
2026-06-09 20:24:00,order,59.54,63.69,527.93,4652,5.57,1
2026-06-09 20:24:00,notification,56.15,60.81,504.29,4503,4.28,0
2026-06-09 20:24:00,payment,40.81,61.93,466.01,4440,3.15,0
2026-06-09 20:27:00,notification,47.25,57.26,514.76,3799,4.09,0
2026-06-09 20:27:00,order,60.57,69.31,582.8,5082,6.09,0
2026-06-09 20:27:00,payment,57.72,55.87,533.97,4236,4.38,0
2026-06-09 20:30:00,notification,53.2,60.6,532.67,4663,6.77,0
2026-06-09 20:30:00,payment,64.89,65.17,548.43,4697,5.5,1
2026-06-09 20:30:00,order,67.34,67.56,555.85,4715,6.28,1
2026-06-09 20:33:00,notification,64.3,54.91,424.59,4390,2.27,0
2026-06-09 20:33:00,payment,53.75,61.77,608.65,4348,2.54,1
2026-06-09 20:33:00,order,60.94,68.75,563.76,5143,4.9,0
2026-06-09 20:36:00,order,60.84,62.62,636.58,4639,6.91,1
2026-06-09 20:36:00,payment,53.06,57.07,523.67,4539,3.42,0
2026-06-09 20:36:00,notification,54.57,48.02,379.54,3531,2.5,0
2026-06-09 20:39:00,order,58.18,65.58,733.31,5187,9.06,1
2026-06-09 20:39:00,payment,50.22,67.71,490.77,4648,6.69,0
2026-06-09 20:39:00,notification,59.3,67.47,477.65,4436,5.57,1
2026-06-09 20:42:00,payment,48.35,57.66,320.71,4217,3.89,0
2026-06-09 20:42:00,notification,59.0,62.15,448.75,3870,3.56,1
2026-06-09 20:42:00,order,70.06,65.69,604.12,5214,8.39,1
2026-06-09 20:45:00,notification,59.87,58.72,385.86,5050,6.59,1
2026-06-09 20:45:00,payment,46.83,58.35,289.33,3963,3.3,0
2026-06-09 20:45:00,order,56.53,68.82,590.1,4618,8.1,1
2026-06-09 20:48:00,payment,48.83,64.94,425.48,4845,2.69,0
2026-06-09 20:48:00,order,57.8,71.49,632.3,5182,6.66,1
2026-06-09 20:48:00,notification,55.36,59.69,431.55,4152,3.8,0
2026-06-09 20:51:00,notification,55.78,58.58,425.88,4311,5.15,0
2026-06-09 20:51:00,payment,44.08,61.12,316.95,3991,2.84,0
2026-06-09 20:51:00,order,66.97,60.79,434.55,5007,5.99,1
2026-06-09 20:54:00,notification,55.2,54.23,467.29,3720,5.57,0
2026-06-09 20:54:00,payment,50.53,60.11,342.34,3880,3.28,0
2026-06-09 20:54:00,order,60.64,58.56,432.23,4586,3.22,0
2026-06-09 20:57:00,notification,46.65,53.08,415.32,3290,2.94,0
2026-06-09 20:57:00,payment,54.57,59.17,517.79,4586,3.43,0
2026-06-09 20:57:00,order,48.93,58.95,338.74,3777,3.09,0
2026-06-09 21:00:00,notification,55.35,48.72,213.15,4076,2.78,0
2026-06-09 21:00:00,order,44.8,55.14,506.64,4507,4.23,0
2026-06-09 21:00:00,payment,66.09,52.34,437.59,4818,3.4,1
2026-06-09 21:03:00,notification,36.36,55.97,334.78,3930,3.11,0
2026-06-09 21:03:00,payment,52.98,60.94,496.84,3926,3.56,1
2026-06-09 21:03:00,order,48.04,51.85,368.15,2931,0.51,0
2026-06-09 21:06:00,order,48.45,56.37,342.84,4253,4.83,0
2026-06-09 21:06:00,notification,43.61,42.29,167.67,3034,0.0,0
2026-06-09 21:06:00,payment,59.97,67.54,448.79,5387,3.09,1
2026-06-09 21:09:00,order,43.31,53.22,374.74,4036,2.56,0
2026-06-09 21:09:00,notification,49.91,50.71,266.18,4362,3.3,1
2026-06-09 21:09:00,payment,52.47,62.17,519.94,4059,2.7,0
2026-06-09 21:12:00,payment,54.17,44.68,532.61,4920,4.57,0
2026-06-09 21:12:00,order,45.76,59.25,291.52,4050,2.23,0
2026-06-09 21:12:00,notification,53.06,48.51,260.55,3848,2.63,1
2026-06-09 21:15:00,order,33.75,62.96,459.53,3692,3.79,1
2026-06-09 21:15:00,notification,48.74,61.42,244.24,4316,3.27,0
2026-06-09 21:15:00,payment,44.97,64.13,515.01,4293,3.07,0
2026-06-09 21:18:00,order,55.36,53.91,196.78,3780,3.13,1
2026-06-09 21:18:00,payment,44.12,63.05,465.46,4092,3.28,0
2026-06-09 21:18:00,notification,51.3,54.05,267.47,3664,2.87,0
2026-06-09 21:21:00,order,55.49,64.07,363.51,4080,2.4,1
2026-06-09 21:21:00,notification,47.24,53.28,225.29,3706,0.0,1
2026-06-09 21:21:00,payment,44.06,54.98,355.34,3349,1.17,0
2026-06-09 21:24:00,notification,59.65,49.4,305.87,3407,3.22,0
2026-06-09 21:24:00,payment,53.43,62.3,371.31,4344,4.3,0
2026-06-09 21:24:00,order,55.25,52.13,275.01,3407,1.07,0
2026-06-09 21:27:00,order,46.88,47.46,185.76,3274,0.01,0
2026-06-09 21:27:00,notification,46.57,63.04,362.45,3476,3.56,0
2026-06-09 21:27:00,payment,61.77,63.02,552.73,3787,6.61,1
2026-06-09 21:30:00,notification,49.26,47.48,295.68,3500,1.25,0
2026-06-09 21:30:00,order,39.41,52.13,195.37,3001,0.0,0
2026-06-09 21:30:00,payment,43.62,55.63,406.51,3621,5.08,1
2026-06-09 21:33:00,notification,42.71,48.0,240.39,3029,2.38,0
2026-06-09 21:33:00,order,47.37,43.34,102.18,3686,3.05,0
2026-06-09 21:33:00,payment,47.37,62.31,393.11,4266,4.31,0
2026-06-09 21:36:00,notification,49.18,42.04,247.79,2157,1.81,0
2026-06-09 21:36:00,order,36.73,50.83,289.98,2138,1.0,0
2026-06-09 21:36:00,payment,39.82,47.37,277.01,4233,3.15,0
2026-06-09 21:39:00,order,31.9,48.07,184.59,3179,0.06,0
2026-06-09 21:39:00,payment,48.01,54.76,216.25,3420,3.04,1
2026-06-09 21:39:00,notification,41.62,48.66,158.07,3316,0.8,0
2026-06-09 21:42:00,order,42.71,47.95,285.58,3244,2.53,0
2026-06-09 21:42:00,payment,61.14,58.56,357.9,4636,4.05,0
2026-06-09 21:42:00,notification,37.49,48.4,233.97,2848,2.83,0
2026-06-09 21:45:00,notification,49.47,44.87,398.4,3163,1.71,0
2026-06-09 21:45:00,order,52.02,52.46,298.21,3837,1.77,0
2026-06-09 21:45:00,payment,52.54,55.67,467.98,4611,2.99,1
2026-06-09 21:48:00,notification,43.08,48.3,332.66,4196,2.03,1
2026-06-09 21:48:00,order,47.1,52.69,454.52,3456,2.34,1
2026-06-09 21:48:00,payment,53.34,59.97,450.54,4085,4.49,0
2026-06-09 21:51:00,notification,53.38,51.74,412.95,4037,4.13,1
2026-06-09 21:51:00,payment,63.99,66.39,469.06,4831,4.86,0
2026-06-09 21:51:00,order,44.1,60.87,344.86,4255,4.32,0
2026-06-09 21:54:00,notification,58.95,52.23,400.41,4753,2.97,0
2026-06-09 21:54:00,order,48.54,55.15,419.74,3411,3.93,1
2026-06-09 21:54:00,payment,56.76,65.02,485.5,4097,3.21,1
2026-06-09 21:57:00,payment,48.01,61.18,409.7,4215,4.03,0
2026-06-09 21:57:00,order,53.33,57.67,385.89,4434,3.21,0
2026-06-09 21:57:00,notification,39.82,52.14,464.86,3330,2.29,1
2026-06-09 22:00:00,payment,50.78,46.76,285.76,3210,1.93,1
2026-06-09 22:00:00,notification,44.71,63.73,282.95,3370,1.34,0
2026-06-09 22:00:00,order,48.41,54.72,320.14,3457,1.99,0
2026-06-09 22:03:00,notification,64.2,58.4,387.14,4024,3.23,1
2026-06-09 22:03:00,order,68.76,56.82,453.93,4659,3.77,0
2026-06-09 22:03:00,payment,48.66,51.78,444.15,3637,2.91,0
2026-06-09 22:06:00,order,57.0,63.63,756.44,4311,5.54,0
2026-06-09 22:06:00,payment,49.1,53.32,285.98,3830,3.06,1
2026-06-09 22:06:00,notification,50.19,51.11,186.3,3646,2.17,0
2026-06-09 22:09:00,order,57.41,60.4,325.29,3692,3.79,1
2026-06-09 22:09:00,notification,41.3,52.46,265.02,3648,2.57,0
2026-06-09 22:09:00,payment,52.34,54.58,287.14,3870,3.16,0
2026-06-09 22:12:00,order,47.59,61.39,460.93,4390,5.85,0
2026-06-09 22:12:00,notification,49.52,46.46,358.76,3987,3.75,0
2026-06-09 22:12:00,payment,40.02,51.39,331.74,3482,2.16,0
2026-06-09 22:15:00,payment,48.52,62.77,295.3,4221,1.87,0
2026-06-09 22:15:00,order,57.37,57.7,335.68,3870,2.52,0
2026-06-09 22:15:00,notification,37.54,46.86,307.35,5046,3.36,0
2026-06-09 22:18:00,order,49.85,52.17,412.21,3940,3.1,0
2026-06-09 22:18:00,notification,50.76,50.91,396.3,3060,2.91,0
2026-06-09 22:18:00,payment,51.58,57.85,344.01,4735,3.54,0
2026-06-09 22:21:00,payment,53.37,58.19,326.8,3917,0.63,0
2026-06-09 22:21:00,order,52.93,54.89,408.36,4748,4.17,1
2026-06-09 22:21:00,notification,50.42,47.39,314.88,3276,3.95,0
2026-06-09 22:24:00,notification,45.39,56.21,296.68,3450,1.26,1
2026-06-09 22:24:00,payment,53.31,58.91,389.96,2968,1.55,0
2026-06-09 22:24:00,order,66.69,59.41,591.44,4237,3.79,0
2026-06-09 22:27:00,order,54.07,60.79,453.19,4500,5.54,0
2026-06-09 22:27:00,notification,43.21,62.88,356.03,4262,2.93,0
2026-06-09 22:27:00,payment,51.09,54.16,386.25,3494,0.92,0
2026-06-09 22:30:00,notification,58.26,57.62,198.65,3375,3.4,0
2026-06-09 22:30:00,payment,47.72,67.95,338.22,3348,2.72,1
2026-06-09 22:30:00,order,48.55,52.1,528.05,5077,6.04,0
2026-06-09 22:33:00,payment,54.02,49.34,310.19,3595,3.78,1
2026-06-09 22:33:00,order,50.7,64.93,375.47,4667,4.86,0
2026-06-09 22:33:00,notification,51.37,54.27,455.19,4083,5.87,0
2026-06-09 22:36:00,payment,39.27,47.7,157.71,2764,2.34,0
2026-06-09 22:36:00,order,60.08,64.64,545.28,5176,5.69,0
2026-06-09 22:36:00,notification,38.56,55.36,313.38,3556,2.96,0
2026-06-09 22:39:00,payment,35.08,44.75,325.63,2498,0.93,0
2026-06-09 22:39:00,notification,48.72,57.7,302.76,3909,2.28,0
2026-06-09 22:39:00,order,59.66,60.04,481.41,4937,4.95,1
2026-06-09 22:42:00,notification,53.24,54.17,206.94,3310,2.08,0
2026-06-09 22:42:00,order,60.62,59.4,600.89,5245,5.25,1
2026-06-09 22:42:00,payment,28.13,60.91,349.77,2534,1.41,0
2026-06-09 22:45:00,notification,57.34,60.84,321.97,3801,2.4,0
2026-06-09 22:45:00,order,49.27,57.86,553.87,4476,6.13,1
2026-06-09 22:45:00,payment,47.38,57.53,341.13,3560,1.45,1
2026-06-09 22:48:00,payment,44.25,51.97,183.96,2723,5.03,0
2026-06-09 22:48:00,order,63.46,49.87,324.63,4125,2.09,0
2026-06-09 22:48:00,notification,31.16,47.14,297.73,3932,1.46,1
2026-06-09 22:51:00,payment,50.88,49.79,310.62,3440,2.57,1
2026-06-09 22:51:00,order,64.51,58.53,487.64,5091,5.22,0
2026-06-09 22:51:00,notification,43.95,55.26,368.72,3466,2.61,0
2026-06-09 22:54:00,payment,35.04,59.65,272.75,3670,2.42,0
2026-06-09 22:54:00,notification,44.87,52.68,193.51,3801,4.35,0
2026-06-09 22:54:00,order,52.81,56.2,353.56,3837,2.68,0
2026-06-09 22:57:00,order,41.05,60.12,341.62,3938,1.83,0
2026-06-09 22:57:00,payment,47.65,58.49,406.15,3607,0.62,0
2026-06-09 22:57:00,notification,43.61,47.44,281.82,2633,0.0,0
2026-06-09 23:00:00,notification,38.69,44.94,312.44,3480,0.0,0
2026-06-09 23:00:00,order,58.62,57.01,343.89,3385,3.83,0
2026-06-09 23:00:00,payment,53.47,62.98,320.68,3366,1.53,0
2026-06-09 23:03:00,notification,52.82,47.66,274.33,3405,0.88,0
2026-06-09 23:03:00,payment,43.03,54.42,307.04,3618,2.58,0
2026-06-09 23:03:00,order,54.57,59.72,235.03,3924,3.18,1
2026-06-09 23:06:00,notification,57.39,63.37,432.41,3261,2.1,0
2026-06-09 23:06:00,order,46.62,52.56,206.6,2653,1.24,0
2026-06-09 23:06:00,payment,54.44,59.62,411.25,3612,2.66,0
2026-06-09 23:09:00,order,54.79,48.8,344.66,3374,2.11,0
2026-06-09 23:09:00,payment,46.25,56.54,281.54,3761,2.88,0
2026-06-09 23:09:00,notification,48.34,62.74,433.47,4490,2.24,0
2026-06-09 23:12:00,payment,47.69,50.47,263.08,3089,2.51,0
2026-06-09 23:12:00,order,46.0,63.21,275.88,4042,2.44,0
2026-06-09 23:12:00,notification,52.85,52.33,322.32,3657,2.57,0
2026-06-09 23:15:00,notification,58.9,49.74,428.03,3866,2.53,0
2026-06-09 23:15:00,payment,51.56,52.96,310.96,3472,3.11,0
2026-06-09 23:15:00,order,44.73,54.21,421.66,3743,3.2,0
2026-06-09 23:18:00,notification,61.42,56.21,200.04,3672,3.52,1
2026-06-09 23:18:00,payment,53.76,47.81,380.58,3381,0.16,0
2026-06-09 23:18:00,order,52.56,49.03,260.34,3209,2.58,0
2026-06-09 23:21:00,notification,55.67,54.43,364.85,4418,1.53,0
2026-06-09 23:21:00,payment,49.31,56.8,361.17,3591,1.22,0
2026-06-09 23:21:00,order,40.72,56.51,392.22,3446,4.9,0
2026-06-09 23:24:00,notification,48.99,49.1,337.43,4607,1.9,0
2026-06-09 23:24:00,order,42.0,46.31,311.65,3333,1.19,0
2026-06-09 23:24:00,payment,49.22,62.66,483.24,4826,3.67,1
2026-06-09 23:27:00,order,54.75,56.22,358.63,4541,1.32,0
2026-06-09 23:27:00,payment,51.33,63.78,421.92,4249,3.0,0
2026-06-09 23:27:00,notification,59.51,71.41,380.89,3789,2.19,0
2026-06-09 23:30:00,payment,50.8,56.16,372.06,3607,1.83,0
2026-06-09 23:30:00,notification,54.92,66.94,327.73,3916,5.6,0
2026-06-09 23:30:00,order,51.05,52.68,337.14,4025,2.58,0
2026-06-09 23:33:00,order,39.66,56.27,211.97,3887,0.0,0
2026-06-09 23:33:00,payment,41.85,53.03,194.61,3262,2.52,0
2026-06-09 23:33:00,notification,41.98,47.0,292.43,4101,3.71,0
2026-06-09 23:36:00,order,47.9,60.45,409.56,3296,1.95,0
2026-06-09 23:36:00,notification,50.58,59.92,284.91,4347,2.62,1
2026-06-09 23:36:00,payment,46.99,61.5,421.82,3610,1.51,0
2026-06-09 23:39:00,order,41.9,53.7,308.25,3744,2.03,0
2026-06-09 23:39:00,notification,54.23,57.65,341.1,4064,3.25,0
2026-06-09 23:39:00,payment,45.81,58.26,430.85,3419,2.65,0
2026-06-09 23:42:00,notification,49.94,59.0,350.3,3784,3.59,0
2026-06-09 23:42:00,payment,48.09,61.23,339.28,3603,3.19,0
2026-06-09 23:42:00,order,45.35,51.95,254.3,4187,2.47,1
2026-06-09 23:45:00,order,43.31,56.55,410.78,3774,1.95,0
2026-06-09 23:45:00,notification,53.04,48.66,283.79,3385,3.18,0
2026-06-09 23:45:00,payment,42.42,61.35,357.68,3825,2.56,0
2026-06-09 23:48:00,notification,47.91,58.15,372.53,3600,1.33,0
2026-06-09 23:48:00,payment,37.09,53.23,300.71,3336,3.3,0
2026-06-09 23:48:00,order,55.87,51.48,313.05,3538,3.07,0
2026-06-09 23:51:00,notification,47.82,65.11,305.21,3056,2.17,0
2026-06-09 23:51:00,order,50.14,56.62,304.36,4181,2.11,0
2026-06-09 23:51:00,payment,52.81,57.06,317.15,3538,0.13,0
2026-06-09 23:54:00,order,49.69,59.06,406.29,3360,2.61,0
2026-06-09 23:54:00,notification,48.47,58.99,259.0,3769,3.43,0
2026-06-09 23:54:00,payment,53.73,57.52,261.87,3314,1.68,0
2026-06-09 23:57:00,payment,34.64,45.74,254.1,3032,2.99,0
2026-06-09 23:57:00,order,45.19,49.36,307.63,3143,3.0,1
2026-06-09 23:57:00,notification,44.89,53.12,194.47,2595,0.88,0
2026-06-10 00:00:00,payment,55.76,52.75,439.95,4181,2.61,0
2026-06-10 00:00:00,notification,33.78,37.08,189.97,2842,1.26,0
2026-06-10 00:00:00,order,37.82,52.31,362.52,2796,0.0,0
2026-06-10 00:03:00,order,46.86,53.73,295.17,3431,2.79,0
2026-06-10 00:03:00,notification,54.01,53.46,245.86,2956,2.95,0
2026-06-10 00:03:00,payment,57.23,49.51,374.68,3664,1.77,0
2026-06-10 00:06:00,payment,54.04,55.24,463.45,4379,2.76,0
2026-06-10 00:06:00,order,47.94,57.84,308.97,3469,0.0,0
2026-06-10 00:06:00,notification,44.18,49.34,150.77,3107,4.03,0
2026-06-10 00:09:00,payment,43.57,50.4,273.66,4379,2.01,0
2026-06-10 00:09:00,notification,45.8,47.75,234.33,3003,3.17,0
2026-06-10 00:09:00,order,45.18,44.08,356.49,2695,1.67,0
2026-06-10 00:12:00,notification,51.3,54.75,373.76,3345,1.54,0
2026-06-10 00:12:00,payment,40.86,45.27,185.54,3129,1.47,0
2026-06-10 00:12:00,order,50.24,51.33,222.42,3292,2.66,0
2026-06-10 00:15:00,notification,47.37,53.11,316.04,3092,1.52,0
2026-06-10 00:15:00,payment,44.66,51.2,337.49,3220,3.93,0
2026-06-10 00:15:00,order,53.9,61.69,297.88,3355,3.06,0
2026-06-10 00:18:00,notification,54.67,54.6,208.81,3280,3.46,0
2026-06-10 00:18:00,payment,44.92,49.35,155.16,3439,1.95,0
2026-06-10 00:18:00,order,59.52,57.14,175.6,3118,1.34,1
2026-06-10 00:21:00,notification,53.63,46.38,221.09,3440,1.47,0
2026-06-10 00:21:00,payment,47.25,58.48,243.71,3266,1.06,1
2026-06-10 00:21:00,order,37.22,48.93,259.1,2685,2.0,1
2026-06-10 00:24:00,order,47.63,51.83,277.59,3840,0.93,0
2026-06-10 00:24:00,notification,55.51,57.08,371.57,3400,4.23,0
2026-06-10 00:24:00,payment,46.84,63.69,314.54,3109,0.65,1
2026-06-10 00:27:00,notification,66.27,64.32,391.09,3668,5.19,1
2026-06-10 00:27:00,order,47.33,53.66,330.59,2961,3.55,1
2026-06-10 00:27:00,payment,42.74,57.02,346.38,4343,3.13,0
2026-06-10 00:30:00,notification,52.56,57.21,333.7,3655,3.88,0
2026-06-10 00:30:00,payment,46.79,47.04,153.32,3386,0.62,0
2026-06-10 00:30:00,order,44.99,55.17,279.42,3317,3.18,0
2026-06-10 00:33:00,order,41.98,58.7,257.95,3085,0.84,0
2026-06-10 00:33:00,notification,42.26,48.02,209.89,3761,4.48,0
2026-06-10 00:33:00,payment,52.22,58.11,279.53,3793,5.26,0
2026-06-10 00:36:00,order,50.4,58.85,301.18,3597,3.93,1
2026-06-10 00:36:00,payment,47.09,51.95,175.84,3867,2.51,0
2026-06-10 00:36:00,notification,52.24,54.87,316.04,3484,0.99,0
2026-06-10 00:39:00,notification,49.42,54.6,321.76,3604,0.0,1
2026-06-10 00:39:00,order,46.13,43.16,218.29,4069,1.88,0
2026-06-10 00:39:00,payment,50.63,54.16,372.18,4035,3.47,0
2026-06-10 00:42:00,notification,57.77,44.58,299.34,3687,1.74,0
2026-06-10 00:42:00,payment,62.19,52.86,447.75,3939,3.59,0
2026-06-10 00:42:00,order,39.25,43.66,281.86,4387,0.59,0
2026-06-10 00:45:00,payment,49.03,55.41,317.06,3638,4.8,1
2026-06-10 00:45:00,notification,51.67,54.54,246.53,3448,2.24,0
2026-06-10 00:45:00,order,29.47,44.42,201.25,2613,2.58,0
2026-06-10 00:48:00,notification,49.11,54.01,375.09,3746,1.35,0
2026-06-10 00:48:00,payment,57.29,54.16,387.92,3491,0.0,0
2026-06-10 00:48:00,order,40.64,40.7,262.95,3227,3.6,0
2026-06-10 00:51:00,notification,55.77,47.53,399.3,3252,1.87,0
2026-06-10 00:51:00,payment,45.12,59.0,382.53,4161,1.26,1
2026-06-10 00:51:00,order,39.89,56.81,221.74,3482,1.37,0
2026-06-10 00:54:00,notification,39.39,64.51,269.54,4429,2.52,0
2026-06-10 00:54:00,payment,54.49,56.11,257.09,3770,3.6,1
2026-06-10 00:54:00,order,49.07,44.05,290.92,3763,2.37,0
2026-06-10 00:57:00,notification,51.3,55.6,318.75,3591,1.92,0
2026-06-10 00:57:00,payment,55.09,62.56,175.21,3407,4.13,0
2026-06-10 00:57:00,order,40.66,50.68,306.75,3596,2.04,0
2026-06-10 01:00:00,payment,45.08,56.08,215.65,4096,0.69,0
2026-06-10 01:00:00,order,40.72,44.08,186.83,3309,2.07,0
2026-06-10 01:00:00,notification,51.47,52.7,234.84,3485,3.4,1
2026-06-10 01:03:00,payment,51.42,50.28,166.48,2747,0.0,0
2026-06-10 01:03:00,order,35.78,44.08,261.88,3487,2.98,0
2026-06-10 01:03:00,notification,37.52,47.29,284.96,3347,1.96,0
2026-06-10 01:06:00,notification,48.39,53.95,264.49,3932,1.61,0
2026-06-10 01:06:00,payment,47.91,49.7,344.98,3597,2.07,0
2026-06-10 01:06:00,order,37.62,58.69,270.86,3168,3.37,0
2026-06-10 01:09:00,notification,43.12,55.02,224.81,3584,3.36,0
2026-06-10 01:09:00,payment,39.79,46.01,244.8,3286,2.44,0
2026-06-10 01:09:00,order,44.17,51.48,239.74,4060,0.33,0
2026-06-10 01:12:00,notification,43.68,58.9,185.81,3588,5.5,0
2026-06-10 01:12:00,payment,41.72,47.43,175.51,3854,1.86,1
2026-06-10 01:12:00,order,44.82,61.81,242.51,3411,1.46,0
2026-06-10 01:15:00,notification,48.99,49.25,303.21,3060,2.16,0
2026-06-10 01:15:00,order,42.01,59.81,327.13,3554,3.35,0
2026-06-10 01:15:00,payment,49.64,45.83,229.16,3261,1.45,0
2026-06-10 01:18:00,notification,42.72,47.71,287.58,3181,1.93,0
2026-06-10 01:18:00,payment,49.81,37.73,162.61,3132,0.0,0
2026-06-10 01:18:00,order,44.27,49.79,278.81,2499,0.76,0
2026-06-10 01:21:00,payment,35.88,43.77,242.99,2822,0.98,0
2026-06-10 01:21:00,notification,49.37,55.6,539.52,2770,0.97,0
2026-06-10 01:21:00,order,34.0,40.01,259.68,2820,2.14,0
2026-06-10 01:24:00,notification,40.68,51.77,355.68,3657,1.73,0
2026-06-10 01:24:00,order,40.76,46.96,149.01,2741,0.31,0
2026-06-10 01:24:00,payment,36.11,52.35,94.1,2319,0.55,0
2026-06-10 01:27:00,order,54.46,71.62,512.82,4574,5.03,1
2026-06-10 01:27:00,notification,49.04,61.63,372.21,3885,0.89,0
2026-06-10 01:27:00,payment,40.6,48.24,127.76,2297,0.42,0
2026-06-10 01:30:00,order,47.12,62.44,568.32,5096,4.3,0
2026-06-10 01:30:00,payment,38.69,46.51,228.28,2294,0.0,0
2026-06-10 01:30:00,notification,47.87,53.33,141.82,2806,2.6,0
2026-06-10 01:33:00,payment,56.01,50.5,312.44,2978,2.08,0
2026-06-10 01:33:00,notification,35.8,51.83,222.24,2507,3.63,0
2026-06-10 01:33:00,order,59.18,61.16,540.68,4904,5.57,1
2026-06-10 01:36:00,order,42.38,56.89,447.51,4260,4.61,0
2026-06-10 01:36:00,payment,40.91,36.74,311.02,2387,2.13,0
2026-06-10 01:36:00,notification,39.96,45.87,83.6,2401,0.36,0
2026-06-10 01:39:00,notification,42.83,52.04,264.28,2823,0.98,1
2026-06-10 01:39:00,order,50.92,64.08,387.53,3898,2.35,1
2026-06-10 01:39:00,payment,40.35,48.94,130.8,2517,0.28,0
2026-06-10 01:42:00,order,60.76,62.34,461.57,4900,6.83,0
2026-06-10 01:42:00,payment,44.85,51.37,124.33,2371,0.67,0
2026-06-10 01:42:00,notification,44.6,46.02,231.58,2691,2.53,0
2026-06-10 01:45:00,payment,34.09,43.17,177.56,2274,0.17,0
2026-06-10 01:45:00,order,38.39,58.28,339.63,4067,1.63,0
2026-06-10 01:45:00,notification,49.77,51.2,326.84,3124,0.82,0
2026-06-10 01:48:00,notification,39.37,55.21,189.78,3247,0.0,0
2026-06-10 01:48:00,payment,41.84,34.5,212.41,2203,0.14,0
2026-06-10 01:48:00,order,53.16,60.33,307.64,2378,5.6,0
2026-06-10 01:51:00,payment,29.51,44.45,49.41,3297,1.68,0
2026-06-10 01:51:00,notification,45.24,53.36,322.33,3477,3.75,1
2026-06-10 01:51:00,order,44.2,61.81,435.78,4297,0.48,0
2026-06-10 01:54:00,payment,36.83,52.94,184.83,2870,1.71,0
2026-06-10 01:54:00,notification,61.31,63.81,406.81,3866,1.93,0
2026-06-10 01:54:00,order,46.31,57.44,385.67,3884,2.85,0
2026-06-10 01:57:00,order,55.77,45.19,267.52,2604,0.57,0
2026-06-10 01:57:00,notification,56.34,63.73,365.7,3516,3.05,0
2026-06-10 01:57:00,payment,45.65,47.67,148.17,3427,2.36,0
2026-06-10 02:00:00,notification,43.92,60.81,377.01,3076,2.56,0
2026-06-10 02:00:00,payment,54.85,44.43,142.2,3063,3.19,0
2026-06-10 02:00:00,order,41.73,46.66,263.78,3514,3.87,0
2026-06-10 02:03:00,payment,41.79,64.2,193.17,3660,1.89,0
2026-06-10 02:03:00,order,52.07,45.86,213.89,2965,0.24,0
2026-06-10 02:03:00,notification,48.73,55.2,353.95,3407,2.15,0
2026-06-10 02:06:00,order,36.0,44.9,135.38,1915,0.0,0
2026-06-10 02:06:00,payment,41.91,46.79,252.73,3281,5.66,0
2026-06-10 02:06:00,notification,53.23,51.34,401.79,4031,3.67,0
2026-06-10 02:09:00,notification,58.2,52.84,425.12,3360,1.62,0
2026-06-10 02:09:00,order,34.14,49.89,52.19,2913,0.68,0
2026-06-10 02:09:00,payment,49.51,50.87,271.65,3086,3.9,0
2026-06-10 02:12:00,order,41.53,54.2,198.02,2470,2.5,1
2026-06-10 02:12:00,notification,51.18,57.48,344.09,3590,3.05,0
2026-06-10 02:12:00,payment,40.8,45.58,304.69,4000,0.99,0
2026-06-10 02:15:00,order,42.92,48.59,251.66,2443,2.58,0
2026-06-10 02:15:00,notification,57.54,61.02,395.82,3821,3.0,1
2026-06-10 02:15:00,payment,37.46,40.96,195.63,2247,1.19,0
2026-06-10 02:18:00,payment,47.9,46.89,274.37,2045,0.0,1
2026-06-10 02:18:00,order,48.08,55.73,248.81,3131,1.96,0
2026-06-10 02:18:00,notification,53.26,55.65,329.47,3248,2.99,0
2026-06-10 02:21:00,payment,41.05,53.75,242.52,2835,1.77,0
2026-06-10 02:21:00,notification,52.55,54.66,317.85,4330,2.31,0
2026-06-10 02:21:00,order,44.1,45.19,241.52,3338,1.8,0
2026-06-10 02:24:00,payment,32.32,56.85,195.65,2293,3.72,0
2026-06-10 02:24:00,order,34.13,47.71,282.8,2979,2.23,1
2026-06-10 02:24:00,notification,43.8,58.24,383.56,4547,3.69,0
2026-06-10 02:27:00,notification,45.55,47.29,336.3,3745,3.48,0
2026-06-10 02:27:00,order,34.74,47.33,192.89,3308,1.58,0
2026-06-10 02:27:00,payment,36.24,48.42,226.02,2709,5.04,0
2026-06-10 02:30:00,order,53.81,48.76,182.18,3216,2.11,0
2026-06-10 02:30:00,notification,56.32,51.23,229.55,3105,2.35,0
2026-06-10 02:30:00,payment,46.33,47.17,312.44,2985,1.92,0
2026-06-10 02:33:00,notification,49.11,49.24,283.13,3381,1.27,0
2026-06-10 02:33:00,payment,31.02,51.18,273.67,2904,1.83,0
2026-06-10 02:33:00,order,58.83,57.13,283.95,3438,2.35,0
2026-06-10 02:36:00,payment,39.47,50.52,190.82,1968,2.03,0
2026-06-10 02:36:00,order,51.46,53.71,429.82,3887,3.69,0
2026-06-10 02:36:00,notification,42.02,52.21,194.81,3147,0.43,0
2026-06-10 02:39:00,payment,30.68,47.31,118.14,3027,3.41,0
2026-06-10 02:39:00,notification,41.08,53.94,207.77,3696,1.57,0
2026-06-10 02:39:00,order,40.85,47.17,332.86,3736,3.68,1
2026-06-10 02:42:00,payment,54.55,52.29,266.84,2410,0.62,0
2026-06-10 02:42:00,order,46.31,60.39,314.53,3805,4.84,0
2026-06-10 02:42:00,notification,39.0,40.13,227.5,2782,2.77,0
2026-06-10 02:45:00,order,47.21,63.21,349.1,4533,2.53,0
2026-06-10 02:45:00,payment,60.2,52.46,314.74,3378,5.43,1
2026-06-10 02:45:00,notification,41.91,44.99,294.84,3539,2.1,0
2026-06-10 02:48:00,notification,50.85,54.87,106.91,2824,3.53,0
2026-06-10 02:48:00,order,44.84,55.28,233.45,3360,1.65,0
2026-06-10 02:48:00,payment,34.98,48.54,274.61,2667,0.93,0
2026-06-10 02:51:00,payment,39.67,44.43,123.66,2782,0.0,0
2026-06-10 02:51:00,notification,44.37,52.75,264.84,2540,1.73,0
2026-06-10 02:51:00,order,37.35,48.33,138.78,2889,1.38,0
2026-06-10 02:54:00,payment,33.25,51.43,133.55,2687,0.65,0
2026-06-10 02:54:00,notification,50.45,57.41,269.53,2826,4.8,0
2026-06-10 02:54:00,order,51.77,49.74,295.05,3279,2.28,1
2026-06-10 02:57:00,notification,62.61,50.73,286.78,3528,0.05,0
2026-06-10 02:57:00,order,49.66,49.65,218.31,3975,3.46,0
2026-06-10 02:57:00,payment,37.02,57.11,217.54,3007,0.05,0
2026-06-10 03:00:00,notification,48.49,50.76,343.29,3177,1.69,0
2026-06-10 03:00:00,order,58.76,60.13,298.35,2977,1.39,1
2026-06-10 03:00:00,payment,47.37,44.9,124.58,2137,1.29,0
2026-06-10 03:03:00,notification,39.35,46.51,204.64,3250,0.66,0
2026-06-10 03:03:00,order,39.23,44.5,219.35,2489,2.86,0
2026-06-10 03:03:00,payment,40.28,49.49,196.48,2799,0.0,1
2026-06-10 03:06:00,order,47.51,62.32,293.93,3618,1.73,0
2026-06-10 03:06:00,payment,42.67,51.92,317.26,3291,1.92,0
2026-06-10 03:06:00,notification,45.3,33.57,138.83,2889,1.01,0
2026-06-10 03:09:00,notification,45.27,40.32,190.26,2506,1.7,0
2026-06-10 03:09:00,payment,40.28,48.65,183.14,3704,2.81,0
2026-06-10 03:09:00,order,53.78,59.57,314.66,3598,4.08,0
2026-06-10 03:12:00,notification,31.92,44.62,159.64,2393,4.7,0
2026-06-10 03:12:00,payment,51.09,54.31,362.83,3437,3.5,0
2026-06-10 03:12:00,order,50.96,52.71,176.64,3527,4.86,0
2026-06-10 03:15:00,payment,26.86,54.58,236.7,3475,2.92,0
2026-06-10 03:15:00,notification,55.14,48.76,365.17,3057,2.44,0
2026-06-10 03:15:00,order,36.85,64.1,215.44,3035,2.96,0
2026-06-10 03:18:00,payment,42.81,49.45,310.18,3335,3.63,0
2026-06-10 03:18:00,notification,45.32,51.14,466.06,3878,3.98,0
2026-06-10 03:18:00,order,47.73,57.78,276.28,2955,2.65,0
2026-06-10 03:21:00,payment,44.62,55.58,243.05,3167,1.11,0
2026-06-10 03:21:00,notification,60.76,51.7,273.21,3955,2.06,0
2026-06-10 03:21:00,order,43.09,46.64,249.06,2842,2.77,0
2026-06-10 03:24:00,notification,59.42,55.7,407.3,4036,2.83,0
2026-06-10 03:24:00,payment,42.78,52.73,294.83,3544,2.63,0
2026-06-10 03:24:00,order,45.96,45.31,222.06,2583,1.36,0
2026-06-10 03:27:00,notification,50.72,58.09,424.18,4045,3.61,1
2026-06-10 03:27:00,order,47.6,50.93,244.46,3103,2.56,0
2026-06-10 03:27:00,payment,47.69,44.19,200.01,3737,0.0,0
2026-06-10 03:30:00,notification,43.42,39.73,279.77,3446,0.67,0
2026-06-10 03:30:00,order,58.29,53.19,304.71,3881,1.59,0
2026-06-10 03:30:00,payment,54.51,54.85,338.92,3342,2.12,0
2026-06-10 03:33:00,payment,39.22,54.62,273.42,3336,2.8,0
2026-06-10 03:33:00,notification,49.55,44.72,186.52,3030,0.16,0
2026-06-10 03:33:00,order,38.41,46.31,211.69,2954,0.92,0
2026-06-10 03:36:00,notification,46.6,45.86,201.39,3291,1.8,0
2026-06-10 03:36:00,payment,63.46,60.94,318.21,3650,3.58,1
2026-06-10 03:36:00,order,35.82,42.59,141.97,2805,1.71,0
2026-06-10 03:39:00,order,37.08,49.8,227.66,2919,1.52,0
2026-06-10 03:39:00,payment,38.96,57.43,399.78,3617,0.41,0
2026-06-10 03:39:00,notification,41.09,44.11,336.43,3632,1.78,1
2026-06-10 03:42:00,order,40.36,53.14,211.54,2252,1.93,0
2026-06-10 03:42:00,payment,52.75,50.62,253.1,2345,1.39,0
2026-06-10 03:42:00,notification,47.45,56.11,320.6,3087,2.0,0
2026-06-10 03:45:00,payment,43.19,46.5,172.43,2846,1.14,1
2026-06-10 03:45:00,notification,40.31,47.36,268.5,3372,0.2,0
2026-06-10 03:45:00,order,44.0,58.11,145.8,2271,1.59,0
2026-06-10 03:48:00,payment,40.64,50.03,142.14,3400,1.12,0
2026-06-10 03:48:00,notification,51.89,57.68,431.92,3858,2.46,0
2026-06-10 03:48:00,order,39.54,49.23,174.85,3051,1.1,0
2026-06-10 03:51:00,payment,41.9,52.42,353.39,2911,2.62,0
2026-06-10 03:51:00,notification,48.61,48.79,208.45,3388,1.87,0
2026-06-10 03:51:00,order,44.35,48.51,154.86,2307,2.07,0
2026-06-10 03:54:00,payment,43.37,52.36,197.14,3112,1.36,0
2026-06-10 03:54:00,order,41.72,39.14,114.32,2752,0.62,0
2026-06-10 03:54:00,notification,55.8,64.19,424.37,3912,3.72,1
2026-06-10 03:57:00,payment,42.73,49.68,326.26,3657,1.45,1
2026-06-10 03:57:00,order,43.62,54.76,195.56,3351,2.02,0
2026-06-10 03:57:00,notification,60.76,54.09,353.7,3828,4.65,0
2026-06-10 04:00:00,order,38.04,46.97,304.7,2928,3.4,0
2026-06-10 04:00:00,notification,53.63,56.36,485.67,3729,4.54,0
2026-06-10 04:00:00,payment,33.54,45.68,198.15,2685,0.45,0
2026-06-10 04:03:00,order,58.27,54.66,258.88,3217,3.12,0
2026-06-10 04:03:00,notification,49.59,57.35,383.05,4288,2.3,0
2026-06-10 04:03:00,payment,38.78,52.06,195.41,1777,2.44,1
2026-06-10 04:06:00,order,46.33,52.3,228.43,3225,2.1,0
2026-06-10 04:06:00,notification,56.46,68.2,405.78,4570,4.78,0
2026-06-10 04:06:00,payment,35.44,43.6,195.6,2096,2.52,1
2026-06-10 04:09:00,order,54.99,50.09,318.61,3345,0.0,0
2026-06-10 04:09:00,payment,32.1,58.81,310.82,2488,0.71,0
2026-06-10 04:09:00,notification,61.59,63.5,498.19,4533,2.41,1
2026-06-10 04:12:00,payment,39.74,54.67,114.23,2832,5.21,0
2026-06-10 04:12:00,notification,53.31,55.91,356.26,4362,4.03,0
2026-06-10 04:12:00,order,39.15,41.95,241.81,2820,1.12,0
2026-06-10 04:15:00,payment,37.98,45.41,262.13,3220,0.91,0
2026-06-10 04:15:00,order,52.59,49.58,334.57,3220,4.87,1
2026-06-10 04:15:00,notification,41.03,56.82,391.43,3711,3.53,0
2026-06-10 04:18:00,payment,46.09,55.13,294.21,3462,3.72,1
2026-06-10 04:18:00,order,44.2,48.56,245.09,4146,2.01,0
2026-06-10 04:18:00,notification,48.67,52.7,384.33,4481,2.78,0
2026-06-10 04:21:00,payment,49.69,56.79,271.47,3884,1.08,0
2026-06-10 04:21:00,order,54.2,46.73,209.28,3023,1.58,0
2026-06-10 04:21:00,notification,52.86,64.4,379.48,4265,4.02,0
2026-06-10 04:24:00,order,50.62,56.13,234.27,3335,1.88,0
2026-06-10 04:24:00,notification,46.84,60.53,346.3,4645,1.56,1
2026-06-10 04:24:00,payment,48.57,51.82,305.88,3062,3.29,0
2026-06-10 04:27:00,notification,37.09,56.19,402.02,3571,5.79,0
2026-06-10 04:27:00,order,44.18,44.38,188.06,1831,1.55,0
2026-06-10 04:27:00,payment,59.56,45.98,278.71,3402,3.17,0
2026-06-10 04:30:00,notification,51.32,55.85,374.27,3625,1.58,0
2026-06-10 04:30:00,payment,30.09,44.56,238.48,3101,0.38,0
2026-06-10 04:30:00,order,36.72,44.46,334.56,2253,0.49,0
2026-06-10 04:33:00,notification,37.96,48.64,234.33,3232,0.0,0
2026-06-10 04:33:00,payment,50.59,56.21,294.22,3627,2.19,0
2026-06-10 04:33:00,order,53.93,52.28,220.65,3156,2.38,0
2026-06-10 04:36:00,payment,47.52,44.48,211.87,3518,4.53,1
2026-06-10 04:36:00,order,54.16,50.19,273.35,2766,1.88,1
2026-06-10 04:36:00,notification,52.43,52.52,287.08,3923,0.6,0
2026-06-10 04:39:00,order,38.16,57.46,327.16,2546,0.0,0
2026-06-10 04:39:00,notification,58.27,53.56,218.66,2283,5.28,1
2026-06-10 04:39:00,payment,54.43,47.75,349.82,2716,1.73,0
2026-06-10 04:42:00,payment,51.7,55.87,332.32,3484,2.76,0
2026-06-10 04:42:00,notification,42.14,57.7,318.7,3685,3.61,0
2026-06-10 04:42:00,order,44.06,54.59,326.58,2606,0.0,0
2026-06-10 04:45:00,payment,46.14,51.84,252.22,3361,2.63,0
2026-06-10 04:45:00,notification,51.94,53.09,288.01,3776,1.25,0
2026-06-10 04:45:00,order,49.23,40.09,241.16,3439,1.0,0
2026-06-10 04:48:00,payment,46.12,47.74,364.35,3546,1.81,0
2026-06-10 04:48:00,order,27.52,50.4,246.21,2845,0.0,0
2026-06-10 04:48:00,notification,55.76,47.98,428.24,4576,5.16,1
2026-06-10 04:51:00,order,50.74,53.62,242.1,3043,2.04,0
2026-06-10 04:51:00,notification,42.97,60.69,371.92,3742,4.84,0
2026-06-10 04:51:00,payment,44.36,51.91,394.04,3892,0.48,0
2026-06-10 04:54:00,order,48.29,57.03,208.66,2982,0.97,0
2026-06-10 04:54:00,payment,53.29,47.7,378.85,3784,3.72,0
2026-06-10 04:54:00,notification,37.01,53.54,418.8,3202,1.41,0
2026-06-10 04:57:00,order,36.33,45.68,231.85,2500,1.68,0
2026-06-10 04:57:00,notification,39.17,57.3,255.01,4197,3.72,0
2026-06-10 04:57:00,payment,39.16,58.18,393.65,3903,2.91,0
2026-06-10 05:00:00,payment,58.39,54.51,412.46,4673,5.02,1
2026-06-10 05:00:00,order,31.46,56.31,298.33,2877,2.37,0
2026-06-10 05:00:00,notification,44.27,44.45,284.21,3305,1.54,0
2026-06-10 05:03:00,order,50.02,51.94,330.27,3309,1.19,0
2026-06-10 05:03:00,payment,55.88,57.8,530.51,4839,4.59,1
2026-06-10 05:03:00,notification,61.14,54.04,249.18,3736,2.95,0
2026-06-10 05:06:00,payment,54.04,63.01,578.62,4590,4.67,0
2026-06-10 05:06:00,order,40.28,54.36,273.88,3721,1.78,0
2026-06-10 05:06:00,notification,50.53,51.88,192.32,3294,3.37,0
2026-06-10 05:09:00,notification,41.1,50.1,257.69,3799,3.22,0
2026-06-10 05:09:00,payment,50.7,55.87,424.8,4814,3.73,0
2026-06-10 05:09:00,order,34.6,45.14,209.27,2940,1.05,0
2026-06-10 05:12:00,order,44.75,42.19,143.66,2949,2.59,0
2026-06-10 05:12:00,notification,39.84,58.58,291.91,3523,1.64,0
2026-06-10 05:12:00,payment,48.9,51.74,298.53,3463,1.59,0
2026-06-10 05:15:00,payment,54.95,43.04,282.95,2951,4.1,0
2026-06-10 05:15:00,order,50.32,53.31,224.23,2741,1.25,0
2026-06-10 05:15:00,notification,42.34,48.73,313.42,3837,1.11,0
2026-06-10 05:18:00,payment,68.79,56.71,358.67,3661,2.22,1
2026-06-10 05:18:00,order,45.31,52.55,290.67,3743,3.63,1
2026-06-10 05:18:00,notification,34.85,58.89,231.21,3181,2.67,0
2026-06-10 05:21:00,order,57.54,49.34,393.34,3516,4.47,1
2026-06-10 05:21:00,notification,44.73,66.28,395.15,4276,3.8,1
2026-06-10 05:21:00,payment,57.17,55.66,383.05,3565,2.34,1
2026-06-10 05:24:00,notification,53.4,49.61,423.8,4010,3.5,0
2026-06-10 05:24:00,order,54.72,60.08,261.91,4420,2.8,0
2026-06-10 05:24:00,payment,42.81,49.59,265.07,2335,3.61,0
2026-06-10 05:27:00,payment,50.02,47.02,236.28,3064,2.36,0
2026-06-10 05:27:00,order,44.03,43.63,386.25,3746,2.62,0
2026-06-10 05:27:00,notification,47.75,50.07,263.46,2909,2.54,0
2026-06-10 05:30:00,payment,46.93,49.43,315.97,3102,1.24,0
2026-06-10 05:30:00,order,48.03,52.48,349.5,3648,2.06,0
2026-06-10 05:30:00,notification,49.58,56.29,383.11,4495,4.07,0
2026-06-10 05:33:00,order,55.35,46.13,311.41,4410,3.42,0
2026-06-10 05:33:00,payment,38.26,52.55,169.28,3040,2.16,1
2026-06-10 05:33:00,notification,54.1,53.49,382.72,3866,0.66,0
2026-06-10 05:36:00,notification,41.46,59.4,381.42,3421,3.31,0
2026-06-10 05:36:00,payment,32.87,47.78,133.3,2390,1.95,0
2026-06-10 05:36:00,order,41.77,57.27,327.96,2781,1.75,0
2026-06-10 05:39:00,notification,48.35,57.32,275.7,3225,1.74,0
2026-06-10 05:39:00,payment,42.88,57.87,146.38,3022,1.44,0
2026-06-10 05:39:00,order,51.64,50.45,355.1,3363,1.28,0
2026-06-10 05:42:00,notification,38.94,49.36,329.81,2875,3.32,0
2026-06-10 05:42:00,payment,50.14,54.92,198.86,3272,3.01,0
2026-06-10 05:42:00,order,47.13,55.44,388.92,4091,3.79,0
2026-06-10 05:45:00,payment,41.34,55.7,429.59,4125,1.5,0
2026-06-10 05:45:00,notification,55.02,51.49,414.44,3795,3.01,1
2026-06-10 05:45:00,order,52.71,55.53,311.72,2938,3.57,0
2026-06-10 05:48:00,notification,50.97,54.22,380.9,4017,3.66,0
2026-06-10 05:48:00,order,54.35,60.93,358.58,4025,2.07,1
2026-06-10 05:48:00,payment,48.8,61.72,474.61,3810,3.85,0
2026-06-10 05:51:00,payment,55.08,57.02,362.79,4256,4.14,1
2026-06-10 05:51:00,order,49.1,59.36,418.93,3178,3.37,0
2026-06-10 05:51:00,notification,47.07,53.16,251.36,3356,2.74,0
2026-06-10 05:54:00,order,54.98,60.08,453.68,3833,3.69,1
2026-06-10 05:54:00,payment,53.87,58.67,438.04,3684,4.41,1
2026-06-10 05:54:00,notification,44.97,46.07,285.27,3369,1.53,0
2026-06-10 05:57:00,payment,58.05,61.49,326.64,3481,0.02,1
2026-06-10 05:57:00,notification,50.48,46.73,245.97,3214,1.34,0
2026-06-10 05:57:00,order,37.28,54.26,435.85,4570,4.9,0
2026-06-10 06:00:00,payment,38.78,48.57,215.31,4114,2.1,0
2026-06-10 06:00:00,order,47.03,62.65,436.03,3172,3.45,0
2026-06-10 06:00:00,notification,43.4,50.37,271.6,3204,3.62,0
2026-06-10 06:03:00,order,51.66,55.87,428.6,4179,3.88,0
2026-06-10 06:03:00,notification,54.5,51.78,214.83,3577,2.87,0
2026-06-10 06:03:00,payment,62.79,54.38,444.48,3178,1.07,0
2026-06-10 06:06:00,order,60.83,56.58,453.42,3956,4.5,1
2026-06-10 06:06:00,notification,49.3,54.22,404.12,3925,3.32,0
2026-06-10 06:06:00,payment,34.2,55.77,310.81,2759,3.15,1
2026-06-10 06:09:00,notification,55.38,47.39,446.5,3828,4.47,1
2026-06-10 06:09:00,payment,32.33,52.28,264.91,2637,1.3,0
2026-06-10 06:09:00,order,44.92,50.75,453.19,3715,5.18,1
2026-06-10 06:12:00,payment,42.52,47.51,169.3,2632,2.93,0
2026-06-10 06:12:00,notification,55.82,54.81,258.35,4121,3.97,0
2026-06-10 06:12:00,order,49.96,63.91,314.66,3136,3.32,0
2026-06-10 06:15:00,notification,47.82,50.89,354.41,4337,4.99,0
2026-06-10 06:15:00,order,46.46,45.81,232.87,3583,2.05,0
2026-06-10 06:15:00,payment,37.61,42.13,228.96,3185,0.3,0
2026-06-10 06:18:00,order,45.71,57.55,422.4,3187,1.05,0
2026-06-10 06:18:00,payment,42.45,37.85,176.64,3225,1.96,0
2026-06-10 06:18:00,notification,54.88,57.34,336.34,4328,2.82,0
2026-06-10 06:21:00,payment,44.7,61.65,259.01,3199,1.88,0
2026-06-10 06:21:00,order,44.24,53.7,224.55,2430,1.44,0
2026-06-10 06:21:00,notification,47.56,50.78,405.83,3755,3.91,1
2026-06-10 06:24:00,payment,45.01,53.7,288.02,3190,5.37,0
2026-06-10 06:24:00,order,43.53,54.06,338.02,3058,2.07,1
2026-06-10 06:24:00,notification,42.94,59.11,383.78,3335,4.98,1
2026-06-10 06:27:00,notification,56.2,58.78,478.36,4447,3.3,1
2026-06-10 06:27:00,payment,45.63,53.04,328.01,3307,4.37,0
2026-06-10 06:27:00,order,46.05,55.13,260.62,3245,3.14,0
2026-06-10 06:30:00,order,52.83,47.51,274.9,2777,2.74,0
2026-06-10 06:30:00,notification,68.8,67.41,458.81,4243,3.1,0
2026-06-10 06:30:00,payment,53.5,57.89,265.42,3536,4.34,0
2026-06-10 06:33:00,payment,47.18,49.87,446.64,3014,5.04,0
2026-06-10 06:33:00,order,35.96,55.03,130.46,2698,0.33,0
2026-06-10 06:33:00,notification,51.34,61.26,460.85,4309,3.99,0
2026-06-10 06:36:00,notification,56.84,57.59,414.11,3944,3.75,1
2026-06-10 06:36:00,payment,55.54,52.82,329.97,3909,2.92,1
2026-06-10 06:36:00,order,30.33,47.9,171.18,3109,2.6,0
2026-06-10 06:39:00,notification,60.2,59.57,515.31,4954,4.38,0
2026-06-10 06:39:00,payment,44.86,47.25,293.01,3616,1.89,0
2026-06-10 06:39:00,order,48.0,56.39,291.14,3310,1.68,0
2026-06-10 06:42:00,notification,48.73,60.45,395.27,4177,5.17,0
2026-06-10 06:42:00,payment,42.2,46.61,273.88,3497,2.13,1
2026-06-10 06:42:00,order,57.38,51.32,336.54,4367,2.29,0
2026-06-10 06:45:00,payment,40.09,45.04,245.76,3930,3.24,0
2026-06-10 06:45:00,order,42.8,47.48,429.57,3258,3.54,0
2026-06-10 06:45:00,notification,51.27,56.61,392.99,5016,4.66,0
2026-06-10 06:48:00,notification,61.35,57.36,361.03,4458,6.86,1
2026-06-10 06:48:00,payment,55.98,53.33,480.54,4836,1.28,0
2026-06-10 06:48:00,order,60.8,67.53,389.09,3825,4.49,1
2026-06-10 06:51:00,order,54.36,53.42,368.62,3653,3.5,1
2026-06-10 06:51:00,notification,57.8,56.1,440.22,4569,5.26,0
2026-06-10 06:51:00,payment,47.16,64.53,414.11,4285,3.97,0
2026-06-10 06:54:00,order,44.46,58.87,359.79,4222,5.36,1
2026-06-10 06:54:00,notification,52.43,55.27,276.67,3895,2.53,0
2026-06-10 06:54:00,payment,45.71,53.67,454.85,4698,3.98,1
2026-06-10 06:57:00,order,48.05,42.17,321.74,4274,1.08,0
2026-06-10 06:57:00,notification,38.96,51.74,190.78,3228,3.55,0
2026-06-10 06:57:00,payment,55.37,59.92,432.98,3558,3.12,0
2026-06-10 07:00:00,order,49.65,58.53,454.79,3723,4.96,1
2026-06-10 07:00:00,payment,42.24,62.63,439.09,3904,1.65,0
2026-06-10 07:00:00,notification,49.77,56.25,441.03,4359,3.52,0
2026-06-10 07:03:00,order,56.11,62.72,430.75,4858,2.86,0
2026-06-10 07:03:00,notification,60.54,61.41,412.43,4667,5.5,1
2026-06-10 07:03:00,payment,62.44,58.82,475.07,3970,3.57,0
2026-06-10 07:06:00,payment,54.71,57.07,519.39,4393,1.86,0
2026-06-10 07:06:00,order,55.01,61.26,377.72,4024,4.32,0
2026-06-10 07:06:00,notification,38.35,64.24,436.57,4307,5.05,0
2026-06-10 07:09:00,payment,56.29,61.6,498.04,3863,6.6,0
2026-06-10 07:09:00,order,63.05,60.33,537.92,4763,4.46,0
2026-06-10 07:09:00,notification,62.95,66.78,429.8,4885,2.81,0
2026-06-10 07:12:00,payment,48.32,57.13,494.01,4797,3.59,0
2026-06-10 07:12:00,order,60.61,59.0,415.91,4642,4.11,0
2026-06-10 07:12:00,notification,63.66,58.03,438.95,4706,3.71,0
2026-06-10 07:15:00,order,48.34,66.18,519.94,4709,3.7,0
2026-06-10 07:15:00,notification,68.58,54.87,679.88,3879,5.02,0
2026-06-10 07:15:00,payment,61.57,67.32,514.65,4708,2.12,1
2026-06-10 07:18:00,payment,57.92,71.48,394.19,5285,4.64,1
2026-06-10 07:18:00,notification,65.17,65.64,477.9,4790,5.67,0
2026-06-10 07:18:00,order,44.2,51.21,411.01,3890,1.81,0
2026-06-10 07:21:00,notification,59.97,72.55,497.59,4931,3.45,1
2026-06-10 07:21:00,order,54.97,55.29,372.76,3744,0.8,0
2026-06-10 07:21:00,payment,53.21,68.84,484.0,4503,5.77,1
2026-06-10 07:24:00,notification,59.23,61.85,367.69,3613,5.58,0
2026-06-10 07:24:00,payment,57.24,49.74,410.57,4161,4.53,1
2026-06-10 07:24:00,order,52.77,67.52,398.13,4554,4.03,0
2026-06-10 07:27:00,payment,52.0,63.44,632.33,5296,5.18,0
2026-06-10 07:27:00,order,52.84,51.26,497.81,4359,3.9,0
2026-06-10 07:27:00,notification,57.08,61.48,533.49,5505,6.37,0
2026-06-10 07:30:00,order,57.05,58.04,367.84,4420,4.43,0
2026-06-10 07:30:00,payment,49.02,62.88,483.3,5094,4.35,1
2026-06-10 07:30:00,notification,52.36,61.27,512.49,4903,3.04,0
2026-06-10 07:33:00,payment,52.25,65.29,570.7,4411,4.87,0
2026-06-10 07:33:00,notification,60.38,62.69,509.91,3879,4.82,1
2026-06-10 07:33:00,order,62.66,56.22,350.2,4823,6.16,0
2026-06-10 07:36:00,notification,50.34,59.63,565.32,4156,5.19,0
2026-06-10 07:36:00,payment,58.48,52.15,529.5,3619,3.89,1
2026-06-10 07:36:00,order,49.36,62.61,530.48,4595,5.55,1
2026-06-10 07:39:00,order,40.98,59.19,472.18,4760,5.04,0
2026-06-10 07:39:00,payment,60.78,55.81,654.74,4163,4.31,0
2026-06-10 07:39:00,notification,47.6,51.0,292.18,3390,4.27,0
2026-06-10 07:42:00,payment,68.53,72.27,719.35,5152,6.24,1
2026-06-10 07:42:00,notification,66.55,63.17,274.73,3622,1.99,0
2026-06-10 07:42:00,order,56.85,57.03,426.36,4301,3.57,0
2026-06-10 07:45:00,payment,53.88,60.54,444.85,5359,3.75,0
2026-06-10 07:45:00,order,51.28,60.93,470.89,4438,5.76,0
2026-06-10 07:45:00,notification,49.72,54.91,444.11,4304,3.02,0
2026-06-10 07:48:00,payment,63.56,56.5,492.09,4299,6.72,1
2026-06-10 07:48:00,notification,52.27,60.88,376.81,3882,4.24,1
2026-06-10 07:48:00,order,56.06,60.5,518.51,4117,4.67,1
2026-06-10 07:51:00,notification,43.58,60.87,406.07,3725,2.23,0
2026-06-10 07:51:00,payment,59.39,58.39,738.6,4706,6.86,1
2026-06-10 07:51:00,order,49.94,52.73,429.06,4758,1.36,0
2026-06-10 07:54:00,payment,52.38,64.14,571.32,4457,3.71,1
2026-06-10 07:54:00,notification,47.86,64.81,308.87,3714,4.18,0
2026-06-10 07:54:00,order,45.04,54.06,389.23,4132,4.3,0
2026-06-10 07:57:00,notification,53.16,65.76,477.88,4601,4.91,1
2026-06-10 07:57:00,order,65.9,55.0,452.67,4499,2.55,0
2026-06-10 07:57:00,payment,61.96,59.44,565.31,5537,4.57,0
2026-06-10 08:00:00,order,52.71,46.19,430.02,4190,2.18,0
2026-06-10 08:00:00,notification,53.37,47.22,431.03,4339,3.55,0
2026-06-10 08:00:00,payment,59.68,65.12,565.03,5719,5.06,0
2026-06-10 08:03:00,notification,47.55,50.7,406.45,3705,0.65,0
2026-06-10 08:03:00,payment,56.23,58.96,557.88,4978,5.51,1
2026-06-10 08:03:00,order,46.33,59.82,322.98,3683,4.62,0
2026-06-10 08:06:00,notification,53.81,60.35,490.9,4353,5.46,0
2026-06-10 08:06:00,payment,59.55,54.53,426.69,5091,5.62,1
2026-06-10 08:06:00,order,50.06,60.9,260.08,4740,2.99,0
2026-06-10 08:09:00,payment,59.17,70.92,513.28,5149,6.08,1
2026-06-10 08:09:00,notification,51.53,67.63,370.14,4447,3.04,1
2026-06-10 08:09:00,order,52.04,45.67,298.92,4094,1.32,0
2026-06-10 08:12:00,order,45.51,60.84,390.19,3528,2.02,1
2026-06-10 08:12:00,payment,59.07,65.83,554.07,4294,6.07,0
2026-06-10 08:12:00,notification,51.6,55.75,277.39,4400,2.74,0
2026-06-10 08:15:00,order,62.95,56.57,384.48,3516,3.88,0
2026-06-10 08:15:00,payment,57.13,61.84,507.67,5044,7.28,1
2026-06-10 08:15:00,notification,44.0,51.89,406.27,4282,4.35,0
2026-06-10 08:18:00,order,45.34,53.66,439.16,4301,2.46,0
2026-06-10 08:18:00,payment,49.64,59.1,461.63,4127,4.81,1
2026-06-10 08:18:00,notification,47.94,65.55,531.11,4586,4.71,0
2026-06-10 08:21:00,payment,62.2,72.65,762.19,4927,4.59,1
2026-06-10 08:21:00,notification,61.82,69.61,410.71,4410,4.66,1
2026-06-10 08:21:00,order,46.87,59.07,432.02,4116,4.03,1
2026-06-10 08:24:00,notification,53.16,57.02,572.48,4285,4.32,1
2026-06-10 08:24:00,payment,53.46,65.34,501.49,5077,3.06,0
2026-06-10 08:24:00,order,41.64,52.91,463.39,3725,2.92,0
2026-06-10 08:27:00,payment,53.06,68.88,556.32,4751,7.24,1
2026-06-10 08:27:00,order,52.3,61.93,387.5,3367,6.6,1
2026-06-10 08:27:00,notification,55.94,56.77,413.92,4320,3.31,0
2026-06-10 08:30:00,notification,56.34,66.97,485.85,4206,3.03,0
2026-06-10 08:30:00,payment,56.58,59.25,524.88,5035,5.52,0
2026-06-10 08:30:00,order,55.72,53.24,430.89,3083,1.74,0
2026-06-10 08:33:00,payment,66.87,66.19,664.16,5592,6.66,1
2026-06-10 08:33:00,order,54.65,71.61,403.99,5235,2.8,0
2026-06-10 08:33:00,notification,52.09,50.42,475.01,4080,3.9,0
2026-06-10 08:36:00,payment,60.45,65.3,515.14,4033,5.87,1
2026-06-10 08:36:00,notification,47.67,54.93,359.23,4050,3.12,0
2026-06-10 08:36:00,order,59.14,66.52,465.71,4208,3.73,0
2026-06-10 08:39:00,payment,53.95,58.67,563.39,3628,4.83,0
2026-06-10 08:39:00,notification,45.59,56.69,538.54,4846,4.11,1
2026-06-10 08:39:00,order,58.74,54.34,526.79,4255,3.55,0
2026-06-10 08:42:00,payment,51.24,58.86,457.93,4698,4.46,1
2026-06-10 08:42:00,notification,52.06,60.13,539.35,3623,3.99,0
2026-06-10 08:42:00,order,58.91,72.95,507.83,4950,5.97,1
2026-06-10 08:45:00,order,60.35,65.62,502.05,4847,4.28,1
2026-06-10 08:45:00,payment,59.78,57.51,383.44,4853,3.85,0
2026-06-10 08:45:00,notification,53.82,57.06,382.78,4401,4.43,1
2026-06-10 08:48:00,payment,38.28,59.63,381.62,4120,4.69,0
2026-06-10 08:48:00,order,58.68,62.97,581.83,5102,6.52,1
2026-06-10 08:48:00,notification,64.63,57.7,586.56,4328,3.5,1
2026-06-10 08:51:00,payment,56.99,50.64,368.31,4125,2.68,0
2026-06-10 08:51:00,notification,70.07,66.8,578.15,4177,4.03,1
2026-06-10 08:51:00,order,57.27,66.99,639.67,5190,5.57,0
2026-06-10 08:54:00,notification,60.12,66.34,493.05,4155,4.59,0
2026-06-10 08:54:00,order,55.18,66.92,572.6,4840,3.81,0
2026-06-10 08:54:00,payment,36.24,56.11,277.59,3816,1.21,0
2026-06-10 08:57:00,order,57.88,57.08,574.51,4321,4.17,1
2026-06-10 08:57:00,notification,56.94,68.99,496.6,4764,3.69,1
2026-06-10 08:57:00,payment,41.21,56.69,360.6,4049,0.71,0
2026-06-10 09:00:00,notification,57.12,62.19,408.49,4613,4.67,0
2026-06-10 09:00:00,order,67.59,68.26,618.54,5344,5.33,1
2026-06-10 09:00:00,payment,46.61,54.11,367.84,3575,2.45,0
2026-06-10 09:03:00,notification,56.32,64.93,438.29,4539,1.83,0
2026-06-10 09:03:00,order,53.98,62.71,647.09,4866,7.34,1
2026-06-10 09:03:00,payment,60.15,55.2,315.76,3803,3.75,1
2026-06-10 09:06:00,payment,61.72,54.96,387.96,3770,2.63,0
2026-06-10 09:06:00,order,59.49,69.92,568.72,5475,7.42,1
2026-06-10 09:06:00,notification,55.63,58.0,598.03,4719,7.31,0
2026-06-10 09:09:00,payment,53.55,51.45,327.83,3753,1.0,0
2026-06-10 09:09:00,order,65.1,66.65,617.97,4635,7.9,1
2026-06-10 09:09:00,notification,69.59,68.78,587.93,4817,6.01,1
2026-06-10 09:12:00,notification,59.38,69.36,636.29,5070,4.09,0
2026-06-10 09:12:00,payment,54.94,60.47,261.79,4112,3.8,0
2026-06-10 09:12:00,order,74.75,62.37,780.39,5781,6.21,1
2026-06-10 09:15:00,notification,60.69,58.82,598.43,4661,4.45,0
2026-06-10 09:15:00,payment,40.71,59.92,418.88,3590,2.45,1
2026-06-10 09:15:00,order,63.24,67.55,551.3,4521,6.15,0
2026-06-10 09:18:00,payment,58.06,58.87,517.47,4200,6.49,1
2026-06-10 09:18:00,order,51.44,58.84,436.51,3831,3.03,1
2026-06-10 09:18:00,notification,59.11,64.54,559.19,4209,4.75,0
2026-06-10 09:21:00,notification,41.85,61.66,485.32,3706,4.15,0
2026-06-10 09:21:00,payment,56.07,60.35,485.49,5633,6.63,1
2026-06-10 09:21:00,order,55.2,65.25,442.51,4367,6.59,0
2026-06-10 09:24:00,notification,49.32,62.42,419.38,4055,2.59,1
2026-06-10 09:24:00,payment,51.83,60.16,495.63,4098,3.0,1
2026-06-10 09:24:00,order,66.97,66.79,653.17,5002,7.38,1
2026-06-10 09:27:00,order,59.13,72.05,521.1,5830,3.4,0
2026-06-10 09:27:00,notification,58.67,65.79,489.23,4515,5.99,1
2026-06-10 09:27:00,payment,55.67,56.64,471.69,4389,3.75,1
2026-06-10 09:30:00,order,58.09,66.3,668.7,5318,7.48,1
2026-06-10 09:30:00,payment,54.2,68.95,556.18,4719,3.7,0
2026-06-10 09:30:00,notification,68.64,65.81,610.52,5278,7.01,1
2026-06-10 09:33:00,notification,62.64,70.96,565.43,4177,4.51,1
2026-06-10 09:33:00,order,67.91,61.15,676.37,4959,6.09,1
2026-06-10 09:33:00,payment,61.95,62.66,509.41,4433,3.13,0
2026-06-10 09:36:00,notification,61.77,56.38,527.04,4367,5.21,0
2026-06-10 09:36:00,payment,45.12,61.16,498.27,4724,4.46,0
2026-06-10 09:36:00,order,56.8,67.8,304.92,4570,5.12,0
2026-06-10 09:39:00,payment,60.96,59.61,631.5,4994,6.7,0
2026-06-10 09:39:00,order,43.8,56.22,435.54,3604,2.33,0
2026-06-10 09:39:00,notification,53.26,59.46,510.79,4884,4.4,0
2026-06-10 09:42:00,notification,56.66,60.06,472.23,4478,2.8,1
2026-06-10 09:42:00,order,42.89,53.45,303.6,3771,2.31,0
2026-06-10 09:42:00,payment,53.2,66.25,503.37,4295,4.96,0
2026-06-10 09:45:00,notification,51.22,58.52,481.15,4642,3.87,0
2026-06-10 09:45:00,payment,56.5,59.9,558.57,4909,4.58,0
2026-06-10 09:45:00,order,39.6,59.4,378.14,3872,3.62,1
2026-06-10 09:48:00,order,53.63,59.9,447.53,5310,5.46,1
2026-06-10 09:48:00,notification,62.14,63.01,469.03,4326,5.61,0
2026-06-10 09:48:00,payment,63.45,61.95,567.73,4764,3.46,0
2026-06-10 09:51:00,payment,56.82,70.69,725.91,5883,6.0,0
2026-06-10 09:51:00,notification,59.73,61.7,602.3,4438,4.13,1
2026-06-10 09:51:00,order,61.82,62.5,481.17,4837,5.82,1
2026-06-10 09:54:00,notification,71.46,63.23,643.87,5098,6.19,0
2026-06-10 09:54:00,order,59.16,71.13,357.92,4395,4.69,1
2026-06-10 09:54:00,payment,63.63,68.02,537.17,5263,7.14,1
2026-06-10 09:57:00,order,64.29,60.38,558.85,4710,7.0,0
2026-06-10 09:57:00,payment,60.3,52.66,652.64,4696,4.48,1
2026-06-10 09:57:00,notification,61.34,63.44,590.8,5056,4.3,0
2026-06-10 10:00:00,payment,52.94,60.44,484.12,4611,6.11,1
2026-06-10 10:00:00,notification,49.22,63.93,603.07,4636,5.91,0
2026-06-10 10:00:00,order,52.68,57.09,500.83,4406,5.12,0
2026-06-10 10:03:00,payment,51.91,60.02,490.63,3870,3.26,1
2026-06-10 10:03:00,notification,59.41,61.65,540.69,5331,4.35,0
2026-06-10 10:03:00,order,62.03,73.13,758.08,5475,6.94,1
2026-06-10 10:06:00,payment,55.55,59.17,426.01,4531,4.68,0
2026-06-10 10:06:00,notification,56.59,65.12,579.62,5222,5.79,1
2026-06-10 10:06:00,order,73.3,65.95,636.79,5417,7.95,1
2026-06-10 10:09:00,order,61.1,68.97,565.19,5668,6.13,1
2026-06-10 10:09:00,notification,65.82,61.99,559.8,5015,4.06,0
2026-06-10 10:09:00,payment,52.18,61.93,485.69,4371,4.06,0
2026-06-10 10:12:00,order,67.7,69.65,522.74,4785,5.85,0
2026-06-10 10:12:00,notification,60.68,58.88,744.91,5720,9.93,1
2026-06-10 10:12:00,payment,57.67,52.79,504.19,4221,3.38,0
2026-06-10 10:15:00,notification,72.39,71.67,674.07,5591,9.61,1
2026-06-10 10:15:00,payment,59.19,50.42,610.2,4564,6.37,1
2026-06-10 10:15:00,order,63.78,55.02,584.8,4760,3.79,1
2026-06-10 10:18:00,notification,58.08,65.37,761.21,5388,4.86,1
2026-06-10 10:18:00,payment,54.17,57.14,442.82,5548,4.14,0
2026-06-10 10:18:00,order,61.32,66.81,375.56,3943,5.97,0
2026-06-10 10:21:00,order,59.61,58.52,475.15,4289,7.24,1
2026-06-10 10:21:00,payment,67.29,63.36,541.8,4602,3.83,0
2026-06-10 10:21:00,notification,73.14,69.2,768.1,4865,8.75,1
2026-06-10 10:24:00,order,58.62,68.33,536.46,3592,3.0,0
2026-06-10 10:24:00,notification,53.79,65.54,671.71,5410,6.4,0
2026-06-10 10:24:00,payment,61.29,46.71,419.23,4505,2.3,0
2026-06-10 10:27:00,payment,55.09,57.42,454.64,4284,6.28,0
2026-06-10 10:27:00,notification,60.26,79.11,668.11,5338,7.92,1
2026-06-10 10:27:00,order,50.6,59.44,558.7,4639,6.1,1
2026-06-10 10:30:00,payment,62.63,55.72,515.01,5185,6.16,1
2026-06-10 10:30:00,notification,66.74,52.69,700.82,5454,6.96,0
2026-06-10 10:30:00,order,69.17,71.74,582.5,5338,7.1,1
2026-06-10 10:33:00,order,54.93,77.46,695.4,5085,6.32,0
2026-06-10 10:33:00,payment,57.96,66.12,726.67,4996,8.36,1
2026-06-10 10:33:00,notification,71.7,59.58,458.68,5011,6.25,1
2026-06-10 10:36:00,notification,56.37,62.21,456.87,3761,3.53,1
2026-06-10 10:36:00,order,65.93,64.83,674.21,4896,7.45,1
2026-06-10 10:36:00,payment,61.92,77.48,713.53,4858,7.94,1
2026-06-10 10:39:00,notification,49.32,53.91,572.46,4815,3.0,0
2026-06-10 10:39:00,payment,66.9,70.23,853.26,5744,10.33,1
2026-06-10 10:39:00,order,61.92,64.76,608.59,4978,7.94,0
2026-06-10 10:42:00,order,59.97,65.43,683.81,5135,6.6,0
2026-06-10 10:42:00,payment,56.43,66.62,759.2,5213,6.28,1
2026-06-10 10:42:00,notification,42.63,60.79,429.4,5141,3.68,0
2026-06-10 10:45:00,order,56.97,73.83,738.35,5419,6.48,0
2026-06-10 10:45:00,notification,59.27,50.0,426.71,4042,2.68,0
2026-06-10 10:45:00,payment,65.96,71.12,643.59,5032,5.2,1
2026-06-10 10:48:00,notification,69.76,63.67,585.83,4932,5.51,0
2026-06-10 10:48:00,payment,61.35,67.66,721.33,4923,8.05,0
2026-06-10 10:48:00,order,68.57,69.2,686.02,4855,9.18,1
2026-06-10 10:51:00,payment,59.57,64.21,611.28,4834,6.29,0
2026-06-10 10:51:00,notification,61.12,59.42,506.6,4638,3.88,0
2026-06-10 10:51:00,order,73.38,73.76,770.27,4729,8.42,1
2026-06-10 10:54:00,payment,59.19,70.68,627.38,4899,5.9,1
2026-06-10 10:54:00,notification,55.69,62.89,402.48,3650,3.31,0
2026-06-10 10:54:00,order,69.9,72.03,879.41,5965,9.13,1
2026-06-10 10:57:00,order,71.13,77.09,1026.26,6869,10.76,1
2026-06-10 10:57:00,notification,55.5,65.26,614.13,4002,4.73,1
2026-06-10 10:57:00,payment,77.47,65.96,631.99,4533,6.34,1
2026-06-10 11:00:00,payment,57.97,66.94,739.12,5128,6.59,1
2026-06-10 11:00:00,notification,63.69,59.51,536.11,4812,6.55,1
2026-06-10 11:00:00,order,81.15,77.92,970.4,6179,13.47,1
2026-06-10 11:03:00,notification,69.44,70.32,755.87,4972,7.06,1
2026-06-10 11:03:00,payment,52.41,67.23,671.98,6216,8.07,1
2026-06-10 11:03:00,order,67.89,69.68,896.76,6088,10.74,1
2026-06-10 11:06:00,order,71.99,83.07,976.55,6094,11.32,1
2026-06-10 11:06:00,notification,80.56,72.77,822.35,6283,9.85,1
2026-06-10 11:06:00,payment,55.63,66.54,760.36,5903,6.24,1
2026-06-10 11:09:00,notification,67.86,63.31,689.26,5665,7.22,1
2026-06-10 11:09:00,order,71.44,73.54,1090.16,6469,11.51,1
2026-06-10 11:09:00,payment,64.62,68.48,581.89,5591,6.74,1
2026-06-10 11:12:00,notification,71.76,74.15,807.07,6023,7.29,1
2026-06-10 11:12:00,order,84.43,77.12,907.78,5724,8.07,1
2026-06-10 11:12:00,payment,66.01,60.46,529.34,4363,4.89,1
2026-06-10 11:15:00,notification,63.75,70.42,833.5,5271,5.96,1
2026-06-10 11:15:00,payment,56.13,70.19,581.79,5501,6.92,1
2026-06-10 11:15:00,order,62.31,63.76,724.92,5569,9.08,1
2026-06-10 11:18:00,order,71.47,72.75,618.04,6161,7.53,1
2026-06-10 11:18:00,payment,68.39,59.22,560.3,4975,6.95,0
2026-06-10 11:18:00,notification,57.69,58.74,662.42,5646,8.51,1
2026-06-10 11:21:00,payment,58.54,66.02,203.39,4565,4.61,0
2026-06-10 11:21:00,notification,60.7,64.73,588.86,4947,3.77,0
2026-06-10 11:21:00,order,58.69,76.69,837.1,6222,8.86,1
2026-06-10 11:24:00,payment,57.57,65.11,619.69,4851,4.99,0
2026-06-10 11:24:00,notification,45.08,58.33,653.56,4925,5.93,1
2026-06-10 11:24:00,order,62.61,72.25,768.04,5430,8.56,1
2026-06-10 11:27:00,order,65.74,75.66,756.28,5359,9.66,1
2026-06-10 11:27:00,notification,61.93,55.64,762.38,5887,6.1,1
2026-06-10 11:27:00,payment,58.21,58.81,513.33,4645,6.32,0
2026-06-10 11:30:00,order,65.78,65.87,692.49,5276,10.29,1
2026-06-10 11:30:00,notification,61.78,60.88,550.34,4297,5.2,1
2026-06-10 11:30:00,payment,59.28,64.86,500.18,4901,6.3,0
2026-06-10 11:33:00,notification,52.06,58.06,468.13,5010,2.6,0
2026-06-10 11:33:00,payment,66.85,61.94,590.93,5172,6.82,1
2026-06-10 11:33:00,order,63.55,70.61,679.2,4918,6.44,1
2026-06-10 11:36:00,notification,59.85,72.52,423.24,3812,3.89,0
2026-06-10 11:36:00,payment,62.52,64.13,517.64,4114,5.84,1
2026-06-10 11:36:00,order,61.34,57.88,582.4,4795,7.58,1
2026-06-10 11:39:00,order,96.57,99.03,2326.6,9142,31.02,1
2026-06-10 11:39:00,payment,54.82,60.47,546.41,4637,6.04,0
2026-06-10 11:39:00,notification,64.43,59.38,464.27,4585,7.69,1
2026-06-10 11:42:00,order,96.87,84.55,1643.76,7637,22.24,1
2026-06-10 11:42:00,notification,62.01,65.06,497.7,5166,7.28,1
2026-06-10 11:42:00,payment,59.5,63.65,573.08,5215,5.1,1
2026-06-10 11:45:00,payment,77.56,73.36,681.2,5529,9.47,1
2026-06-10 11:45:00,order,76.97,82.94,1342.9,7486,17.32,1
2026-06-10 11:45:00,notification,59.05,65.02,533.92,4572,6.64,1
2026-06-10 11:48:00,notification,60.57,64.46,743.47,5240,7.44,1
2026-06-10 11:48:00,payment,71.14,74.59,862.42,6033,7.35,1
2026-06-10 11:48:00,order,81.59,85.23,1165.44,5982,12.62,1
2026-06-10 11:51:00,notification,63.41,69.35,650.71,5489,7.68,1
2026-06-10 11:51:00,payment,74.94,66.45,854.55,5554,9.45,1
2026-06-10 11:51:00,order,79.75,85.8,1075.87,6024,11.8,1
2026-06-10 11:54:00,payment,73.32,67.03,924.39,5995,9.09,1
2026-06-10 11:54:00,order,66.25,67.54,934.96,6357,10.35,1
2026-06-10 11:54:00,notification,78.01,65.42,701.93,5720,9.59,1
2026-06-10 11:57:00,order,65.11,76.26,773.08,6355,8.9,1
2026-06-10 11:57:00,notification,57.57,60.27,654.3,4981,6.64,0
2026-06-10 11:57:00,payment,72.88,74.71,829.25,5979,9.36,0
2026-06-10 12:00:00,notification,58.66,62.94,534.87,4802,9.26,1
2026-06-10 12:00:00,payment,67.57,71.42,715.03,5471,8.53,1
2026-06-10 12:00:00,order,68.76,78.27,770.74,5854,9.71,1
2026-06-10 12:03:00,order,75.52,70.1,804.07,5063,11.26,1
2026-06-10 12:03:00,notification,70.75,61.66,726.27,5431,8.96,0
2026-06-10 12:03:00,payment,73.58,67.41,848.42,5418,7.37,1
2026-06-10 12:06:00,notification,58.9,69.74,509.86,5059,7.25,0
2026-06-10 12:06:00,order,60.13,72.62,747.28,4614,7.15,1
2026-06-10 12:06:00,payment,70.01,76.63,686.67,5787,10.24,1
2026-06-10 12:09:00,order,87.7,66.82,807.42,5299,6.35,1
2026-06-10 12:09:00,notification,63.48,61.85,499.36,4626,5.77,1
2026-06-10 12:09:00,payment,67.92,73.27,690.56,5627,6.3,0
2026-06-10 12:12:00,payment,61.29,65.34,682.02,5493,6.42,0
2026-06-10 12:12:00,notification,51.76,59.04,401.05,4401,4.66,1
2026-06-10 12:12:00,order,68.44,64.52,562.6,5727,8.57,1
2026-06-10 12:15:00,payment,68.93,65.83,747.67,6340,6.79,1
2026-06-10 12:15:00,notification,55.92,63.21,417.51,4455,6.41,0
2026-06-10 12:15:00,order,65.73,64.4,623.74,5408,7.71,0
2026-06-10 12:18:00,order,67.98,69.68,677.27,4601,6.43,0
2026-06-10 12:18:00,notification,61.26,57.06,447.54,4101,3.54,0
2026-06-10 12:18:00,payment,66.21,68.3,747.81,5709,8.28,1
2026-06-10 12:21:00,order,53.0,66.16,607.99,5308,5.53,1
2026-06-10 12:21:00,notification,45.9,43.02,394.37,3891,4.39,0
2026-06-10 12:21:00,payment,56.47,60.77,505.22,5107,6.22,0
2026-06-10 12:24:00,order,70.36,63.09,611.64,5740,6.54,1
2026-06-10 12:24:00,notification,61.39,58.45,473.65,4040,4.77,0
2026-06-10 12:24:00,payment,75.81,69.9,492.47,4888,6.09,1
2026-06-10 12:27:00,order,57.99,65.53,649.88,5918,9.3,1
2026-06-10 12:27:00,notification,65.13,67.24,689.13,4841,4.53,0
2026-06-10 12:27:00,payment,52.92,70.59,666.31,4898,8.06,1
2026-06-10 12:30:00,payment,69.45,67.15,744.14,4782,5.88,1
2026-06-10 12:30:00,notification,56.53,67.09,556.74,4245,5.47,0
2026-06-10 12:30:00,order,69.36,67.36,655.82,5785,7.78,1
2026-06-10 12:33:00,order,64.0,65.99,734.63,5941,10.21,1
2026-06-10 12:33:00,payment,58.43,70.28,546.97,5292,7.62,1
2026-06-10 12:33:00,notification,65.69,55.83,409.47,4716,1.63,1
2026-06-10 12:36:00,payment,68.85,74.78,707.26,4610,8.3,1
2026-06-10 12:36:00,order,66.53,76.77,769.0,5513,11.88,1
2026-06-10 12:36:00,notification,55.72,57.97,396.49,4866,5.62,1
2026-06-10 12:39:00,order,81.66,79.15,971.0,5671,10.41,1
2026-06-10 12:39:00,payment,83.81,71.24,871.75,5820,9.08,1
2026-06-10 12:39:00,notification,58.62,66.66,622.17,5353,7.18,0
2026-06-10 12:42:00,notification,61.78,54.07,497.98,4493,4.14,1
2026-06-10 12:42:00,order,67.46,75.53,825.43,6371,5.02,1
2026-06-10 12:42:00,payment,63.24,73.49,926.54,5904,10.42,1
2026-06-10 12:45:00,order,58.3,84.74,701.69,5478,7.47,1
2026-06-10 12:45:00,notification,63.79,59.04,547.24,5528,4.01,1
2026-06-10 12:45:00,payment,66.78,76.23,777.74,5918,8.05,1
2026-06-10 12:48:00,notification,40.98,63.46,570.93,4833,4.68,0
2026-06-10 12:48:00,order,72.64,71.65,811.51,4780,6.41,0
2026-06-10 12:48:00,payment,71.05,75.72,955.39,5971,12.48,1
2026-06-10 12:51:00,order,63.82,81.75,913.74,6250,11.92,1
2026-06-10 12:51:00,notification,44.31,67.95,464.52,4515,5.8,0
2026-06-10 12:51:00,payment,62.82,66.64,893.65,5158,8.42,0
2026-06-10 12:54:00,notification,54.68,63.37,637.32,5844,8.25,1
2026-06-10 12:54:00,payment,66.45,61.43,540.15,5485,4.01,1
2026-06-10 12:54:00,order,78.13,73.2,934.5,6305,10.28,1
2026-06-10 12:57:00,notification,64.69,57.4,551.86,4556,7.46,1
2026-06-10 12:57:00,payment,57.29,62.83,669.27,4726,4.89,1
2026-06-10 12:57:00,order,72.74,73.32,1011.62,6158,10.8,1
2026-06-10 13:00:00,order,64.33,74.58,889.55,6317,10.01,1
2026-06-10 13:00:00,payment,67.1,63.0,638.62,4761,6.8,1
2026-06-10 13:00:00,notification,64.81,62.66,715.89,5177,8.23,0
2026-06-10 13:03:00,order,76.01,74.05,944.02,5669,11.49,1
2026-06-10 13:03:00,payment,54.59,58.65,650.49,5301,5.61,0
2026-06-10 13:03:00,notification,54.73,80.7,743.95,5338,8.27,0
2026-06-10 13:06:00,payment,54.21,71.5,661.73,5395,4.94,0
2026-06-10 13:06:00,order,72.41,71.08,884.08,5621,8.27,1
2026-06-10 13:06:00,notification,73.9,67.11,697.17,4535,3.94,1
2026-06-10 13:09:00,notification,65.45,71.45,576.42,5422,6.03,1
2026-06-10 13:09:00,order,55.26,65.2,861.84,4945,7.22,1
2026-06-10 13:09:00,payment,64.09,70.2,777.79,5253,7.68,1
2026-06-10 13:12:00,order,69.52,67.33,922.63,5445,7.98,1
2026-06-10 13:12:00,payment,59.38,64.59,874.82,5568,8.12,1
2026-06-10 13:12:00,notification,58.7,63.79,552.22,4953,6.76,1
2026-06-10 13:15:00,notification,66.39,62.5,622.48,5437,7.86,0
2026-06-10 13:15:00,order,69.11,75.7,900.93,6170,8.6,1
2026-06-10 13:15:00,payment,76.61,68.99,885.64,5613,9.2,1
2026-06-10 13:18:00,order,70.96,76.07,906.54,4506,8.47,1
2026-06-10 13:18:00,payment,59.21,70.02,897.91,6249,7.53,1
2026-06-10 13:18:00,notification,61.59,61.21,748.41,5441,6.56,1
2026-06-10 13:21:00,order,71.53,83.43,913.12,6013,12.15,1
2026-06-10 13:21:00,payment,63.03,72.58,839.85,5991,11.91,1
2026-06-10 13:21:00,notification,72.61,66.43,734.37,4784,5.58,1
2026-06-10 13:24:00,payment,75.06,69.08,1144.37,6148,11.41,1
2026-06-10 13:24:00,order,74.48,70.35,877.06,5672,9.66,1
2026-06-10 13:24:00,notification,78.3,75.87,866.89,6384,10.72,1
2026-06-10 13:27:00,order,75.87,71.96,890.7,6387,9.18,1
2026-06-10 13:27:00,notification,83.37,68.9,998.67,6012,10.47,1
2026-06-10 13:27:00,payment,63.54,63.05,849.03,5909,8.46,1
2026-06-10 13:30:00,payment,56.51,71.2,754.99,5424,8.38,1
2026-06-10 13:30:00,notification,72.82,75.62,933.13,6264,8.46,1
2026-06-10 13:30:00,order,74.32,70.06,1088.52,5475,11.41,1
2026-06-10 13:33:00,notification,66.83,63.05,918.39,4971,9.1,1
2026-06-10 13:33:00,order,73.67,81.89,1001.32,6126,11.04,1
2026-06-10 13:33:00,payment,80.04,62.78,732.15,5808,6.36,1
2026-06-10 13:36:00,notification,69.19,64.63,794.31,5275,6.81,1
2026-06-10 13:36:00,payment,65.46,72.39,825.87,6103,9.65,1
2026-06-10 13:36:00,order,72.87,69.53,1070.21,5862,10.45,1
2026-06-10 13:39:00,order,67.07,72.74,872.76,6121,11.27,1
2026-06-10 13:39:00,notification,76.51,68.66,786.77,5236,9.01,1
2026-06-10 13:39:00,payment,70.01,71.68,821.09,6248,12.25,1
2026-06-10 13:42:00,payment,68.32,71.33,795.26,5660,8.96,1
2026-06-10 13:42:00,notification,66.57,73.53,745.97,5774,7.05,1
2026-06-10 13:42:00,order,63.46,73.53,849.57,5837,9.26,1
2026-06-10 13:45:00,order,67.67,68.23,999.03,5697,11.03,1
2026-06-10 13:45:00,notification,78.25,70.19,813.89,5769,9.22,1
2026-06-10 13:45:00,payment,75.19,74.35,981.06,5528,9.9,1
2026-06-10 13:48:00,payment,75.14,82.3,979.52,6502,10.13,1
2026-06-10 13:48:00,order,72.45,78.77,932.41,6077,11.65,1
2026-06-10 13:48:00,notification,67.04,74.98,895.44,6036,7.72,0
2026-06-10 13:51:00,order,66.29,78.58,884.9,5728,9.8,1
2026-06-10 13:51:00,notification,63.83,69.27,677.03,5637,10.12,1
2026-06-10 13:51:00,payment,65.44,64.65,843.21,6529,11.49,1
2026-06-10 13:54:00,order,66.61,71.63,798.15,5807,9.17,1
2026-06-10 13:54:00,payment,68.57,77.13,876.17,5504,9.49,1
2026-06-10 13:54:00,notification,70.55,72.58,770.02,5512,9.76,1
2026-06-10 13:57:00,order,72.71,67.41,696.2,5218,7.75,1
2026-06-10 13:57:00,notification,64.35,70.91,876.4,6252,7.83,1
2026-06-10 13:57:00,payment,71.48,62.15,952.19,6262,9.42,1
2026-06-10 14:00:00,notification,57.19,71.84,721.27,6231,8.61,1
2026-06-10 14:00:00,order,61.82,66.28,620.33,5837,5.45,1
2026-06-10 14:00:00,payment,81.15,84.91,1162.75,6421,16.06,1
2026-06-10 14:03:00,order,65.2,74.54,702.75,5012,5.63,1
2026-06-10 14:03:00,payment,69.9,67.94,1072.39,6982,11.46,1
2026-06-10 14:03:00,notification,65.29,69.95,779.55,6261,8.7,1
2026-06-10 14:06:00,payment,87.42,88.99,1082.64,6555,12.11,1
2026-06-10 14:06:00,order,59.46,64.82,550.94,4670,5.47,0
2026-06-10 14:06:00,notification,85.0,71.96,849.31,5956,8.58,1
2026-06-10 14:09:00,order,67.64,63.58,555.62,4573,6.05,0
2026-06-10 14:09:00,notification,55.47,75.02,714.9,5488,5.97,1
2026-06-10 14:09:00,payment,69.15,73.49,1017.76,7614,10.36,1
2026-06-10 14:12:00,notification,70.57,71.1,749.11,5427,7.47,0
2026-06-10 14:12:00,order,65.76,56.87,563.27,4280,6.41,1
2026-06-10 14:12:00,payment,73.87,82.07,957.02,6185,10.64,1
2026-06-10 14:15:00,order,58.09,50.62,551.17,5242,4.57,1
2026-06-10 14:15:00,notification,67.67,72.22,932.24,5536,10.09,1
2026-06-10 14:15:00,payment,65.39,79.72,1044.95,6752,9.41,1
2026-06-10 14:18:00,notification,66.83,70.22,897.86,5517,8.84,1
2026-06-10 14:18:00,order,66.24,70.91,593.84,4832,5.06,1
2026-06-10 14:18:00,payment,64.02,71.66,912.36,6733,9.76,1
2026-06-10 14:21:00,notification,61.85,81.53,844.96,5350,9.77,1
2026-06-10 14:21:00,payment,62.86,68.91,742.55,5894,9.86,0
2026-06-10 14:21:00,order,75.76,66.55,581.08,4995,7.92,1
2026-06-10 14:24:00,notification,61.58,72.14,607.33,4635,6.37,1
2026-06-10 14:24:00,payment,65.26,69.04,955.12,6015,7.77,1
2026-06-10 14:24:00,order,53.75,60.08,560.0,5027,6.08,1
2026-06-10 14:27:00,order,70.33,78.16,709.08,4907,7.0,1
2026-06-10 14:27:00,payment,64.78,73.93,777.98,5628,9.83,1
2026-06-10 14:27:00,notification,57.3,57.76,466.23,4938,6.77,1
2026-06-10 14:30:00,payment,59.99,66.69,754.71,5443,9.04,0
2026-06-10 14:30:00,order,58.05,73.23,783.32,5975,9.72,1
2026-06-10 14:30:00,notification,63.89,66.85,633.7,5164,4.37,1
2026-06-10 14:33:00,payment,70.22,64.87,664.85,5912,8.42,0
2026-06-10 14:33:00,order,68.38,69.76,737.32,5540,10.27,1
2026-06-10 14:33:00,notification,74.46,70.86,671.43,4169,4.74,1
2026-06-10 14:36:00,notification,63.13,67.57,631.6,4693,5.35,0
2026-06-10 14:36:00,payment,66.43,75.95,954.32,5656,10.23,1
2026-06-10 14:36:00,order,65.7,74.47,772.93,5150,9.31,1
2026-06-10 14:39:00,payment,63.8,67.11,967.75,5730,9.49,1
2026-06-10 14:39:00,notification,60.12,66.79,589.71,5387,8.65,1
2026-06-10 14:39:00,order,57.55,72.28,819.89,4911,7.76,1
2026-06-10 14:42:00,order,75.87,73.49,880.18,5372,9.82,1
2026-06-10 14:42:00,payment,64.5,68.0,685.68,5433,9.85,1
2026-06-10 14:42:00,notification,66.42,64.02,586.65,5321,7.1,0
2026-06-10 14:45:00,order,71.88,70.11,826.6,5909,11.43,1
2026-06-10 14:45:00,notification,62.9,71.71,785.86,5468,7.86,1
2026-06-10 14:45:00,payment,71.15,68.78,730.6,4676,5.36,1
2026-06-10 14:48:00,payment,70.81,68.69,802.46,6176,10.19,1
2026-06-10 14:48:00,order,66.3,77.37,1014.3,6048,10.15,1
2026-06-10 14:48:00,notification,65.74,66.3,842.89,5645,10.5,1
2026-06-10 14:51:00,notification,58.31,63.78,669.13,5219,4.92,1
2026-06-10 14:51:00,order,75.35,79.87,958.52,6135,11.71,1
2026-06-10 14:51:00,payment,60.97,62.72,765.01,5401,5.19,1
2026-06-10 14:54:00,order,75.78,69.59,818.04,5331,9.06,1
2026-06-10 14:54:00,notification,68.77,63.62,514.34,5313,6.94,1
2026-06-10 14:54:00,payment,50.91,71.11,622.67,4501,6.38,0
2026-06-10 14:57:00,payment,60.61,69.14,798.0,6023,7.67,1
2026-06-10 14:57:00,notification,68.06,68.59,586.73,4606,6.42,0
2026-06-10 14:57:00,order,61.34,64.49,996.75,6010,9.39,1
2026-06-10 15:00:00,payment,60.99,69.37,746.71,5106,9.78,0
2026-06-10 15:00:00,order,50.87,76.85,937.81,5237,9.98,1
2026-06-10 15:00:00,notification,62.84,73.75,635.35,4527,8.87,1
2026-06-10 15:03:00,payment,73.09,67.42,652.02,5383,5.62,1
2026-06-10 15:03:00,order,62.29,69.14,611.93,4573,7.6,1
2026-06-10 15:03:00,notification,54.69,64.16,721.28,5161,7.91,1
2026-06-10 15:06:00,notification,54.17,61.31,549.26,5062,4.79,1
2026-06-10 15:06:00,order,57.11,69.51,557.8,5426,7.11,1
2026-06-10 15:06:00,payment,68.3,70.45,751.91,5308,5.4,1
2026-06-10 15:09:00,notification,61.27,71.41,670.58,4811,8.12,1
2026-06-10 15:09:00,order,68.81,64.74,608.53,4837,4.27,1
2026-06-10 15:09:00,payment,60.12,63.15,630.48,5412,7.36,1
2026-06-10 15:12:00,notification,70.9,64.24,609.92,6110,7.15,1
2026-06-10 15:12:00,order,59.82,70.39,536.89,5196,7.89,1
2026-06-10 15:12:00,payment,64.06,72.28,700.61,5642,10.12,1
2026-06-10 15:15:00,notification,41.08,48.9,429.99,5071,5.99,0
2026-06-10 15:15:00,order,66.52,64.53,846.29,5869,8.0,1
2026-06-10 15:15:00,payment,66.91,75.16,932.38,6054,11.08,1
2026-06-10 15:18:00,payment,66.52,64.92,938.86,5926,11.06,1
2026-06-10 15:18:00,order,64.08,67.32,647.79,5332,8.88,1
2026-06-10 15:18:00,notification,66.06,76.8,741.23,5130,7.69,1
2026-06-10 15:21:00,payment,72.15,80.76,867.89,5775,10.29,1
2026-06-10 15:21:00,notification,71.13,74.67,754.97,4893,10.28,1
2026-06-10 15:21:00,order,61.11,67.4,900.69,6297,8.67,0
2026-06-10 15:24:00,order,68.37,76.56,795.08,5831,9.8,1
2026-06-10 15:24:00,payment,69.03,80.25,866.04,6511,9.42,1
2026-06-10 15:24:00,notification,68.61,71.4,688.37,5590,4.24,1
2026-06-10 15:27:00,payment,80.53,66.65,855.3,5442,9.39,1
2026-06-10 15:27:00,order,54.55,65.74,574.92,4777,7.27,0
2026-06-10 15:27:00,notification,65.91,66.88,530.03,4661,6.74,1
2026-06-10 15:30:00,payment,72.37,62.35,647.68,6233,6.63,1
2026-06-10 15:30:00,order,55.32,68.03,604.58,5121,5.38,1
2026-06-10 15:30:00,notification,68.98,65.46,641.01,4873,9.18,1
2026-06-10 15:33:00,notification,61.92,57.07,664.14,4866,5.19,0
2026-06-10 15:33:00,payment,68.12,65.21,605.82,4582,5.26,1
2026-06-10 15:33:00,order,55.74,67.98,692.47,4744,6.96,1
2026-06-10 15:36:00,order,52.74,62.53,579.26,5023,4.34,1
2026-06-10 15:36:00,payment,60.88,54.06,494.69,4565,4.33,1
2026-06-10 15:36:00,notification,69.59,66.86,707.07,4860,6.24,1
2026-06-10 15:39:00,order,58.53,67.78,513.86,5170,5.57,1
2026-06-10 15:39:00,notification,55.2,67.77,783.4,5286,8.19,0
2026-06-10 15:39:00,payment,53.15,67.02,490.38,4571,3.57,0
2026-06-10 15:42:00,notification,64.88,69.38,831.06,5418,9.95,1
2026-06-10 15:42:00,order,56.12,70.84,487.93,4082,7.91,1
2026-06-10 15:42:00,payment,57.54,56.39,486.43,4040,3.67,0
2026-06-10 15:45:00,order,59.3,66.71,450.87,4183,5.2,1
2026-06-10 15:45:00,payment,54.26,68.87,442.48,4967,4.1,1
2026-06-10 15:45:00,notification,66.28,70.08,755.15,4934,7.47,1
2026-06-10 15:48:00,order,53.13,57.41,684.83,4928,6.39,1
2026-06-10 15:48:00,payment,64.23,55.02,386.59,4427,3.03,0
2026-06-10 15:48:00,notification,60.92,74.46,674.0,4981,6.68,1
2026-06-10 15:51:00,payment,50.19,52.93,194.12,3407,2.18,0
2026-06-10 15:51:00,notification,58.77,67.36,800.24,6052,7.3,1
2026-06-10 15:51:00,order,61.66,67.08,704.37,4809,4.97,0
2026-06-10 15:54:00,payment,49.11,59.63,170.37,4013,2.49,0
2026-06-10 15:54:00,notification,60.3,66.12,600.98,5549,6.61,0
2026-06-10 15:54:00,order,59.77,66.87,665.77,4986,6.9,0
2026-06-10 15:57:00,payment,49.58,52.76,303.22,3196,1.23,0
2026-06-10 15:57:00,notification,69.83,76.11,785.84,5384,7.17,1
2026-06-10 15:57:00,order,68.26,76.02,782.76,5698,8.12,1
2026-06-10 16:00:00,payment,59.99,56.36,320.61,3455,3.21,0
2026-06-10 16:00:00,notification,67.75,66.78,814.57,5031,7.18,0
2026-06-10 16:00:00,order,67.35,66.05,767.26,5938,5.39,1
2026-06-10 16:03:00,payment,47.08,65.66,389.09,4567,3.63,0
2026-06-10 16:03:00,notification,65.38,68.22,715.75,5628,10.17,1
2026-06-10 16:03:00,order,63.33,60.67,527.83,4849,5.15,1
2026-06-10 16:06:00,order,53.25,67.34,556.61,4486,6.43,1
2026-06-10 16:06:00,payment,66.38,57.13,394.22,4627,4.36,0
2026-06-10 16:06:00,notification,67.61,68.25,685.52,6110,7.7,1
2026-06-10 16:09:00,notification,65.35,62.82,697.98,5899,5.66,0
2026-06-10 16:09:00,order,59.86,63.5,617.53,4911,7.08,1
2026-06-10 16:09:00,payment,57.82,56.64,624.76,4821,4.4,1
2026-06-10 16:12:00,order,52.99,57.4,477.1,4350,4.5,1
2026-06-10 16:12:00,payment,51.2,56.24,604.02,4717,6.69,0
2026-06-10 16:12:00,notification,71.46,64.17,745.42,5038,7.82,0
2026-06-10 16:15:00,notification,65.64,60.77,603.08,4790,2.28,1
2026-06-10 16:15:00,payment,55.64,66.9,489.58,4724,6.75,1
2026-06-10 16:15:00,order,62.08,57.63,423.83,3544,5.11,0
2026-06-10 16:18:00,order,55.3,52.25,392.39,3871,4.05,1
2026-06-10 16:18:00,notification,62.99,67.87,626.59,4409,4.14,1
2026-06-10 16:18:00,payment,48.62,64.55,496.51,5101,3.81,1
2026-06-10 16:21:00,order,59.42,63.8,499.41,4539,4.37,0
2026-06-10 16:21:00,payment,63.08,68.44,563.37,4812,5.9,0
2026-06-10 16:21:00,notification,66.71,69.26,802.46,5813,9.16,1
2026-06-10 16:24:00,payment,51.61,60.65,468.15,4225,6.59,1
2026-06-10 16:24:00,order,55.32,64.87,612.85,5428,9.33,0
2026-06-10 16:24:00,notification,76.9,69.72,921.62,6023,8.91,1
2026-06-10 16:27:00,order,61.26,70.58,710.85,5754,5.69,0
2026-06-10 16:27:00,notification,84.07,77.78,1033.41,6508,12.16,1
2026-06-10 16:27:00,payment,60.15,55.96,490.08,4342,4.13,1
2026-06-10 16:30:00,payment,65.98,51.39,519.28,5324,4.23,0
2026-06-10 16:30:00,order,66.15,66.71,662.08,4863,7.81,1
2026-06-10 16:30:00,notification,66.55,74.5,1014.43,6969,11.34,1
2026-06-10 16:33:00,order,62.46,66.51,532.81,4800,5.88,1
2026-06-10 16:33:00,notification,71.49,69.17,884.89,6353,9.94,1
2026-06-10 16:33:00,payment,53.32,75.95,559.32,4235,5.59,1
2026-06-10 16:36:00,order,63.47,64.96,721.32,5568,6.82,1
2026-06-10 16:36:00,notification,70.69,86.83,1024.22,5416,10.13,1
2026-06-10 16:36:00,payment,59.22,67.18,654.22,5006,4.26,0
2026-06-10 16:39:00,notification,66.81,73.95,1022.73,5999,9.76,1
2026-06-10 16:39:00,order,58.0,69.78,847.2,5525,10.85,1
2026-06-10 16:39:00,payment,54.48,66.48,580.0,5595,5.42,0
2026-06-10 16:42:00,order,63.2,65.04,822.71,5805,8.81,1
2026-06-10 16:42:00,notification,70.11,75.78,1049.72,6605,9.66,1
2026-06-10 16:42:00,payment,58.94,66.31,622.89,5160,4.76,1
2026-06-10 16:45:00,order,64.49,74.2,682.32,5376,7.53,1
2026-06-10 16:45:00,payment,77.36,58.31,612.91,4711,7.11,1
2026-06-10 16:45:00,notification,67.47,70.46,863.26,5192,11.24,1
2026-06-10 16:48:00,payment,66.53,61.45,551.23,4601,5.36,1
2026-06-10 16:48:00,notification,75.69,63.91,787.26,5824,7.9,1
2026-06-10 16:48:00,order,72.46,68.08,681.65,5370,6.91,1
2026-06-10 16:51:00,notification,64.35,71.72,852.76,5993,10.49,1
2026-06-10 16:51:00,order,52.86,57.46,710.71,5079,7.82,1
2026-06-10 16:51:00,payment,58.17,72.36,537.02,5530,5.13,1
2026-06-10 16:54:00,payment,56.73,67.48,496.03,4434,4.79,0
2026-06-10 16:54:00,order,59.16,60.51,718.12,5822,6.49,1
2026-06-10 16:54:00,notification,68.66,64.07,718.92,5075,7.08,0
2026-06-10 16:57:00,notification,64.57,74.09,747.98,6166,8.4,1
2026-06-10 16:57:00,payment,58.88,59.3,608.42,4493,6.64,1
2026-06-10 16:57:00,order,51.65,71.6,603.31,4498,6.82,0
2026-06-10 17:00:00,payment,57.99,55.35,583.47,4656,3.63,0
2026-06-10 17:00:00,order,65.99,67.04,752.37,5067,6.92,0
2026-06-10 17:00:00,notification,78.71,75.23,1048.72,5702,8.38,1
2026-06-10 17:03:00,payment,51.28,56.01,387.32,4051,2.02,1
2026-06-10 17:03:00,order,72.41,68.22,661.47,5770,6.64,0
2026-06-10 17:03:00,notification,66.19,71.18,684.42,6243,6.02,1
2026-06-10 17:06:00,order,67.92,68.71,547.73,5326,6.05,0
2026-06-10 17:06:00,payment,57.34,57.33,381.02,4408,2.07,0
2026-06-10 17:06:00,notification,69.12,61.59,621.92,5086,6.31,1
2026-06-10 17:09:00,payment,51.14,71.44,545.3,3882,5.39,0
2026-06-10 17:09:00,order,65.89,68.34,632.93,5006,6.52,1
2026-06-10 17:09:00,notification,63.18,55.78,596.36,5508,6.02,0
2026-06-10 17:12:00,order,55.82,73.2,623.87,5389,5.88,1
2026-06-10 17:12:00,notification,55.12,56.32,591.26,5990,7.6,1
2026-06-10 17:12:00,payment,50.12,59.41,531.52,4278,5.19,0
2026-06-10 17:15:00,order,62.89,66.64,582.51,5045,6.12,1
2026-06-10 17:15:00,payment,65.59,60.75,587.96,5441,8.24,1
2026-06-10 17:15:00,notification,61.3,69.36,575.51,5411,9.65,1
2026-06-10 17:18:00,notification,73.02,63.88,729.98,5122,6.72,0
2026-06-10 17:18:00,order,56.06,65.97,603.68,5200,3.26,0
2026-06-10 17:18:00,payment,58.47,68.19,709.26,5670,6.06,1
2026-06-10 17:21:00,order,59.51,60.27,505.52,5174,4.8,1
2026-06-10 17:21:00,notification,66.28,59.56,743.53,5407,5.89,1
2026-06-10 17:21:00,payment,72.72,72.23,806.46,5477,8.51,1
2026-06-10 17:24:00,order,65.81,58.5,699.73,4510,7.63,0
2026-06-10 17:24:00,notification,75.87,69.54,736.82,5871,4.04,1
2026-06-10 17:24:00,payment,69.36,65.44,800.74,5416,12.2,1
2026-06-10 17:27:00,payment,62.15,76.95,1000.95,6305,10.7,1
2026-06-10 17:27:00,order,61.38,68.87,565.84,4941,4.76,0
2026-06-10 17:27:00,notification,72.33,70.54,675.59,5262,5.04,0
2026-06-10 17:30:00,payment,70.01,77.81,801.86,5289,8.57,1
2026-06-10 17:30:00,order,63.63,65.53,526.23,4317,7.46,1
2026-06-10 17:30:00,notification,63.44,69.3,694.83,5285,10.33,1
2026-06-10 17:33:00,notification,58.49,66.07,821.71,4911,8.77,1
2026-06-10 17:33:00,order,54.7,65.69,416.6,4450,4.73,0
2026-06-10 17:33:00,payment,51.42,65.83,570.12,5486,6.05,0
2026-06-10 17:36:00,notification,74.28,68.88,783.39,5754,8.8,1
2026-06-10 17:36:00,order,61.32,72.14,613.15,5167,5.35,1
2026-06-10 17:36:00,payment,64.52,60.17,564.68,4909,6.31,0
2026-06-10 17:39:00,notification,70.17,72.74,701.32,4818,7.58,1
2026-06-10 17:39:00,order,70.81,57.6,499.49,3727,5.58,1
2026-06-10 17:39:00,payment,60.47,62.87,525.34,4740,6.84,0
2026-06-10 17:42:00,order,61.71,59.7,532.29,4014,4.19,0
2026-06-10 17:42:00,payment,73.36,57.46,499.46,4628,5.6,0
2026-06-10 17:42:00,notification,64.67,72.65,703.5,5651,5.73,1
2026-06-10 17:45:00,payment,69.24,65.55,693.69,4856,5.83,1
2026-06-10 17:45:00,order,57.53,68.9,621.46,4173,8.03,1
2026-06-10 17:45:00,notification,53.92,64.7,679.66,5592,6.87,1
2026-06-10 17:48:00,payment,59.62,70.46,689.3,4827,7.42,1
2026-06-10 17:48:00,notification,57.87,65.21,648.33,5154,5.62,1
2026-06-10 17:48:00,order,58.6,65.11,613.09,4598,6.35,1
2026-06-10 17:51:00,payment,54.1,64.63,869.31,5675,7.0,1
2026-06-10 17:51:00,notification,66.1,90.65,696.64,5328,8.73,1
2026-06-10 17:51:00,order,63.54,69.62,473.47,4611,5.15,1
2026-06-10 17:54:00,payment,62.96,79.88,900.19,5293,6.93,1
2026-06-10 17:54:00,order,62.01,59.28,477.7,4965,5.52,0
2026-06-10 17:54:00,notification,67.39,76.5,698.69,5345,6.31,1
2026-06-10 17:57:00,order,57.91,72.27,514.7,4050,5.49,1
2026-06-10 17:57:00,notification,55.14,64.78,572.83,4934,4.94,1
2026-06-10 17:57:00,payment,56.71,71.22,644.0,5402,9.17,1
2026-06-10 18:00:00,notification,62.73,67.85,534.85,4327,4.82,1
2026-06-10 18:00:00,order,54.62,67.32,687.45,6138,6.16,1
2026-06-10 18:00:00,payment,71.63,55.45,719.51,5095,5.29,1
2026-06-10 18:03:00,notification,59.64,61.18,497.18,4073,3.44,1
2026-06-10 18:03:00,payment,64.79,59.09,755.05,5716,6.9,1
2026-06-10 18:03:00,order,59.77,76.62,812.39,5572,7.61,1
2026-06-10 18:06:00,notification,56.15,63.65,258.23,3910,3.78,0
2026-06-10 18:06:00,payment,70.04,62.69,647.87,5386,6.78,1
2026-06-10 18:06:00,order,64.8,54.96,672.02,5397,7.64,1
2026-06-10 18:09:00,notification,58.89,56.41,456.36,4347,4.23,1
2026-06-10 18:09:00,payment,60.49,73.57,466.34,5494,6.22,1
2026-06-10 18:09:00,order,66.1,68.49,573.35,5339,6.61,0
2026-06-10 18:12:00,order,68.4,65.97,743.89,4462,4.84,0
2026-06-10 18:12:00,notification,44.3,65.07,363.47,5014,5.86,0
2026-06-10 18:12:00,payment,59.2,68.54,609.86,5392,6.16,0
2026-06-10 18:15:00,payment,58.36,70.75,525.72,4755,4.52,1
2026-06-10 18:15:00,notification,61.71,68.61,464.18,5016,4.35,1
2026-06-10 18:15:00,order,44.58,50.65,538.67,4187,6.29,0
2026-06-10 18:18:00,notification,58.74,64.44,593.17,4390,7.77,0
2026-06-10 18:18:00,order,62.54,61.5,532.12,4072,4.96,1
2026-06-10 18:18:00,payment,63.56,61.3,509.36,4603,5.95,1
2026-06-10 18:21:00,order,67.77,56.99,529.49,4943,4.89,1
2026-06-10 18:21:00,payment,55.89,57.74,403.3,3941,4.49,0
2026-06-10 18:21:00,notification,61.86,60.15,510.95,4831,5.49,1
2026-06-10 18:24:00,order,49.53,64.54,714.63,4826,7.8,0
2026-06-10 18:24:00,payment,44.63,49.97,285.54,3440,2.79,0
2026-06-10 18:24:00,notification,51.15,65.39,564.31,4920,5.81,0
2026-06-10 18:27:00,payment,61.5,58.63,344.09,4433,2.41,0
2026-06-10 18:27:00,order,66.05,70.52,613.59,5338,7.3,1
2026-06-10 18:27:00,notification,47.93,56.92,601.67,4924,6.75,0
2026-06-10 18:30:00,notification,65.03,62.94,578.17,4866,6.88,1
2026-06-10 18:30:00,payment,49.62,55.57,404.46,4121,4.42,0
2026-06-10 18:30:00,order,74.66,71.79,962.77,5590,7.83,1
2026-06-10 18:33:00,payment,52.72,58.83,427.74,4593,3.96,1
2026-06-10 18:33:00,order,64.4,76.52,1022.55,6725,11.01,1
2026-06-10 18:33:00,notification,48.7,55.88,347.73,4181,4.55,0
2026-06-10 18:36:00,order,71.46,76.86,1017.71,6080,12.64,1
2026-06-10 18:36:00,payment,39.81,69.22,458.52,4225,3.05,0
2026-06-10 18:36:00,notification,38.95,60.94,276.94,4575,3.73,0
2026-06-10 18:39:00,payment,61.63,61.38,414.31,5223,6.08,1
2026-06-10 18:39:00,order,75.58,85.96,997.21,5643,10.36,1
2026-06-10 18:39:00,notification,44.65,58.64,255.22,3692,3.88,0
2026-06-10 18:42:00,payment,56.68,67.18,468.71,4293,3.46,0
2026-06-10 18:42:00,order,68.0,74.56,943.0,6159,9.88,1
2026-06-10 18:42:00,notification,52.0,60.98,342.61,3799,3.21,0
2026-06-10 18:45:00,payment,56.78,52.67,399.04,4075,5.4,0
2026-06-10 18:45:00,notification,56.54,60.92,287.06,3428,3.46,1
2026-06-10 18:45:00,order,62.77,68.6,641.51,5275,7.21,1
2026-06-10 18:48:00,order,65.69,69.64,694.99,5798,7.08,1
2026-06-10 18:48:00,payment,55.09,75.18,552.66,4309,1.73,1
2026-06-10 18:48:00,notification,57.27,55.59,571.67,4063,3.97,0
2026-06-10 18:51:00,order,57.96,67.93,725.29,5426,7.62,1
2026-06-10 18:51:00,payment,56.09,61.59,504.91,5386,4.95,0
2026-06-10 18:51:00,notification,57.1,72.25,586.82,5110,4.79,1
2026-06-10 18:54:00,order,56.87,58.7,643.98,5229,7.74,0
2026-06-10 18:54:00,payment,56.92,66.65,520.92,4270,6.66,1
2026-06-10 18:54:00,notification,62.09,71.34,601.98,5671,6.24,1
2026-06-10 18:57:00,notification,71.13,62.4,803.74,5281,5.96,1
2026-06-10 18:57:00,payment,64.61,69.73,740.84,4704,6.19,1
2026-06-10 18:57:00,order,61.34,66.06,510.01,4960,6.03,1
2026-06-10 19:00:00,notification,70.06,73.3,806.9,5749,6.62,1
2026-06-10 19:00:00,order,68.3,72.51,686.97,5232,8.97,0
2026-06-10 19:00:00,payment,65.16,62.48,578.38,6109,6.72,1
2026-06-10 19:03:00,order,65.39,74.16,654.55,5407,8.77,1
2026-06-10 19:03:00,payment,61.52,70.4,614.97,5497,5.49,0
2026-06-10 19:03:00,notification,66.83,68.68,605.12,5496,6.04,0
2026-06-10 19:06:00,notification,73.53,68.33,722.83,5227,4.69,1
2026-06-10 19:06:00,payment,66.59,68.96,620.42,4611,6.27,0
2026-06-10 19:06:00,order,74.89,72.98,869.87,5775,7.12,1
2026-06-10 19:09:00,order,69.85,68.7,737.49,5426,8.14,1
2026-06-10 19:09:00,payment,55.26,56.67,348.39,3916,4.24,0
2026-06-10 19:09:00,notification,61.28,59.89,650.69,4923,5.41,0
2026-06-10 19:12:00,notification,64.15,63.57,540.7,4536,6.52,1
2026-06-10 19:12:00,order,80.54,73.16,871.92,5305,10.23,1
2026-06-10 19:12:00,payment,53.72,57.58,554.15,3787,4.82,0
2026-06-10 19:15:00,order,71.1,81.84,835.57,5850,7.8,1
2026-06-10 19:15:00,notification,48.94,68.54,607.71,5250,5.77,0
2026-06-10 19:15:00,payment,59.95,63.03,588.66,4713,7.59,1
2026-06-10 19:18:00,notification,60.78,63.65,532.6,4680,4.97,1
2026-06-10 19:18:00,order,68.48,68.62,805.55,4715,8.63,1
2026-06-10 19:18:00,payment,51.92,63.33,594.56,5106,7.14,1
2026-06-10 19:21:00,payment,62.17,71.46,379.14,5498,6.76,1
2026-06-10 19:21:00,notification,49.65,55.21,536.78,4806,4.62,0
2026-06-10 19:21:00,order,66.63,61.44,612.66,4926,6.11,1
2026-06-10 19:24:00,payment,50.09,66.8,528.28,3979,6.3,1
2026-06-10 19:24:00,notification,56.39,62.07,428.47,4622,2.45,1
2026-06-10 19:24:00,order,58.29,76.63,634.44,4831,6.27,1
2026-06-10 19:27:00,payment,50.75,60.88,406.85,3945,3.48,1
2026-06-10 19:27:00,order,54.15,57.74,600.91,5158,5.24,0
2026-06-10 19:27:00,notification,54.84,63.47,557.15,4678,4.9,1
2026-06-10 19:30:00,payment,46.25,65.49,586.36,4583,4.45,1
2026-06-10 19:30:00,notification,56.68,60.03,392.86,4888,5.35,1
2026-06-10 19:30:00,order,57.73,58.63,650.89,5044,4.6,0
2026-06-10 19:33:00,order,58.97,67.39,564.72,5717,9.32,1
2026-06-10 19:33:00,notification,53.02,70.19,435.37,4625,5.58,1
2026-06-10 19:33:00,payment,58.2,52.98,604.74,5842,3.46,1
2026-06-10 19:36:00,payment,67.08,58.59,518.82,4884,3.2,0
2026-06-10 19:36:00,order,75.09,68.15,691.24,5243,5.9,0
2026-06-10 19:36:00,notification,55.77,65.86,637.94,4344,4.33,1
2026-06-10 19:39:00,payment,59.49,65.45,493.97,4977,4.55,1
2026-06-10 19:39:00,order,69.23,64.7,538.96,3933,6.79,1
2026-06-10 19:39:00,notification,63.65,67.09,535.97,4342,7.22,1
2026-06-10 19:42:00,order,58.2,68.38,560.33,5244,3.71,1
2026-06-10 19:42:00,notification,58.07,62.57,521.16,4571,5.05,0
2026-06-10 19:42:00,payment,61.2,67.17,583.26,4031,4.67,1
2026-06-10 19:45:00,notification,52.61,55.65,422.65,4610,4.68,1
2026-06-10 19:45:00,order,56.01,61.8,465.06,5027,4.35,1
2026-06-10 19:45:00,payment,69.8,61.19,438.48,3494,2.75,1
2026-06-10 19:48:00,notification,56.8,69.57,504.95,4782,4.15,1
2026-06-10 19:48:00,order,48.59,64.35,504.25,4255,7.06,0
2026-06-10 19:48:00,payment,62.45,71.16,670.08,4825,5.51,1
2026-06-10 19:51:00,payment,57.11,69.62,623.14,4950,5.95,0
2026-06-10 19:51:00,order,52.92,60.04,667.26,4938,4.94,1
2026-06-10 19:51:00,notification,49.5,54.2,328.88,4615,4.73,0
2026-06-10 19:54:00,notification,58.64,57.97,417.98,5117,2.83,1
2026-06-10 19:54:00,payment,56.15,61.33,589.25,4691,4.16,0
2026-06-10 19:54:00,order,57.06,66.15,578.94,5552,7.22,1
2026-06-10 19:57:00,payment,60.06,63.19,534.97,4661,7.4,1
2026-06-10 19:57:00,order,60.82,69.48,597.82,4283,7.59,1
2026-06-10 19:57:00,notification,52.5,57.5,394.46,4019,3.94,0
2026-06-10 20:00:00,notification,67.7,51.92,317.42,4430,3.82,0
2026-06-10 20:00:00,order,57.67,69.3,609.34,4455,4.97,1
2026-06-10 20:00:00,payment,56.01,65.73,640.58,4488,3.9,0
2026-06-10 20:03:00,payment,48.7,54.87,411.9,3559,4.61,0
2026-06-10 20:03:00,notification,57.89,61.92,375.0,4285,2.57,0
2026-06-10 20:03:00,order,65.25,62.71,611.0,5575,8.48,1
2026-06-10 20:06:00,notification,59.08,64.11,422.13,4008,5.77,1
2026-06-10 20:06:00,payment,56.12,63.22,425.94,4308,0.14,1
2026-06-10 20:06:00,order,70.32,62.42,754.06,5309,8.39,1
2026-06-10 20:09:00,notification,52.59,56.28,460.98,4391,3.48,1
2026-06-10 20:09:00,order,61.03,72.84,796.8,5944,5.85,1
2026-06-10 20:09:00,payment,57.0,50.56,362.3,3467,2.82,0
2026-06-10 20:12:00,notification,58.79,58.5,483.95,4422,2.7,1
2026-06-10 20:12:00,payment,40.7,57.46,343.66,3682,1.5,0
2026-06-10 20:12:00,order,69.92,62.3,532.55,5289,6.16,0
2026-06-10 20:15:00,notification,62.23,56.42,477.6,4370,3.33,0
2026-06-10 20:15:00,order,64.52,60.99,610.33,5369,7.23,1
2026-06-10 20:15:00,payment,46.99,60.67,408.2,3919,2.45,1
2026-06-10 20:18:00,payment,52.52,58.3,532.02,4584,6.28,0
2026-06-10 20:18:00,notification,49.98,63.23,314.38,3451,3.49,0
2026-06-10 20:18:00,order,66.83,55.86,627.54,5402,5.98,1
2026-06-10 20:21:00,order,57.99,71.42,504.9,4514,5.86,1
2026-06-10 20:21:00,payment,57.99,56.41,486.23,3863,3.45,1
2026-06-10 20:21:00,notification,47.13,57.05,319.79,3726,4.63,0
2026-06-10 20:24:00,order,63.22,65.17,504.83,4643,6.15,1
2026-06-10 20:24:00,notification,58.9,63.91,402.89,3835,2.26,0
2026-06-10 20:24:00,payment,58.56,56.44,376.7,4304,1.86,1
2026-06-10 20:27:00,order,61.78,65.78,529.58,5451,3.32,1
2026-06-10 20:27:00,notification,62.55,53.96,294.38,3761,3.51,0
2026-06-10 20:27:00,payment,69.19,61.97,283.22,3819,4.09,0
2026-06-10 20:30:00,order,64.93,62.75,582.07,4216,4.14,1
2026-06-10 20:30:00,notification,43.61,60.29,389.95,3563,2.79,0
2026-06-10 20:30:00,payment,49.56,54.88,430.32,3919,2.92,0
2026-06-10 20:33:00,payment,49.75,51.94,293.2,4630,3.5,0
2026-06-10 20:33:00,notification,52.63,52.17,504.74,3996,1.34,1
2026-06-10 20:33:00,order,55.83,58.07,321.61,4341,2.83,0
2026-06-10 20:36:00,order,52.91,53.4,278.88,3380,3.3,0
2026-06-10 20:36:00,notification,55.26,57.04,458.71,4111,5.02,1
2026-06-10 20:36:00,payment,55.32,62.65,372.26,3535,2.11,0
2026-06-10 20:39:00,order,46.34,54.62,475.2,3338,2.06,0
2026-06-10 20:39:00,notification,53.47,70.29,395.44,4418,2.95,0
2026-06-10 20:39:00,payment,53.87,64.12,501.88,4876,3.85,1
2026-06-10 20:42:00,notification,51.49,58.99,313.0,3963,4.06,1
2026-06-10 20:42:00,order,51.05,45.32,282.36,2643,4.05,0
2026-06-10 20:42:00,payment,50.69,61.72,280.13,4298,2.21,0
2026-06-10 20:45:00,notification,45.9,55.35,451.21,3700,3.9,0
2026-06-10 20:45:00,order,39.61,44.24,185.34,3624,1.59,0
2026-06-10 20:45:00,payment,48.38,59.92,374.52,3948,3.96,1
2026-06-10 20:48:00,notification,59.06,49.12,398.09,3905,3.1,0
2026-06-10 20:48:00,order,46.11,66.23,313.08,4170,1.39,0
2026-06-10 20:48:00,payment,35.56,67.38,489.59,3822,2.82,0
2026-06-10 20:51:00,payment,50.35,60.63,309.44,4538,1.46,0
2026-06-10 20:51:00,notification,52.52,58.29,296.13,4069,3.79,0
2026-06-10 20:51:00,order,51.06,55.04,358.9,3825,4.18,0
2026-06-10 20:54:00,notification,53.02,54.57,305.17,3704,4.17,0
2026-06-10 20:54:00,payment,51.43,53.9,431.2,3997,3.58,0
2026-06-10 20:54:00,order,45.74,55.44,474.65,4085,4.17,1
2026-06-10 20:57:00,payment,62.39,61.77,574.7,4325,4.06,0
2026-06-10 20:57:00,order,46.54,53.14,459.69,3462,3.78,0
2026-06-10 20:57:00,notification,51.44,62.29,298.17,3688,1.49,0
2026-06-10 21:00:00,order,47.81,63.46,435.92,4058,3.33,0
2026-06-10 21:00:00,notification,49.94,51.57,320.25,4443,4.16,0
2026-06-10 21:00:00,payment,54.44,56.33,477.23,4071,4.56,0
2026-06-10 21:03:00,notification,51.19,64.19,459.83,3740,4.65,0
2026-06-10 21:03:00,order,50.49,54.6,346.25,3577,2.04,0
2026-06-10 21:03:00,payment,45.98,56.08,367.22,4169,3.06,0
2026-06-10 21:06:00,payment,51.59,50.98,412.26,4454,3.45,0
2026-06-10 21:06:00,order,42.15,45.23,145.83,2603,2.14,0
2026-06-10 21:06:00,notification,60.4,53.75,314.74,3395,2.71,1
2026-06-10 21:09:00,order,49.73,48.75,194.15,3220,1.03,1
2026-06-10 21:09:00,notification,46.26,52.03,304.14,4412,5.2,1
2026-06-10 21:09:00,payment,40.28,56.34,420.28,3924,3.97,0
2026-06-10 21:12:00,payment,45.34,60.32,472.95,3168,2.2,0
2026-06-10 21:12:00,order,57.65,53.87,194.54,3031,4.25,0
2026-06-10 21:12:00,notification,45.71,54.68,375.22,3061,2.67,0
2026-06-10 21:15:00,payment,55.93,56.85,449.76,4164,4.35,1
2026-06-10 21:15:00,notification,37.2,62.83,283.31,4120,5.08,0
2026-06-10 21:15:00,order,51.4,53.26,393.17,3517,3.07,0
2026-06-10 21:18:00,payment,51.35,52.28,225.41,3604,3.48,0
2026-06-10 21:18:00,notification,56.67,62.18,413.01,3673,5.47,0
2026-06-10 21:18:00,order,46.66,59.23,352.95,3977,2.45,1
2026-06-10 21:21:00,notification,60.33,61.19,483.76,3887,6.25,0
2026-06-10 21:21:00,payment,60.26,51.77,381.06,4536,2.63,0
2026-06-10 21:21:00,order,52.97,66.65,356.39,4420,2.5,1
2026-06-10 21:24:00,payment,39.35,66.92,353.42,3854,1.73,0
2026-06-10 21:24:00,order,47.66,55.84,488.36,4629,2.08,0
2026-06-10 21:24:00,notification,44.95,57.32,359.1,3899,5.07,0
2026-06-10 21:27:00,order,52.18,56.13,418.32,3918,4.27,0
2026-06-10 21:27:00,notification,48.45,64.83,313.37,3507,4.86,0
2026-06-10 21:27:00,payment,47.12,55.8,248.55,3953,2.39,0
2026-06-10 21:30:00,order,68.78,54.63,484.99,4350,2.84,1
2026-06-10 21:30:00,notification,51.92,62.78,479.04,5009,4.22,0
2026-06-10 21:30:00,payment,41.69,46.65,30.0,2763,1.12,0
2026-06-10 21:33:00,order,49.54,55.26,395.31,4034,2.82,0
2026-06-10 21:33:00,payment,53.63,55.91,254.22,3290,3.28,0
2026-06-10 21:33:00,notification,54.64,51.25,279.88,4941,7.08,1
2026-06-10 21:36:00,notification,53.31,59.19,457.36,3173,1.51,0
2026-06-10 21:36:00,order,48.42,42.71,327.41,3585,5.19,1
2026-06-10 21:36:00,payment,53.17,65.6,319.29,3501,2.28,0
2026-06-10 21:39:00,notification,48.32,55.29,330.65,4197,4.68,0
2026-06-10 21:39:00,order,45.01,57.48,203.57,3317,0.0,0
2026-06-10 21:39:00,payment,54.68,59.19,319.71,3226,3.35,0
2026-06-10 21:42:00,notification,49.65,54.47,321.86,3204,2.57,0
2026-06-10 21:42:00,payment,56.47,39.1,226.44,3875,1.22,0
2026-06-10 21:42:00,order,46.37,47.72,372.5,4091,2.44,0
2026-06-10 21:45:00,notification,40.78,61.02,351.51,4844,1.05,0
2026-06-10 21:45:00,payment,50.28,70.75,387.01,3348,3.35,0
2026-06-10 21:45:00,order,50.26,49.13,317.19,3171,0.63,0
2026-06-10 21:48:00,payment,58.74,46.76,370.03,4248,4.55,0
2026-06-10 21:48:00,notification,52.19,53.75,422.77,3936,4.13,0
2026-06-10 21:48:00,order,42.03,55.51,304.55,3206,2.09,0
2026-06-10 21:51:00,order,46.22,59.92,327.33,3542,2.07,0
2026-06-10 21:51:00,payment,44.98,55.41,331.24,4034,2.91,0
2026-06-10 21:51:00,notification,55.05,52.16,342.71,3419,2.58,0
2026-06-10 21:54:00,order,38.14,47.97,348.18,3175,0.51,1
2026-06-10 21:54:00,notification,50.68,54.51,385.38,3936,3.61,0
2026-06-10 21:54:00,payment,46.96,52.63,486.77,4021,2.95,1
2026-06-10 21:57:00,notification,36.52,56.19,379.0,3224,4.88,0
2026-06-10 21:57:00,payment,55.02,52.11,348.57,3923,1.88,0
2026-06-10 21:57:00,order,56.89,52.44,287.13,4210,2.81,0
2026-06-10 22:00:00,order,52.3,53.78,227.46,3123,3.85,0
2026-06-10 22:00:00,notification,56.93,51.72,427.05,3092,1.29,1
2026-06-10 22:00:00,payment,40.11,56.08,267.41,3765,2.6,0
2026-06-10 22:03:00,notification,56.2,48.77,250.86,3352,4.3,0
2026-06-10 22:03:00,order,41.13,48.42,220.17,3655,2.38,0
2026-06-10 22:03:00,payment,53.29,44.9,265.25,3554,4.46,0
2026-06-10 22:06:00,payment,58.01,61.2,482.25,4647,3.08,1
2026-06-10 22:06:00,order,28.56,46.06,97.49,2780,2.12,0
2026-06-10 22:06:00,notification,52.04,53.18,235.59,3617,3.45,0
2026-06-10 22:09:00,payment,63.59,67.18,555.87,4793,4.59,0
2026-06-10 22:09:00,order,46.45,41.93,219.23,2441,3.56,0
2026-06-10 22:09:00,notification,58.45,55.23,316.74,3173,4.52,1
2026-06-10 22:12:00,payment,59.97,59.91,520.35,4464,3.6,1
2026-06-10 22:12:00,order,43.97,47.87,275.19,3317,2.46,0
2026-06-10 22:12:00,notification,51.26,62.21,318.46,3198,0.35,0
2026-06-10 22:15:00,order,56.15,55.35,322.27,2653,0.0,0
2026-06-10 22:15:00,notification,57.98,48.45,306.75,4946,4.41,1
2026-06-10 22:15:00,payment,62.3,58.55,650.3,5157,5.73,1
2026-06-10 22:18:00,order,57.0,58.27,261.43,4509,2.72,0
2026-06-10 22:18:00,payment,64.21,64.13,597.97,3881,6.26,0
2026-06-10 22:18:00,notification,59.06,70.31,545.4,5074,7.79,0
2026-06-10 22:21:00,order,50.58,50.43,300.35,3036,0.0,0
2026-06-10 22:21:00,payment,52.95,59.56,603.22,3705,2.68,1
2026-06-10 22:21:00,notification,64.09,52.99,575.21,3778,7.79,1
2026-06-10 22:24:00,payment,54.41,59.73,549.52,4888,4.57,0
2026-06-10 22:24:00,order,42.74,46.86,266.49,2891,1.14,0
2026-06-10 22:24:00,notification,48.15,64.69,574.41,4978,4.25,1
2026-06-10 22:27:00,order,42.44,49.26,236.05,2183,0.0,0
2026-06-10 22:27:00,payment,56.29,52.36,362.62,3934,3.97,0
2026-06-10 22:27:00,notification,61.2,60.17,611.17,5183,5.95,1
2026-06-10 22:30:00,payment,56.89,63.96,530.97,4149,4.78,1
2026-06-10 22:30:00,order,49.57,46.17,203.49,3152,2.67,0
2026-06-10 22:30:00,notification,67.8,57.94,719.99,5049,9.71,1
2026-06-10 22:33:00,payment,54.04,63.84,519.06,4407,4.85,1
2026-06-10 22:33:00,order,53.91,55.9,309.29,4182,2.13,0
2026-06-10 22:33:00,notification,67.23,69.03,581.09,4954,2.58,1
2026-06-10 22:36:00,order,50.67,57.5,545.71,3818,4.37,1
2026-06-10 22:36:00,notification,57.16,62.86,444.92,4117,5.38,0
2026-06-10 22:36:00,payment,48.06,48.84,285.46,3417,1.33,0
2026-06-10 22:39:00,notification,59.85,57.82,324.17,4422,3.81,0
2026-06-10 22:39:00,order,49.37,59.54,559.26,4720,5.7,1
2026-06-10 22:39:00,payment,57.38,48.9,226.54,3100,2.7,0
2026-06-10 22:42:00,notification,50.73,56.82,343.5,3839,2.3,1
2026-06-10 22:42:00,payment,47.1,55.86,363.14,3049,2.03,0
2026-06-10 22:42:00,order,66.35,58.72,450.65,4319,2.82,1
2026-06-10 22:45:00,order,58.51,65.1,545.2,4205,5.3,1
2026-06-10 22:45:00,notification,51.43,49.42,239.39,3518,1.9,0
2026-06-10 22:45:00,payment,46.24,49.78,322.32,2844,3.47,0
2026-06-10 22:48:00,notification,50.07,49.41,246.18,3416,5.1,0
2026-06-10 22:48:00,payment,40.71,57.09,262.79,4129,0.25,0
2026-06-10 22:48:00,order,58.98,55.64,516.46,4346,1.29,0
2026-06-10 22:51:00,notification,34.74,50.91,258.8,3892,3.69,0
2026-06-10 22:51:00,order,46.19,61.3,334.2,3467,1.31,0
2026-06-10 22:51:00,payment,48.22,61.43,323.04,3397,2.14,1
2026-06-10 22:54:00,notification,57.63,55.14,397.42,4190,3.38,0
2026-06-10 22:54:00,payment,49.1,50.99,215.32,3597,2.0,0
2026-06-10 22:54:00,order,58.08,60.91,308.79,4031,4.3,0
2026-06-10 22:57:00,payment,50.56,45.55,168.45,3077,3.56,0
2026-06-10 22:57:00,notification,50.7,54.2,314.76,3432,1.93,0
2026-06-10 22:57:00,order,56.83,66.88,309.65,3035,1.88,1
2026-06-10 23:00:00,order,49.01,55.72,321.01,3850,1.89,0
2026-06-10 23:00:00,payment,46.77,54.06,247.32,3455,2.15,0
2026-06-10 23:00:00,notification,57.48,67.14,407.94,5035,5.51,1
2026-06-10 23:03:00,order,50.31,61.95,248.98,3310,1.62,0
2026-06-10 23:03:00,notification,56.7,59.36,283.51,3559,2.8,0
2026-06-10 23:03:00,payment,51.35,50.79,337.43,3208,2.18,0
2026-06-10 23:06:00,order,52.1,60.6,302.99,3789,0.81,0
2026-06-10 23:06:00,notification,44.64,55.0,392.01,3151,1.35,0
2026-06-10 23:06:00,payment,53.65,54.01,394.4,3669,3.1,0
2026-06-10 23:09:00,notification,43.2,44.43,177.95,2204,1.35,0
2026-06-10 23:09:00,order,51.78,57.34,388.62,4015,1.83,0
2026-06-10 23:09:00,payment,53.63,55.18,338.66,3439,3.7,0
2026-06-10 23:12:00,order,55.83,51.4,363.26,4025,3.37,0
2026-06-10 23:12:00,payment,53.91,57.15,315.67,3337,1.93,0
2026-06-10 23:12:00,notification,39.59,48.35,236.27,2462,1.64,1
2026-06-10 23:15:00,payment,57.66,54.07,339.42,3049,0.76,0
2026-06-10 23:15:00,notification,45.84,37.34,219.81,2834,1.46,0
2026-06-10 23:15:00,order,53.67,61.05,257.61,4677,2.66,0
2026-06-10 23:18:00,payment,43.19,50.18,245.27,3413,0.0,1
2026-06-10 23:18:00,notification,30.09,45.88,225.49,3003,3.76,0
2026-06-10 23:18:00,order,48.0,55.79,295.41,3432,3.89,0
2026-06-10 23:21:00,payment,33.42,58.41,135.01,3440,2.11,0
2026-06-10 23:21:00,notification,47.68,43.74,235.61,2716,2.68,0
2026-06-10 23:21:00,order,38.1,60.19,285.53,2627,1.13,0
2026-06-10 23:24:00,order,45.19,55.15,263.26,4068,1.89,0
2026-06-10 23:24:00,payment,46.42,54.98,160.47,3579,1.73,0
2026-06-10 23:24:00,notification,47.65,47.82,207.4,3679,1.3,0
2026-06-10 23:27:00,order,48.86,55.89,140.2,3242,1.09,0
2026-06-10 23:27:00,payment,53.12,58.23,270.63,3340,2.17,0
2026-06-10 23:27:00,notification,32.77,45.88,188.53,2483,2.24,0
2026-06-10 23:30:00,order,48.63,47.92,307.05,3181,2.91,0
2026-06-10 23:30:00,payment,59.3,55.94,417.28,3424,2.07,0
2026-06-10 23:30:00,notification,32.63,42.16,184.23,2103,0.53,0
2026-06-10 23:33:00,order,47.59,47.91,166.69,3491,0.0,0
2026-06-10 23:33:00,payment,52.79,46.21,317.17,2981,2.08,0
2026-06-10 23:33:00,notification,39.57,40.59,39.59,1845,0.35,0
2026-06-10 23:36:00,notification,28.18,42.53,114.09,2163,0.65,0
2026-06-10 23:36:00,order,45.5,34.76,173.49,1778,1.4,0
2026-06-10 23:36:00,payment,49.1,50.38,92.54,2306,1.12,0
2026-06-10 23:39:00,payment,44.61,48.39,198.4,2728,1.83,0
2026-06-10 23:39:00,notification,45.87,50.91,151.55,2807,0.3,0
2026-06-10 23:39:00,order,44.15,49.64,246.66,2586,1.62,0
2026-06-10 23:42:00,notification,30.18,39.18,178.69,2408,2.12,0
2026-06-10 23:42:00,payment,43.03,45.44,180.64,2433,0.02,0
2026-06-10 23:42:00,order,37.98,50.35,144.4,1853,0.0,0
2026-06-10 23:45:00,payment,37.22,50.38,249.78,2656,0.0,0
2026-06-10 23:45:00,order,40.04,52.17,48.26,2365,0.8,0
2026-06-10 23:45:00,notification,37.14,35.29,82.11,1920,1.75,0
2026-06-10 23:48:00,order,33.81,42.83,261.01,1759,1.32,0
2026-06-10 23:48:00,notification,30.01,42.7,127.06,2247,0.0,0
2026-06-10 23:48:00,payment,45.39,45.09,197.74,3055,0.52,0
2026-06-10 23:51:00,order,41.26,34.87,30.0,2283,0.0,0
2026-06-10 23:51:00,notification,44.9,48.27,227.9,2318,3.22,0
2026-06-10 23:51:00,payment,41.73,56.48,336.13,1785,0.24,0
2026-06-10 23:54:00,notification,38.37,44.46,53.18,2083,1.47,0
2026-06-10 23:54:00,payment,48.87,56.77,291.64,3432,0.63,0
2026-06-10 23:54:00,order,46.28,42.83,146.53,2455,0.11,0
2026-06-10 23:57:00,order,46.01,46.33,259.75,2589,0.0,0
2026-06-10 23:57:00,payment,46.73,53.25,285.95,2965,3.98,0
2026-06-10 23:57:00,notification,36.47,51.73,200.24,1230,0.0,0
